Date,Start_Hour,End_Hour,Production,Source,Day_of_Year,Day_Name,Month_Name,Season
12/18/2022,21,22,11400,Wind,352,Sunday,December,Winter
1/29/2024,14,15,7917,Wind,29,Monday,January,Winter
8/1/2024,15,16,8835,Solar,214,Thursday,August,Summer
11/10/2020,1,2,989,Wind,315,Tuesday,November,Fall
12/19/2022,1,2,12526,Wind,353,Monday,December,Winter
10/18/2024,13,14,4855,Solar,292,Friday,October,Fall
4/10/2020,17,18,3692,Solar,101,Friday,April,Spring
1/25/2023,0,1,2156,Wind,25,Wednesday,January,Winter
12/12/2021,12,13,5813,Wind,346,Sunday,December,Winter
10/11/2020,13,14,6106,Wind,285,Sunday,October,Fall
1/8/2024,23,0,5515,Wind,8,Monday,January,Winter
1/8/2020,18,19,2785,Wind,8,Wednesday,January,Winter
1/29/2022,20,21,8498,Wind,29,Saturday,January,Winter
6/2/2021,15,16,5561,Solar,153,Wednesday,June,Summer
6/11/2024,7,8,2328,Wind,163,Tuesday,June,Summer
6/5/2020,21,22,6664,Wind,157,Friday,June,Summer
5/2/2021,13,14,4993,Solar,122,Sunday,May,Spring
1/13/2022,0,1,3276,Wind,13,Thursday,January,Winter
7/24/2020,3,4,1739,Wind,206,Friday,July,Summer
8/29/2024,5,6,2083,Wind,242,Thursday,August,Summer
1/3/2024,0,1,17272,Wind,3,Wednesday,January,Winter
4/2/2024,2,3,12285,Wind,93,Tuesday,April,Spring
7/29/2020,16,17,3480,Solar,211,Wednesday,July,Summer
11/5/2024,6,7,1690,Wind,310,Tuesday,November,Fall
10/24/2022,8,9,11508,Wind,297,Monday,October,Fall
2/27/2023,10,11,15692,Wind,58,Monday,February,Winter
4/2/2020,15,16,4169,Solar,93,Thursday,April,Spring
5/13/2020,3,4,3174,Wind,134,Wednesday,May,Spring
11/22/2023,14,15,7314,Wind,326,Wednesday,November,Fall
9/11/2021,11,12,4969,Solar,254,Saturday,September,Fall
4/7/2025,15,16,9862,Solar,97,Monday,April,Spring
7/27/2025,22,23,3862,Wind,208,Sunday,July,Summer
3/11/2021,13,14,16144,Wind,70,Thursday,March,Spring
4/30/2022,16,17,8188,Solar,120,Saturday,April,Spring
1/19/2023,23,0,1710,Wind,19,Thursday,January,Winter
9/11/2022,4,5,472,Wind,254,Sunday,September,Fall
9/25/2021,16,17,3402,Solar,268,Saturday,September,Fall
8/8/2020,12,13,3996,Solar,221,Saturday,August,Summer
6/8/2021,1,2,1148,Wind,159,Tuesday,June,Summer
6/10/2024,21,22,4062,Wind,162,Monday,June,Summer
6/18/2020,0,1,1443,Wind,170,Thursday,June,Summer
5/30/2023,17,18,13363,Wind,150,Tuesday,May,Spring
2/17/2022,1,2,15609,Wind,48,Thursday,February,Winter
5/11/2022,19,20,8878,Wind,131,Wednesday,May,Spring
5/7/2024,7,8,2974,Wind,128,Tuesday,May,Spring
11/22/2025,12,13,12324,Wind,326,Saturday,November,Fall
4/9/2021,21,22,5279,Wind,99,Friday,April,Spring
12/24/2021,11,12,3872,Wind,358,Friday,December,Winter
3/11/2023,12,13,6406,Wind,70,Saturday,March,Spring
8/13/2021,13,14,5323,Solar,225,Friday,August,Summer
2/1/2021,15,16,7166,Wind,32,Monday,February,Winter
9/11/2023,13,14,7117,Solar,254,Monday,September,Fall
7/1/2020,13,14,5874,Wind,183,Wednesday,July,Summer
3/10/2025,9,10,4807,Solar,69,Monday,March,Spring
6/23/2023,15,16,7976,Solar,174,Friday,June,Summer
2/9/2023,13,14,5168,Solar,40,Thursday,February,Winter
5/24/2020,0,1,4384,Wind,145,Sunday,May,Spring
7/26/2021,23,0,1465,Wind,207,Monday,July,Summer
9/28/2020,6,7,3962,Wind,272,Monday,September,Fall
8/25/2021,0,1,6786,Wind,237,Wednesday,August,Summer
12/16/2021,14,15,5553,Wind,350,Thursday,December,Winter
3/11/2022,22,23,10557,Wind,70,Friday,March,Spring
4/13/2020,17,18,10961,Wind,104,Monday,April,Spring
10/4/2022,23,0,2160,Wind,277,Tuesday,October,Fall
6/12/2025,1,2,8382,Wind,163,Thursday,June,Summer
8/18/2022,10,11,3688,Solar,230,Thursday,August,Summer
10/25/2025,18,19,8209,Wind,298,Saturday,October,Fall
10/24/2023,22,23,6448,Wind,297,Tuesday,October,Fall
10/13/2021,18,19,2194,Wind,286,Wednesday,October,Fall
7/19/2025,11,12,10173,Wind,200,Saturday,July,Summer
6/1/2021,5,6,5221,Wind,152,Tuesday,June,Summer
6/30/2022,22,23,2181,Wind,181,Thursday,June,Summer
1/4/2020,5,6,3143,Wind,4,Saturday,January,Winter
4/23/2020,3,4,2541,Wind,114,Thursday,April,Spring
9/19/2021,9,10,4133,Wind,262,Sunday,September,Fall
2/1/2021,5,6,5020,Wind,32,Monday,February,Winter
7/8/2022,8,9,3748,Wind,189,Friday,July,Summer
7/8/2025,13,14,13125,Solar,189,Tuesday,July,Summer
7/7/2021,14,15,5096,Solar,188,Wednesday,July,Summer
1/22/2020,15,16,4074,Wind,22,Wednesday,January,Winter
6/28/2025,17,18,7681,Solar,179,Saturday,June,Summer
2/25/2021,3,4,4820,Wind,56,Thursday,February,Winter
5/22/2021,17,18,10961,Wind,142,Saturday,May,Spring
2/16/2022,5,6,14822,Wind,47,Wednesday,February,Winter
6/22/2023,4,5,3376,Wind,173,Thursday,June,Summer
6/18/2022,22,23,8199,Wind,169,Saturday,June,Summer
6/8/2022,15,16,10512,Wind,159,Wednesday,June,Summer
12/1/2022,3,4,3869,Wind,335,Thursday,December,Winter
4/17/2023,16,17,10404,Wind,107,Monday,April,Spring
12/9/2020,9,10,3334,Wind,344,Wednesday,December,Winter
2/7/2023,18,19,5042,Wind,38,Tuesday,February,Winter
9/28/2020,20,21,4228,Wind,272,Monday,September,Fall
2/12/2023,15,16,5718,Solar,43,Sunday,February,Winter
11/23/2023,2,3,2948,Wind,327,Thursday,November,Fall
12/12/2024,19,20,3528,Wind,347,Thursday,December,Winter
5/11/2025,1,2,7504,Wind,131,Sunday,May,Spring
5/30/2024,19,20,8561,Wind,151,Thursday,May,Spring
7/29/2024,16,17,8215,Solar,211,Monday,July,Summer
8/27/2024,23,0,3000,Wind,240,Tuesday,August,Summer
11/13/2021,9,10,5084,Wind,317,Saturday,November,Fall
9/20/2021,19,20,3112,Wind,263,Monday,September,Fall
2/13/2023,12,13,6722,Solar,44,Monday,February,Winter
11/14/2020,2,3,4362,Wind,319,Saturday,November,Fall
1/29/2025,0,1,18199,Wind,29,Wednesday,January,Winter
3/2/2022,4,5,2961,Wind,61,Wednesday,March,Spring
6/6/2025,16,17,7448,Wind,157,Friday,June,Summer
7/15/2025,2,3,3144,Wind,196,Tuesday,July,Summer
5/15/2022,15,16,9252,Solar,135,Sunday,May,Spring
6/6/2024,16,17,7935,Solar,158,Thursday,June,Summer
12/1/2020,6,7,7577,Wind,336,Tuesday,December,Winter
2/1/2020,20,21,10073,Wind,32,Saturday,February,Winter
12/5/2022,7,8,723,Wind,339,Monday,December,Winter
11/2/2021,17,18,1723,Wind,306,Tuesday,November,Fall
3/30/2024,15,16,7864,Solar,90,Saturday,March,Spring
5/7/2020,14,15,4403,Solar,128,Thursday,May,Spring
7/22/2024,4,5,3323,Wind,204,Monday,July,Summer
1/23/2022,23,0,3658,Wind,23,Sunday,January,Winter
4/16/2024,8,9,14410,Wind,107,Tuesday,April,Spring
2/2/2021,17,18,9228,Wind,33,Tuesday,February,Winter
4/6/2025,12,13,8484,Solar,96,Sunday,April,Spring
10/24/2025,20,21,12993,Wind,297,Friday,October,Fall
9/12/2024,19,20,4668,Wind,256,Thursday,September,Fall
6/1/2021,20,21,3220,Wind,152,Tuesday,June,Summer
6/10/2022,4,5,2337,Wind,161,Friday,June,Summer
5/12/2024,4,5,3727,Wind,133,Sunday,May,Spring
11/1/2025,1,2,13837,Wind,305,Saturday,November,Fall
5/29/2022,9,10,7338,Solar,149,Sunday,May,Spring
8/30/2023,18,19,7641,Wind,242,Wednesday,August,Summer
4/29/2023,20,21,2453,Wind,119,Saturday,April,Spring
5/22/2022,15,16,5188,Solar,142,Sunday,May,Spring
8/12/2022,12,13,8910,Solar,224,Friday,August,Summer
8/31/2020,13,14,4731,Solar,244,Monday,August,Summer
9/17/2020,1,2,5365,Wind,261,Thursday,September,Fall
5/13/2023,10,11,7155,Solar,133,Saturday,May,Spring
10/16/2021,15,16,4121,Solar,289,Saturday,October,Fall
1/4/2022,8,9,6398,Wind,4,Tuesday,January,Winter
11/10/2024,22,23,2532,Wind,315,Sunday,November,Fall
4/25/2022,21,22,2493,Wind,115,Monday,April,Spring
5/14/2021,11,12,7152,Wind,134,Friday,May,Spring
10/14/2020,8,9,3082,Wind,288,Wednesday,October,Fall
9/29/2021,13,14,11398,Wind,272,Wednesday,September,Fall
2/2/2020,2,3,6412,Wind,33,Sunday,February,Winter
7/10/2021,19,20,3038,Wind,191,Saturday,July,Summer
6/9/2022,0,1,6305,Wind,160,Thursday,June,Summer
12/4/2021,2,3,8913,Wind,338,Saturday,December,Winter
8/5/2020,4,5,1018,Wind,218,Wednesday,August,Summer
1/22/2020,16,17,3930,Wind,22,Wednesday,January,Winter
2/21/2024,0,1,3618,Wind,52,Wednesday,February,Winter
1/1/2021,12,13,1994,Solar,1,Friday,January,Winter
7/20/2021,22,23,3054,Wind,201,Tuesday,July,Summer
7/9/2025,11,12,9719,Solar,190,Wednesday,July,Summer
12/8/2024,6,7,16946,Wind,343,Sunday,December,Winter
10/21/2024,20,21,4621,Wind,295,Monday,October,Fall
7/3/2025,13,14,9835,Solar,184,Thursday,July,Summer
6/3/2022,8,9,3026,Wind,154,Friday,June,Summer
6/15/2022,13,14,6208,Solar,166,Wednesday,June,Summer
3/18/2022,5,6,8159,Wind,77,Friday,March,Spring
3/9/2021,8,9,2948,Wind,68,Tuesday,March,Spring
2/17/2022,19,20,8507,Wind,48,Thursday,February,Winter
11/11/2021,5,6,982,Wind,315,Thursday,November,Fall
6/6/2020,1,2,5766,Wind,158,Saturday,June,Summer
10/24/2020,8,9,8585,Wind,298,Saturday,October,Fall
9/18/2023,9,10,8347,Wind,261,Monday,September,Fall
11/24/2025,7,8,8309,Wind,328,Monday,November,Fall
9/9/2021,1,2,2685,Wind,252,Thursday,September,Fall
9/25/2025,18,19,3302,Wind,268,Thursday,September,Fall
5/12/2021,17,18,4435,Wind,132,Wednesday,May,Spring
6/2/2022,9,10,4378,Solar,153,Thursday,June,Summer
1/14/2025,15,16,4353,Solar,14,Tuesday,January,Winter
3/22/2023,14,15,15456,Wind,81,Wednesday,March,Spring
7/7/2024,19,20,4892,Wind,189,Sunday,July,Summer
1/28/2021,4,5,9675,Wind,28,Thursday,January,Winter
2/12/2025,1,2,2685,Wind,43,Wednesday,February,Winter
8/25/2021,14,15,9454,Solar,237,Wednesday,August,Summer
7/17/2023,6,7,2269,Wind,198,Monday,July,Summer
6/25/2025,13,14,9397,Solar,176,Wednesday,June,Summer
3/3/2021,9,10,1845,Wind,62,Wednesday,March,Spring
6/22/2021,14,15,6749,Wind,173,Tuesday,June,Summer
3/19/2025,13,14,13786,Solar,78,Wednesday,March,Spring
5/31/2020,19,20,5250,Wind,152,Sunday,May,Spring
2/21/2020,16,17,7148,Wind,52,Friday,February,Winter
6/4/2023,8,9,4706,Wind,155,Sunday,June,Summer
3/3/2025,18,19,2282,Wind,62,Monday,March,Spring
8/17/2025,12,13,11455,Solar,229,Sunday,August,Summer
1/3/2020,21,22,4570,Wind,3,Friday,January,Winter
5/19/2023,18,19,8236,Wind,139,Friday,May,Spring
4/3/2021,5,6,7508,Wind,93,Saturday,April,Spring
7/16/2025,12,13,16160,Solar,197,Wednesday,July,Summer
6/8/2024,5,6,2141,Wind,160,Saturday,June,Summer
9/29/2022,15,16,3999,Solar,272,Thursday,September,Fall
9/19/2024,8,9,8855,Wind,263,Thursday,September,Fall
5/23/2021,20,21,6519,Wind,143,Sunday,May,Spring
11/19/2024,2,3,16568,Wind,324,Tuesday,November,Fall
11/2/2025,12,13,17124,Wind,306,Sunday,November,Fall
3/6/2020,19,20,4409,Wind,66,Friday,March,Spring
9/24/2025,14,15,10617,Wind,267,Wednesday,September,Fall
3/6/2021,0,1,6907,Wind,65,Saturday,March,Spring
1/8/2024,1,2,11458,Wind,8,Monday,January,Winter
1/29/2024,9,10,8026,Wind,29,Monday,January,Winter
6/8/2024,21,22,2990,Wind,160,Saturday,June,Summer
9/5/2020,2,3,2313,Wind,249,Saturday,September,Fall
8/29/2023,16,17,6026,Solar,241,Tuesday,August,Summer
3/31/2023,21,22,17308,Wind,90,Friday,March,Spring
8/2/2021,12,13,4915,Solar,214,Monday,August,Summer
11/12/2021,19,20,4622,Wind,316,Friday,November,Fall
4/7/2024,13,14,6534,Wind,98,Sunday,April,Spring
8/23/2022,20,21,692,Wind,235,Tuesday,August,Summer
3/31/2025,12,13,12441,Solar,90,Monday,March,Spring
12/12/2024,23,0,3205,Wind,347,Thursday,December,Winter
10/30/2023,14,15,6382,Wind,303,Monday,October,Fall
7/13/2025,23,0,2819,Wind,194,Sunday,July,Summer
3/10/2020,16,17,12787,Wind,70,Tuesday,March,Spring
1/9/2021,3,4,2353,Wind,9,Saturday,January,Winter
4/2/2021,2,3,7071,Wind,92,Friday,April,Spring
11/24/2022,21,22,10233,Wind,328,Thursday,November,Fall
8/4/2025,4,5,2819,Wind,216,Monday,August,Summer
9/24/2021,10,11,3708,Solar,267,Friday,September,Fall
11/14/2020,14,15,9092,Wind,319,Saturday,November,Fall
2/12/2025,11,12,3734,Solar,43,Wednesday,February,Winter
11/18/2024,17,18,7419,Wind,323,Monday,November,Fall
8/25/2025,11,12,7160,Solar,237,Monday,August,Summer
11/11/2025,13,14,13901,Wind,315,Tuesday,November,Fall
9/15/2021,9,10,2675,Wind,258,Wednesday,September,Fall
8/21/2022,7,8,794,Wind,233,Sunday,August,Summer
11/14/2025,3,4,10916,Wind,318,Friday,November,Fall
4/30/2022,10,11,6810,Solar,120,Saturday,April,Spring
10/9/2022,3,4,4965,Wind,282,Sunday,October,Fall
4/26/2024,0,1,2294,Wind,117,Friday,April,Spring
3/12/2022,15,16,9696,Wind,71,Saturday,March,Spring
2/21/2023,12,13,4252,Solar,52,Tuesday,February,Winter
3/29/2023,11,12,8491,Solar,88,Wednesday,March,Spring
4/27/2021,22,23,2003,Wind,117,Tuesday,April,Spring
2/17/2020,4,5,6453,Wind,48,Monday,February,Winter
1/19/2024,23,0,3521,Wind,19,Friday,January,Winter
3/31/2025,7,8,5090,Wind,90,Monday,March,Spring
11/2/2021,12,13,6192,Wind,306,Tuesday,November,Fall
11/11/2022,7,8,3461,Wind,315,Friday,November,Fall
10/26/2021,12,13,5605,Solar,299,Tuesday,October,Fall
9/22/2022,19,20,399,Wind,265,Thursday,September,Fall
5/11/2025,13,14,4563,Solar,131,Sunday,May,Spring
1/28/2022,1,2,2439,Wind,28,Friday,January,Winter
11/20/2022,10,11,9228,Wind,324,Sunday,November,Fall
7/12/2022,1,2,4082,Wind,193,Tuesday,July,Summer
11/24/2024,12,13,22929,Wind,329,Sunday,November,Fall
2/1/2020,4,5,9131,Wind,32,Saturday,February,Winter
11/6/2024,5,6,189,Wind,311,Wednesday,November,Fall
10/28/2021,9,10,6796,Wind,301,Thursday,October,Fall
10/22/2020,12,13,5144,Wind,296,Thursday,October,Fall
3/10/2022,0,1,6808,Wind,69,Thursday,March,Spring
11/3/2021,5,6,3819,Wind,307,Wednesday,November,Fall
12/8/2024,2,3,16670,Wind,343,Sunday,December,Winter
6/3/2020,5,6,631,Wind,155,Wednesday,June,Summer
6/27/2020,11,12,9506,Wind,179,Saturday,June,Summer
6/4/2021,3,4,1527,Wind,155,Friday,June,Summer
11/17/2020,22,23,2667,Wind,322,Tuesday,November,Fall
10/21/2021,8,9,11321,Wind,294,Thursday,October,Fall
8/19/2021,23,0,940,Wind,231,Thursday,August,Summer
6/4/2020,23,0,2918,Wind,156,Thursday,June,Summer
8/14/2023,11,12,7955,Solar,226,Monday,August,Summer
5/13/2024,3,4,2321,Wind,134,Monday,May,Spring
8/11/2024,16,17,5870,Solar,224,Sunday,August,Summer
5/4/2021,7,8,13322,Wind,124,Tuesday,May,Spring
4/26/2025,11,12,4018,Solar,116,Saturday,April,Spring
1/21/2020,18,19,3303,Wind,21,Tuesday,January,Winter
11/2/2021,19,20,2311,Wind,306,Tuesday,November,Fall
7/29/2023,1,2,3618,Wind,210,Saturday,July,Summer
5/21/2023,8,9,4686,Wind,141,Sunday,May,Spring
2/7/2025,18,19,9119,Wind,38,Friday,February,Winter
7/25/2022,11,12,10186,Wind,206,Monday,July,Summer
10/16/2024,16,17,11196,Wind,290,Wednesday,October,Fall
1/11/2022,18,19,2621,Wind,11,Tuesday,January,Winter
4/19/2024,2,3,6475,Wind,110,Friday,April,Spring
7/28/2024,23,0,6281,Wind,210,Sunday,July,Summer
4/5/2025,18,19,8043,Wind,95,Saturday,April,Spring
1/4/2022,20,21,9372,Wind,4,Tuesday,January,Winter
7/6/2023,4,5,1028,Wind,187,Thursday,July,Summer
3/22/2024,23,0,7326,Wind,82,Friday,March,Spring
1/16/2024,9,10,2207,Wind,16,Tuesday,January,Winter
5/8/2024,20,21,3372,Wind,129,Wednesday,May,Spring
1/26/2025,19,20,19633,Wind,26,Sunday,January,Winter
7/20/2020,7,8,3155,Wind,202,Monday,July,Summer
3/2/2024,1,2,11147,Wind,62,Saturday,March,Spring
5/17/2021,13,14,15419,Wind,137,Monday,May,Spring
9/22/2024,4,5,3577,Wind,266,Sunday,September,Fall
7/18/2021,3,4,5140,Wind,199,Sunday,July,Summer
3/20/2020,15,16,7700,Wind,80,Friday,March,Spring
4/14/2025,23,0,5469,Wind,104,Monday,April,Spring
2/19/2020,7,8,7659,Wind,50,Wednesday,February,Winter
11/21/2021,4,5,556,Wind,325,Sunday,November,Fall
10/25/2023,10,11,10951,Wind,298,Wednesday,October,Fall
7/16/2023,19,20,5612,Wind,197,Sunday,July,Summer
7/22/2020,12,13,3790,Solar,204,Wednesday,July,Summer
3/8/2024,1,2,10506,Wind,68,Friday,March,Spring
12/10/2020,14,15,3341,Wind,345,Thursday,December,Winter
6/19/2022,8,9,7096,Wind,170,Sunday,June,Summer
10/23/2024,20,21,5480,Wind,297,Wednesday,October,Fall
6/11/2024,23,0,2863,Wind,163,Tuesday,June,Summer
9/9/2021,5,6,1689,Wind,252,Thursday,September,Fall
6/11/2020,15,16,5051,Wind,163,Thursday,June,Summer
6/7/2024,4,5,1976,Wind,159,Friday,June,Summer
3/26/2024,23,0,8226,Wind,86,Tuesday,March,Spring
2/9/2022,9,10,4407,Wind,40,Wednesday,February,Winter
2/15/2025,20,21,5334,Wind,46,Saturday,February,Winter
4/28/2021,6,7,857,Wind,118,Wednesday,April,Spring
8/27/2020,11,12,4553,Solar,240,Thursday,August,Summer
10/1/2024,7,8,6398,Wind,275,Tuesday,October,Fall
5/21/2021,0,1,9704,Wind,141,Friday,May,Spring
12/5/2021,22,23,4707,Wind,339,Sunday,December,Winter
8/1/2022,14,15,6729,Solar,213,Monday,August,Summer
9/18/2022,23,0,4648,Wind,261,Sunday,September,Fall
1/14/2025,4,5,2738,Wind,14,Tuesday,January,Winter
1/4/2025,9,10,4819,Wind,4,Saturday,January,Winter
8/23/2020,20,21,3074,Wind,236,Sunday,August,Summer
12/11/2022,11,12,4059,Solar,345,Sunday,December,Winter
7/5/2024,2,3,3591,Wind,187,Friday,July,Summer
7/12/2021,10,11,3055,Wind,193,Monday,July,Summer
12/4/2022,18,19,1267,Wind,338,Sunday,December,Winter
9/29/2023,15,16,10069,Wind,272,Friday,September,Fall
10/6/2024,10,11,7982,Wind,280,Sunday,October,Fall
2/27/2023,20,21,11622,Wind,58,Monday,February,Winter
6/6/2021,7,8,2047,Wind,157,Sunday,June,Summer
4/6/2022,17,18,13616,Wind,96,Wednesday,April,Spring
1/29/2025,14,15,13601,Wind,29,Wednesday,January,Winter
10/30/2024,21,22,3374,Wind,304,Wednesday,October,Fall
6/14/2024,18,19,11508,Wind,166,Friday,June,Summer
2/5/2024,19,20,7217,Wind,36,Monday,February,Winter
11/16/2020,2,3,9712,Wind,321,Monday,November,Fall
11/3/2025,12,13,14275,Wind,307,Monday,November,Fall
5/28/2023,22,23,9225,Wind,148,Sunday,May,Spring
1/24/2020,22,23,628,Wind,24,Friday,January,Winter
2/4/2022,5,6,6025,Wind,35,Friday,February,Winter
1/2/2020,18,19,5346,Wind,2,Thursday,January,Winter
8/30/2022,0,1,5425,Wind,242,Tuesday,August,Summer
11/29/2025,0,1,5241,Wind,333,Saturday,November,Fall
5/14/2025,10,11,7025,Solar,134,Wednesday,May,Spring
12/25/2024,2,3,1698,Wind,360,Wednesday,December,Winter
9/16/2024,11,12,8063,Solar,260,Monday,September,Fall
6/13/2020,2,3,3116,Wind,165,Saturday,June,Summer
5/26/2025,10,11,10578,Solar,146,Monday,May,Spring
1/29/2022,9,10,8062,Wind,29,Saturday,January,Winter
8/29/2021,7,8,3373,Wind,241,Sunday,August,Summer
8/17/2023,4,5,2138,Wind,229,Thursday,August,Summer
11/1/2021,16,17,6650,Wind,305,Monday,November,Fall
4/27/2025,13,14,4171,Solar,117,Sunday,April,Spring
3/25/2020,20,21,7278,Wind,85,Wednesday,March,Spring
11/13/2025,13,14,10055,Wind,317,Thursday,November,Fall
10/29/2022,9,10,8680,Wind,302,Saturday,October,Fall
5/12/2025,3,4,2071,Wind,132,Monday,May,Spring
12/26/2021,18,19,2979,Wind,360,Sunday,December,Winter
11/27/2022,5,6,6949,Wind,331,Sunday,November,Fall
6/10/2025,19,20,4337,Wind,161,Tuesday,June,Summer
1/14/2020,11,12,13956,Wind,14,Tuesday,January,Winter
4/19/2025,14,15,4692,Wind,109,Saturday,April,Spring
10/16/2022,4,5,3203,Wind,289,Sunday,October,Fall
11/8/2025,12,13,5483,Solar,312,Saturday,November,Fall
6/3/2023,0,1,7045,Wind,154,Saturday,June,Summer
12/21/2022,4,5,5289,Wind,355,Wednesday,December,Winter
8/15/2022,6,7,2354,Wind,227,Monday,August,Summer
6/14/2025,21,22,2617,Wind,165,Saturday,June,Summer
11/11/2021,19,20,904,Wind,315,Thursday,November,Fall
4/2/2024,19,20,9355,Wind,93,Tuesday,April,Spring
12/3/2024,0,1,6322,Wind,338,Tuesday,December,Winter
8/18/2021,10,11,4153,Solar,230,Wednesday,August,Summer
2/18/2022,0,1,6361,Wind,49,Friday,February,Winter
6/15/2020,9,10,3227,Solar,167,Monday,June,Summer
6/6/2020,3,4,5774,Wind,158,Saturday,June,Summer
10/31/2022,6,7,3071,Wind,304,Monday,October,Fall
8/2/2023,18,19,18182,Wind,214,Wednesday,August,Summer
6/8/2023,6,7,4578,Wind,159,Thursday,June,Summer
4/21/2024,15,16,10808,Wind,112,Sunday,April,Spring
11/2/2025,9,10,11230,Wind,306,Sunday,November,Fall
1/11/2023,22,23,15390,Wind,11,Wednesday,January,Winter
3/19/2020,11,12,3951,Solar,79,Thursday,March,Spring
8/17/2025,8,9,6183,Wind,229,Sunday,August,Summer
8/7/2020,6,7,2021,Wind,220,Friday,August,Summer
11/22/2025,9,10,8243,Wind,326,Saturday,November,Fall
9/4/2025,5,6,6876,Wind,247,Thursday,September,Fall
7/22/2020,10,11,2606,Solar,204,Wednesday,July,Summer
4/26/2021,3,4,9366,Wind,116,Monday,April,Spring
8/19/2021,4,5,1485,Wind,231,Thursday,August,Summer
10/25/2022,14,15,5213,Solar,298,Tuesday,October,Fall
4/6/2020,9,10,6188,Wind,97,Monday,April,Spring
7/8/2023,15,16,8194,Solar,189,Saturday,July,Summer
5/10/2020,10,11,2276,Wind,131,Sunday,May,Spring
1/17/2020,1,2,9434,Wind,17,Friday,January,Winter
1/10/2024,9,10,2524,Wind,10,Wednesday,January,Winter
3/29/2022,14,15,4278,Solar,88,Tuesday,March,Spring
12/7/2022,14,15,3789,Solar,341,Wednesday,December,Winter
6/6/2024,1,2,1268,Wind,158,Thursday,June,Summer
1/30/2020,6,7,6684,Wind,30,Thursday,January,Winter
8/18/2020,9,10,1797,Solar,231,Tuesday,August,Summer
12/12/2024,7,8,3380,Wind,347,Thursday,December,Winter
4/4/2022,23,0,8520,Wind,94,Monday,April,Spring
10/13/2025,4,5,6073,Wind,286,Monday,October,Fall
6/18/2024,4,5,2793,Wind,170,Tuesday,June,Summer
5/10/2022,6,7,2478,Wind,130,Tuesday,May,Spring
4/26/2023,15,16,4624,Solar,116,Wednesday,April,Spring
6/16/2021,2,3,1499,Wind,167,Wednesday,June,Summer
9/3/2021,6,7,2094,Wind,246,Friday,September,Fall
4/7/2025,3,4,6184,Wind,97,Monday,April,Spring
7/21/2020,8,9,3014,Wind,203,Tuesday,July,Summer
5/12/2022,10,11,4025,Solar,132,Thursday,May,Spring
12/22/2022,11,12,13135,Wind,356,Thursday,December,Winter
10/8/2024,22,23,13096,Wind,282,Tuesday,October,Fall
6/13/2021,5,6,2592,Wind,164,Sunday,June,Summer
3/9/2021,22,23,2083,Wind,68,Tuesday,March,Spring
1/3/2022,17,18,8634,Wind,3,Monday,January,Winter
2/15/2025,21,22,5507,Wind,46,Saturday,February,Winter
12/3/2021,13,14,13277,Wind,337,Friday,December,Winter
5/7/2021,8,9,3061,Wind,127,Friday,May,Spring
6/27/2025,2,3,3511,Wind,178,Friday,June,Summer
2/1/2020,11,12,11252,Wind,32,Saturday,February,Winter
7/1/2020,20,21,4054,Wind,183,Wednesday,July,Summer
5/1/2023,20,21,3856,Wind,121,Monday,May,Spring
7/8/2025,18,19,8997,Solar,189,Tuesday,July,Summer
2/18/2021,20,21,6214,Wind,49,Thursday,February,Winter
11/28/2022,13,14,5047,Wind,332,Monday,November,Fall
7/1/2021,17,18,3901,Solar,182,Thursday,July,Summer
11/15/2023,20,21,4554,Wind,319,Wednesday,November,Fall
1/14/2021,10,11,8411,Wind,14,Thursday,January,Winter
5/27/2020,11,12,5832,Solar,148,Wednesday,May,Spring
4/16/2020,21,22,1491,Wind,107,Thursday,April,Spring
6/29/2020,16,17,10010,Wind,181,Monday,June,Summer
4/2/2024,6,7,13175,Wind,93,Tuesday,April,Spring
5/8/2022,1,2,4285,Wind,128,Sunday,May,Spring
12/29/2023,15,16,13922,Wind,363,Friday,December,Winter
3/15/2024,3,4,10445,Wind,75,Friday,March,Spring
6/7/2021,6,7,1268,Wind,158,Monday,June,Summer
3/31/2020,17,18,10262,Wind,91,Tuesday,March,Spring
9/13/2021,1,2,2586,Wind,256,Monday,September,Fall
1/16/2023,14,15,16385,Wind,16,Monday,January,Winter
2/1/2021,20,21,3405,Wind,32,Monday,February,Winter
9/13/2022,5,6,1654,Wind,256,Tuesday,September,Fall
7/29/2023,15,16,11966,Wind,210,Saturday,July,Summer
8/9/2020,16,17,3364,Solar,222,Sunday,August,Summer
9/23/2021,1,2,1404,Wind,266,Thursday,September,Fall
3/18/2021,9,10,4597,Wind,77,Thursday,March,Spring
1/13/2024,0,1,2503,Wind,13,Saturday,January,Winter
6/27/2023,6,7,2239,Wind,178,Tuesday,June,Summer
12/15/2023,0,1,2968,Wind,349,Friday,December,Winter
6/12/2023,19,20,3168,Wind,163,Monday,June,Summer
12/14/2020,6,7,8437,Wind,349,Monday,December,Winter
5/4/2023,13,14,11275,Solar,124,Thursday,May,Spring
1/6/2022,11,12,5010,Solar,6,Thursday,January,Winter
5/5/2023,6,7,2188,Wind,125,Friday,May,Spring
3/24/2021,19,20,2191,Wind,83,Wednesday,March,Spring
11/6/2020,5,6,6584,Wind,311,Friday,November,Fall
10/13/2025,0,1,7395,Wind,286,Monday,October,Fall
4/9/2025,22,23,11401,Wind,99,Wednesday,April,Spring
6/13/2022,3,4,3888,Wind,164,Monday,June,Summer
12/6/2020,0,1,3896,Wind,341,Sunday,December,Winter
12/26/2022,23,0,5200,Wind,360,Monday,December,Winter
7/7/2022,18,19,8067,Wind,188,Thursday,July,Summer
9/27/2021,16,17,10010,Wind,270,Monday,September,Fall
1/29/2024,18,19,7099,Wind,29,Monday,January,Winter
3/25/2024,21,22,8820,Wind,85,Monday,March,Spring
12/27/2022,9,10,4677,Wind,361,Tuesday,December,Winter
12/3/2021,18,19,11102,Wind,337,Friday,December,Winter
4/4/2023,15,16,10833,Solar,94,Tuesday,April,Spring
3/28/2024,7,8,15504,Wind,88,Thursday,March,Spring
12/23/2022,0,1,11216,Wind,357,Friday,December,Winter
4/27/2025,22,23,3364,Wind,117,Sunday,April,Spring
4/20/2020,0,1,5506,Wind,111,Monday,April,Spring
10/17/2022,12,13,6996,Wind,290,Monday,October,Fall
1/2/2025,0,1,12035,Wind,2,Thursday,January,Winter
7/24/2020,15,16,6901,Solar,206,Friday,July,Summer
11/21/2020,10,11,4830,Wind,326,Saturday,November,Fall
8/22/2022,19,20,2515,Wind,234,Monday,August,Summer
12/29/2022,4,5,11261,Wind,363,Thursday,December,Winter
11/11/2022,23,0,4623,Wind,315,Friday,November,Fall
7/15/2021,23,0,5085,Wind,196,Thursday,July,Summer
6/29/2020,18,19,8918,Wind,181,Monday,June,Summer
11/2/2020,17,18,8515,Wind,307,Monday,November,Fall
6/8/2022,14,15,10122,Wind,159,Wednesday,June,Summer
11/27/2020,1,2,1637,Wind,332,Friday,November,Fall
3/1/2022,18,19,1775,Wind,60,Tuesday,March,Spring
8/19/2025,16,17,6355,Solar,231,Tuesday,August,Summer
11/13/2022,22,23,2673,Wind,317,Sunday,November,Fall
11/6/2025,21,22,2696,Wind,310,Thursday,November,Fall
7/13/2022,12,13,6334,Solar,194,Wednesday,July,Summer
12/27/2021,9,10,8156,Wind,361,Monday,December,Winter
10/25/2021,20,21,3029,Wind,298,Monday,October,Fall
9/12/2023,4,5,705,Wind,255,Tuesday,September,Fall
4/2/2023,4,5,8890,Wind,92,Sunday,April,Spring
9/28/2021,2,3,2108,Wind,271,Tuesday,September,Fall
5/17/2024,14,15,7184,Solar,138,Friday,May,Spring
11/13/2025,1,2,12913,Wind,317,Thursday,November,Fall
10/13/2020,16,17,5579,Wind,287,Tuesday,October,Fall
2/17/2021,22,23,7964,Wind,48,Wednesday,February,Winter
10/9/2020,18,19,3322,Wind,283,Friday,October,Fall
2/19/2025,20,21,7629,Wind,50,Wednesday,February,Winter
11/16/2021,16,17,1087,Wind,320,Tuesday,November,Fall
12/30/2020,23,0,5476,Wind,365,Wednesday,December,Winter
7/14/2022,14,15,8923,Solar,195,Thursday,July,Summer
3/19/2023,13,14,7895,Wind,78,Sunday,March,Spring
7/24/2024,11,12,6845,Solar,206,Wednesday,July,Summer
10/31/2024,20,21,1073,Wind,305,Thursday,October,Fall
5/9/2023,19,20,7431,Wind,129,Tuesday,May,Spring
3/9/2021,6,7,2088,Wind,68,Tuesday,March,Spring
5/6/2024,20,21,3270,Wind,127,Monday,May,Spring
10/26/2022,17,18,3223,Wind,299,Wednesday,October,Fall
12/7/2021,12,13,11221,Wind,341,Tuesday,December,Winter
5/5/2024,23,0,2081,Wind,126,Sunday,May,Spring
4/23/2023,18,19,14741,Wind,113,Sunday,April,Spring
11/2/2022,19,20,7737,Wind,306,Wednesday,November,Fall
3/14/2021,15,16,13538,Wind,73,Sunday,March,Spring
11/29/2021,10,11,3702,Wind,333,Monday,November,Fall
6/14/2025,14,15,4546,Solar,165,Saturday,June,Summer
4/28/2024,9,10,7916,Wind,119,Sunday,April,Spring
5/13/2020,1,2,3264,Wind,134,Wednesday,May,Spring
6/4/2025,16,17,8625,Solar,155,Wednesday,June,Summer
6/23/2024,12,13,4144,Solar,175,Sunday,June,Summer
1/24/2024,10,11,15539,Wind,24,Wednesday,January,Winter
10/14/2021,4,5,1720,Wind,287,Thursday,October,Fall
10/8/2021,23,0,5380,Wind,281,Friday,October,Fall
3/17/2023,23,0,6418,Wind,76,Friday,March,Spring
8/28/2023,5,6,2801,Wind,240,Monday,August,Summer
9/7/2022,12,13,7186,Solar,250,Wednesday,September,Fall
12/23/2023,11,12,15819,Wind,357,Saturday,December,Winter
8/5/2023,10,11,11382,Wind,217,Saturday,August,Summer
5/28/2023,23,0,9894,Wind,148,Sunday,May,Spring
7/20/2022,1,2,3765,Wind,201,Wednesday,July,Summer
1/18/2023,2,3,4661,Wind,18,Wednesday,January,Winter
9/29/2024,2,3,1731,Wind,273,Sunday,September,Fall
2/23/2024,12,13,16403,Wind,54,Friday,February,Winter
10/4/2021,23,0,7024,Wind,277,Monday,October,Fall
10/20/2025,0,1,13425,Wind,293,Monday,October,Fall
3/24/2023,8,9,12405,Wind,83,Friday,March,Spring
7/23/2020,18,19,1954,Solar,205,Thursday,July,Summer
5/13/2020,23,0,7165,Wind,134,Wednesday,May,Spring
9/6/2022,23,0,2214,Wind,249,Tuesday,September,Fall
2/17/2021,7,8,7775,Wind,48,Wednesday,February,Winter
5/29/2021,12,13,6169,Solar,149,Saturday,May,Spring
7/25/2024,21,22,2257,Wind,207,Thursday,July,Summer
4/16/2022,20,21,6001,Wind,106,Saturday,April,Spring
7/28/2020,5,6,4107,Wind,210,Tuesday,July,Summer
5/31/2021,19,20,3587,Wind,151,Monday,May,Spring
6/27/2024,21,22,4170,Wind,179,Thursday,June,Summer
10/23/2021,22,23,3701,Wind,296,Saturday,October,Fall
11/22/2022,20,21,10307,Wind,326,Tuesday,November,Fall
3/26/2020,20,21,4960,Wind,86,Thursday,March,Spring
8/9/2020,7,8,963,Wind,222,Sunday,August,Summer
11/23/2025,22,23,6568,Wind,327,Sunday,November,Fall
6/17/2022,3,4,3147,Wind,168,Friday,June,Summer
9/6/2020,6,7,1309,Wind,250,Sunday,September,Fall
1/8/2023,12,13,13363,Wind,8,Sunday,January,Winter
5/27/2020,2,3,4422,Wind,148,Wednesday,May,Spring
12/29/2023,12,13,15941,Wind,363,Friday,December,Winter
1/6/2022,3,4,2846,Wind,6,Thursday,January,Winter
3/8/2025,0,1,10805,Wind,67,Saturday,March,Spring
6/25/2023,16,17,8815,Solar,176,Sunday,June,Summer
10/31/2023,12,13,11825,Wind,304,Tuesday,October,Fall
4/18/2021,7,8,2893,Wind,108,Sunday,April,Spring
5/5/2020,14,15,6849,Wind,126,Tuesday,May,Spring
5/3/2023,9,10,7624,Solar,123,Wednesday,May,Spring
9/3/2023,19,20,5905,Wind,246,Sunday,September,Fall
10/25/2024,21,22,1798,Wind,299,Friday,October,Fall
5/11/2022,6,7,3550,Wind,131,Wednesday,May,Spring
1/30/2025,14,15,8803,Wind,30,Thursday,January,Winter
4/29/2020,5,6,4808,Wind,120,Wednesday,April,Spring
4/3/2020,5,6,2053,Wind,94,Friday,April,Spring
5/14/2020,1,2,7248,Wind,135,Thursday,May,Spring
8/22/2020,9,10,7218,Wind,235,Saturday,August,Summer
4/24/2021,19,20,6192,Wind,114,Saturday,April,Spring
6/26/2025,17,18,14166,Wind,177,Thursday,June,Summer
10/7/2020,20,21,4044,Wind,281,Wednesday,October,Fall
2/11/2020,13,14,14541,Wind,42,Tuesday,February,Winter
10/21/2024,23,0,6386,Wind,295,Monday,October,Fall
8/7/2022,8,9,5411,Wind,219,Sunday,August,Summer
1/8/2021,7,8,1043,Wind,8,Friday,January,Winter
3/27/2020,12,13,5875,Solar,87,Friday,March,Spring
9/14/2022,13,14,6213,Solar,257,Wednesday,September,Fall
2/9/2021,17,18,5404,Wind,40,Tuesday,February,Winter
4/25/2021,5,6,8275,Wind,115,Sunday,April,Spring
12/20/2022,1,2,13886,Wind,354,Tuesday,December,Winter
3/15/2023,8,9,3420,Wind,74,Wednesday,March,Spring
1/9/2024,18,19,3646,Wind,9,Tuesday,January,Winter
6/5/2021,15,16,5731,Solar,156,Saturday,June,Summer
11/28/2024,22,23,4321,Wind,333,Thursday,November,Fall
4/28/2020,3,4,3006,Wind,119,Tuesday,April,Spring
10/8/2025,2,3,730,Wind,281,Wednesday,October,Fall
7/24/2025,12,13,8701,Solar,205,Thursday,July,Summer
5/18/2021,20,21,3351,Wind,138,Tuesday,May,Spring
4/7/2023,6,7,1998,Wind,97,Friday,April,Spring
2/28/2022,18,19,2179,Wind,59,Monday,February,Winter
11/3/2023,23,0,10599,Wind,307,Friday,November,Fall
4/28/2021,23,0,2245,Wind,118,Wednesday,April,Spring
10/22/2023,19,20,1963,Wind,295,Sunday,October,Fall
12/4/2023,16,17,14332,Wind,338,Monday,December,Winter
3/12/2023,10,11,11363,Wind,71,Sunday,March,Spring
6/10/2024,16,17,9028,Wind,162,Monday,June,Summer
12/7/2023,7,8,7243,Wind,341,Thursday,December,Winter
1/11/2020,13,14,6243,Wind,11,Saturday,January,Winter
6/20/2022,18,19,6057,Wind,171,Monday,June,Summer
12/9/2021,12,13,6822,Wind,343,Thursday,December,Winter
10/22/2021,4,5,2148,Wind,295,Friday,October,Fall
8/18/2023,12,13,7556,Solar,230,Friday,August,Summer
8/26/2020,15,16,10494,Wind,239,Wednesday,August,Summer
5/17/2023,1,2,7393,Wind,137,Wednesday,May,Spring
12/10/2024,14,15,9436,Wind,345,Tuesday,December,Winter
9/4/2023,16,17,10840,Wind,247,Monday,September,Fall
6/15/2023,21,22,2306,Wind,166,Thursday,June,Summer
1/12/2021,6,7,12614,Wind,12,Tuesday,January,Winter
4/23/2021,7,8,5325,Wind,113,Friday,April,Spring
5/28/2020,21,22,4838,Wind,149,Thursday,May,Spring
4/17/2023,0,1,3728,Wind,107,Monday,April,Spring
1/12/2020,6,7,7023,Wind,12,Sunday,January,Winter
11/29/2024,4,5,7114,Wind,334,Friday,November,Fall
4/28/2025,20,21,4319,Wind,118,Monday,April,Spring
6/10/2020,10,11,3435,Solar,162,Wednesday,June,Summer
2/15/2025,17,18,3299,Wind,46,Saturday,February,Winter
3/25/2023,18,19,9938,Wind,84,Saturday,March,Spring
10/4/2021,19,20,4512,Wind,277,Monday,October,Fall
8/3/2023,6,7,11952,Wind,215,Thursday,August,Summer
8/27/2022,1,2,2886,Wind,239,Saturday,August,Summer
2/8/2021,17,18,1809,Wind,39,Monday,February,Winter
2/5/2023,16,17,10704,Wind,36,Sunday,February,Winter
4/27/2021,21,22,1594,Wind,117,Tuesday,April,Spring
12/8/2021,1,2,10646,Wind,342,Wednesday,December,Winter
9/29/2022,21,22,1181,Wind,272,Thursday,September,Fall
8/14/2025,0,1,3432,Wind,226,Thursday,August,Summer
8/12/2023,8,9,2514,Wind,224,Saturday,August,Summer
4/25/2022,0,1,3834,Wind,115,Monday,April,Spring
3/12/2025,6,7,2812,Wind,71,Wednesday,March,Spring
1/2/2023,23,0,4165,Wind,2,Monday,January,Winter
6/23/2021,23,0,2524,Wind,174,Wednesday,June,Summer
1/27/2024,14,15,5047,Solar,27,Saturday,January,Winter
4/19/2022,12,13,5004,Solar,109,Tuesday,April,Spring
11/2/2020,6,7,11975,Wind,307,Monday,November,Fall
2/25/2025,22,23,11904,Wind,56,Tuesday,February,Winter
9/30/2025,4,5,1402,Wind,273,Tuesday,September,Fall
3/18/2023,22,23,3908,Wind,77,Saturday,March,Spring
11/25/2020,7,8,6287,Wind,330,Wednesday,November,Fall
11/11/2020,15,16,3805,Wind,316,Wednesday,November,Fall
5/26/2022,5,6,3427,Wind,146,Thursday,May,Spring
4/27/2020,20,21,2041,Wind,118,Monday,April,Spring
7/26/2021,6,7,1744,Wind,207,Monday,July,Summer
7/1/2024,7,8,2190,Wind,183,Monday,July,Summer
10/13/2022,12,13,6261,Wind,286,Thursday,October,Fall
4/9/2021,18,19,5113,Wind,99,Friday,April,Spring
10/10/2021,0,1,2713,Wind,283,Sunday,October,Fall
4/22/2023,11,12,8274,Wind,112,Saturday,April,Spring
1/22/2022,23,0,1705,Wind,22,Saturday,January,Winter
10/6/2024,21,22,8155,Wind,280,Sunday,October,Fall
5/4/2020,4,5,772,Wind,125,Monday,May,Spring
11/6/2022,5,6,7347,Wind,310,Sunday,November,Fall
8/16/2024,12,13,8933,Solar,229,Friday,August,Summer
12/15/2020,16,17,2633,Wind,350,Tuesday,December,Winter
1/4/2021,19,20,3018,Wind,4,Monday,January,Winter
2/17/2022,15,16,14562,Wind,48,Thursday,February,Winter
2/22/2020,7,8,8585,Wind,53,Saturday,February,Winter
2/3/2025,12,13,6618,Solar,34,Monday,February,Winter
5/16/2022,12,13,7824,Solar,136,Monday,May,Spring
3/20/2025,15,16,8861,Wind,79,Thursday,March,Spring
10/8/2021,17,18,6180,Wind,281,Friday,October,Fall
1/11/2025,4,5,2047,Wind,11,Saturday,January,Winter
10/29/2024,3,4,1443,Wind,303,Tuesday,October,Fall
5/25/2021,8,9,9963,Wind,145,Tuesday,May,Spring
4/20/2022,18,19,4079,Wind,110,Wednesday,April,Spring
7/28/2023,20,21,4401,Wind,209,Friday,July,Summer
1/25/2022,8,9,376,Wind,25,Tuesday,January,Winter
11/12/2024,0,1,8295,Wind,317,Tuesday,November,Fall
7/2/2021,4,5,524,Wind,183,Friday,July,Summer
4/30/2022,22,23,4244,Wind,120,Saturday,April,Spring
3/18/2024,6,7,2178,Wind,78,Monday,March,Spring
12/28/2023,23,0,13532,Wind,362,Thursday,December,Winter
4/4/2023,22,23,4225,Wind,94,Tuesday,April,Spring
6/19/2022,19,20,7351,Wind,170,Sunday,June,Summer
10/27/2021,12,13,5370,Solar,300,Wednesday,October,Fall
1/24/2025,16,17,14158,Wind,24,Friday,January,Winter
6/22/2021,21,22,3591,Wind,173,Tuesday,June,Summer
7/25/2021,18,19,5105,Wind,206,Sunday,July,Summer
12/1/2021,7,8,13835,Wind,335,Wednesday,December,Winter
3/1/2020,20,21,8419,Wind,61,Sunday,March,Spring
3/28/2024,4,5,14967,Wind,88,Thursday,March,Spring
1/3/2020,22,23,4207,Wind,3,Friday,January,Winter
11/25/2024,23,0,6573,Wind,330,Monday,November,Fall
5/5/2023,15,16,8449,Solar,125,Friday,May,Spring
4/27/2025,5,6,4156,Wind,117,Sunday,April,Spring
5/21/2024,17,18,6724,Solar,142,Tuesday,May,Spring
10/17/2023,18,19,7943,Wind,290,Tuesday,October,Fall
5/15/2023,15,16,12236,Wind,135,Monday,May,Spring
4/20/2024,7,8,6623,Wind,111,Saturday,April,Spring
4/28/2024,21,22,3181,Wind,119,Sunday,April,Spring
6/17/2022,8,9,3818,Wind,168,Friday,June,Summer
3/26/2021,16,17,10584,Wind,85,Friday,March,Spring
10/7/2023,7,8,2231,Wind,280,Saturday,October,Fall
2/2/2025,13,14,5898,Solar,33,Sunday,February,Winter
7/28/2025,6,7,3946,Wind,209,Monday,July,Summer
10/25/2025,8,9,12427,Wind,298,Saturday,October,Fall
12/2/2020,3,4,4378,Wind,337,Wednesday,December,Winter
6/10/2022,10,11,6486,Solar,161,Friday,June,Summer
11/17/2024,19,20,5733,Wind,322,Sunday,November,Fall
11/13/2022,23,0,3184,Wind,317,Sunday,November,Fall
6/17/2024,23,0,2344,Wind,169,Monday,June,Summer
10/27/2020,4,5,5881,Wind,301,Tuesday,October,Fall
5/6/2025,22,23,9412,Wind,126,Tuesday,May,Spring
7/1/2023,6,7,7665,Wind,182,Saturday,July,Summer
11/10/2023,0,1,12598,Wind,314,Friday,November,Fall
7/4/2024,15,16,8892,Wind,186,Thursday,July,Summer
6/15/2021,2,3,2314,Wind,166,Tuesday,June,Summer
8/9/2025,2,3,1411,Wind,221,Saturday,August,Summer
10/18/2023,8,9,11434,Wind,291,Wednesday,October,Fall
5/23/2022,15,16,11353,Wind,143,Monday,May,Spring
9/27/2020,6,7,11628,Wind,271,Sunday,September,Fall
4/15/2021,0,1,5536,Wind,105,Thursday,April,Spring
11/5/2023,18,19,13494,Wind,309,Sunday,November,Fall
11/3/2022,23,0,10983,Wind,307,Thursday,November,Fall
5/2/2021,11,12,4597,Solar,122,Sunday,May,Spring
2/20/2024,1,2,3775,Wind,51,Tuesday,February,Winter
7/11/2024,15,16,6569,Solar,193,Thursday,July,Summer
10/23/2025,2,3,18020,Wind,296,Thursday,October,Fall
6/26/2021,10,11,3463,Solar,177,Saturday,June,Summer
1/26/2023,7,8,2785,Wind,26,Thursday,January,Winter
4/21/2024,5,6,5440,Wind,112,Sunday,April,Spring
2/7/2024,20,21,10078,Wind,38,Wednesday,February,Winter
11/19/2023,19,20,12727,Wind,323,Sunday,November,Fall
1/14/2020,5,6,11947,Wind,14,Tuesday,January,Winter
10/10/2025,10,11,6209,Solar,283,Friday,October,Fall
5/6/2020,12,13,5389,Solar,127,Wednesday,May,Spring
6/11/2023,17,18,5511,Solar,162,Sunday,June,Summer
7/10/2020,11,12,5812,Wind,192,Friday,July,Summer
8/6/2023,18,19,12828,Wind,218,Sunday,August,Summer
9/28/2022,12,13,6478,Solar,271,Wednesday,September,Fall
4/17/2025,21,22,2201,Wind,107,Thursday,April,Spring
2/28/2023,22,23,7116,Wind,59,Tuesday,February,Winter
8/17/2020,16,17,6027,Wind,230,Monday,August,Summer
5/13/2021,16,17,4826,Solar,133,Thursday,May,Spring
8/28/2020,16,17,8440,Wind,241,Friday,August,Summer
2/28/2021,1,2,8031,Wind,59,Sunday,February,Winter
3/22/2024,10,11,7476,Solar,82,Friday,March,Spring
5/4/2022,20,21,1854,Wind,124,Wednesday,May,Spring
9/27/2022,12,13,12571,Wind,270,Tuesday,September,Fall
8/8/2025,2,3,1497,Wind,220,Friday,August,Summer
7/20/2021,20,21,2246,Wind,201,Tuesday,July,Summer
11/6/2023,16,17,9657,Wind,310,Monday,November,Fall
10/9/2022,18,19,2019,Wind,282,Sunday,October,Fall
3/3/2021,17,18,1043,Wind,62,Wednesday,March,Spring
6/27/2021,0,1,3833,Wind,178,Sunday,June,Summer
5/27/2024,12,13,6999,Solar,148,Monday,May,Spring
10/26/2021,18,19,2863,Wind,299,Tuesday,October,Fall
7/31/2020,15,16,5827,Solar,213,Friday,July,Summer
3/27/2023,16,17,7513,Solar,86,Monday,March,Spring
10/8/2023,8,9,1493,Wind,281,Sunday,October,Fall
7/4/2020,14,15,12039,Wind,186,Saturday,July,Summer
1/29/2025,23,0,6217,Wind,29,Wednesday,January,Winter
4/20/2025,23,0,4459,Wind,110,Sunday,April,Spring
9/11/2022,7,8,587,Wind,254,Sunday,September,Fall
2/15/2020,15,16,10985,Wind,46,Saturday,February,Winter
5/14/2025,23,0,6132,Wind,134,Wednesday,May,Spring
3/5/2021,10,11,7772,Wind,64,Friday,March,Spring
10/26/2023,1,2,4909,Wind,299,Thursday,October,Fall
10/24/2025,1,2,14684,Wind,297,Friday,October,Fall
10/27/2023,2,3,8268,Wind,300,Friday,October,Fall
6/16/2025,15,16,10527,Solar,167,Monday,June,Summer
1/7/2020,3,4,3967,Wind,7,Tuesday,January,Winter
7/22/2025,0,1,7645,Wind,203,Tuesday,July,Summer
3/15/2023,9,10,4554,Solar,74,Wednesday,March,Spring
10/6/2020,11,12,11671,Wind,280,Tuesday,October,Fall
10/15/2024,7,8,3772,Wind,289,Tuesday,October,Fall
2/18/2025,19,20,11327,Wind,49,Tuesday,February,Winter
11/25/2020,14,15,4090,Wind,330,Wednesday,November,Fall
5/22/2024,23,0,3024,Wind,143,Wednesday,May,Spring
1/22/2021,10,11,3354,Wind,22,Friday,January,Winter
9/10/2023,16,17,6517,Solar,253,Sunday,September,Fall
2/14/2020,19,20,4429,Wind,45,Friday,February,Winter
1/11/2022,12,13,5018,Solar,11,Tuesday,January,Winter
4/6/2022,10,11,7764,Wind,96,Wednesday,April,Spring
12/19/2020,10,11,10892,Wind,354,Saturday,December,Winter
1/24/2023,12,13,6696,Wind,24,Tuesday,January,Winter
7/1/2021,18,19,3022,Solar,182,Thursday,July,Summer
10/25/2024,12,13,6893,Wind,299,Friday,October,Fall
11/14/2021,12,13,4665,Wind,318,Sunday,November,Fall
4/17/2021,4,5,4834,Wind,107,Saturday,April,Spring
8/6/2024,22,23,2097,Wind,219,Tuesday,August,Summer
8/23/2024,2,3,9509,Wind,236,Friday,August,Summer
2/26/2023,17,18,18051,Wind,57,Sunday,February,Winter
1/7/2023,5,6,10262,Wind,7,Saturday,January,Winter
6/3/2020,23,0,3683,Wind,155,Wednesday,June,Summer
10/11/2024,17,18,3556,Solar,285,Friday,October,Fall
9/26/2020,9,10,11246,Wind,270,Saturday,September,Fall
6/11/2020,22,23,3909,Wind,163,Thursday,June,Summer
1/28/2020,10,11,12987,Wind,28,Tuesday,January,Winter
1/21/2025,0,1,1210,Wind,21,Tuesday,January,Winter
2/7/2023,11,12,9517,Wind,38,Tuesday,February,Winter
8/17/2024,22,23,2408,Wind,230,Saturday,August,Summer
4/7/2020,19,20,1971,Wind,98,Tuesday,April,Spring
11/18/2021,8,9,1817,Wind,322,Thursday,November,Fall
10/19/2020,18,19,6659,Wind,293,Monday,October,Fall
10/13/2025,17,18,9362,Wind,286,Monday,October,Fall
1/18/2024,8,9,7755,Wind,18,Thursday,January,Winter
12/9/2020,3,4,2518,Wind,344,Wednesday,December,Winter
5/18/2022,11,12,5814,Solar,138,Wednesday,May,Spring
11/26/2021,14,15,12653,Wind,330,Friday,November,Fall
4/21/2022,4,5,3354,Wind,111,Thursday,April,Spring
11/16/2021,17,18,997,Wind,320,Tuesday,November,Fall
3/3/2025,2,3,3177,Wind,62,Monday,March,Spring
11/15/2021,22,23,1190,Wind,319,Monday,November,Fall
1/28/2024,22,23,9203,Wind,28,Sunday,January,Winter
11/24/2020,15,16,3478,Wind,329,Tuesday,November,Fall
12/28/2020,10,11,8666,Wind,363,Monday,December,Winter
5/26/2021,17,18,8501,Wind,146,Wednesday,May,Spring
3/20/2023,12,13,8613,Solar,79,Monday,March,Spring
9/29/2023,0,1,6503,Wind,272,Friday,September,Fall
5/28/2024,12,13,12992,Wind,149,Tuesday,May,Spring
5/7/2023,4,5,1644,Wind,127,Sunday,May,Spring
3/7/2020,13,14,5851,Wind,67,Saturday,March,Spring
8/21/2025,18,19,9974,Wind,233,Thursday,August,Summer
8/16/2023,7,8,2047,Wind,228,Wednesday,August,Summer
11/14/2020,17,18,9187,Wind,319,Saturday,November,Fall
6/9/2024,9,10,2265,Solar,161,Sunday,June,Summer
4/28/2024,14,15,7361,Wind,119,Sunday,April,Spring
10/20/2025,1,2,13116,Wind,293,Monday,October,Fall
6/10/2025,22,23,1822,Wind,161,Tuesday,June,Summer
8/25/2022,10,11,4870,Solar,237,Thursday,August,Summer
7/11/2025,13,14,13057,Solar,192,Friday,July,Summer
6/19/2020,8,9,2120,Solar,171,Friday,June,Summer
10/2/2023,1,2,2511,Wind,275,Monday,October,Fall
12/24/2024,6,7,3087,Wind,359,Tuesday,December,Winter
6/21/2024,18,19,8537,Wind,173,Friday,June,Summer
11/10/2024,3,4,699,Wind,315,Sunday,November,Fall
6/9/2024,16,17,4699,Solar,161,Sunday,June,Summer
9/16/2020,10,11,2486,Solar,260,Wednesday,September,Fall
4/19/2020,0,1,1476,Wind,110,Sunday,April,Spring
5/22/2020,4,5,3981,Wind,143,Friday,May,Spring
1/13/2021,14,15,8363,Wind,13,Wednesday,January,Winter
8/26/2020,22,23,2102,Wind,239,Wednesday,August,Summer
1/3/2023,15,16,9035,Wind,3,Tuesday,January,Winter
6/1/2024,0,1,6325,Wind,153,Saturday,June,Summer
12/27/2021,4,5,4859,Wind,361,Monday,December,Winter
3/10/2020,19,20,11560,Wind,70,Tuesday,March,Spring
1/12/2024,10,11,7101,Wind,12,Friday,January,Winter
5/13/2025,3,4,778,Wind,133,Tuesday,May,Spring
7/11/2023,12,13,9090,Solar,192,Tuesday,July,Summer
5/2/2024,22,23,10099,Wind,123,Thursday,May,Spring
4/11/2024,15,16,7830,Solar,102,Thursday,April,Spring
4/2/2024,3,4,12881,Wind,93,Tuesday,April,Spring
1/5/2020,20,21,1866,Wind,5,Sunday,January,Winter
5/6/2025,2,3,10973,Wind,126,Tuesday,May,Spring
11/1/2024,11,12,5193,Solar,306,Friday,November,Fall
11/5/2021,11,12,4471,Solar,309,Friday,November,Fall
1/23/2022,14,15,5443,Solar,23,Sunday,January,Winter
7/12/2021,6,7,2449,Wind,193,Monday,July,Summer
12/17/2021,9,10,7522,Wind,351,Friday,December,Winter
4/12/2025,10,11,9316,Wind,102,Saturday,April,Spring
12/2/2022,22,23,6777,Wind,336,Friday,December,Winter
12/26/2023,15,16,4387,Wind,360,Tuesday,December,Winter
1/11/2024,22,23,7264,Wind,11,Thursday,January,Winter
1/30/2022,8,9,1935,Wind,30,Sunday,January,Winter
5/9/2021,0,1,6909,Wind,129,Sunday,May,Spring
6/8/2024,8,9,3057,Solar,160,Saturday,June,Summer
1/3/2022,3,4,9945,Wind,3,Monday,January,Winter
3/23/2021,2,3,2209,Wind,82,Tuesday,March,Spring
12/24/2020,6,7,10656,Wind,359,Thursday,December,Winter
10/10/2024,19,20,3695,Wind,284,Thursday,October,Fall
5/6/2023,12,13,6882,Solar,126,Saturday,May,Spring
6/26/2021,4,5,185,Wind,177,Saturday,June,Summer
9/17/2025,21,22,2855,Wind,260,Wednesday,September,Fall
4/24/2023,16,17,9691,Wind,114,Monday,April,Spring
9/6/2020,10,11,3044,Solar,250,Sunday,September,Fall
9/6/2023,5,6,2295,Wind,249,Wednesday,September,Fall
4/17/2020,2,3,2140,Wind,108,Friday,April,Spring
3/20/2025,16,17,7679,Wind,79,Thursday,March,Spring
7/16/2021,11,12,6977,Wind,197,Friday,July,Summer
3/18/2025,10,11,15177,Wind,77,Tuesday,March,Spring
9/25/2025,17,18,4486,Wind,268,Thursday,September,Fall
2/22/2024,23,0,15643,Wind,53,Thursday,February,Winter
6/20/2022,13,14,7456,Solar,171,Monday,June,Summer
6/12/2022,8,9,3007,Solar,163,Sunday,June,Summer
3/9/2023,18,19,13804,Wind,68,Thursday,March,Spring
5/9/2022,6,7,2226,Wind,129,Monday,May,Spring
5/5/2024,7,8,2579,Wind,126,Sunday,May,Spring
12/4/2023,7,8,13712,Wind,338,Monday,December,Winter
8/4/2023,14,15,9711,Solar,216,Friday,August,Summer
4/6/2020,3,4,8031,Wind,97,Monday,April,Spring
9/15/2024,5,6,3382,Wind,259,Sunday,September,Fall
4/5/2021,3,4,3346,Wind,95,Monday,April,Spring
1/27/2024,3,4,2096,Wind,27,Saturday,January,Winter
3/12/2023,4,5,6830,Wind,71,Sunday,March,Spring
6/8/2022,21,22,6976,Wind,159,Wednesday,June,Summer
2/17/2021,13,14,11476,Wind,48,Wednesday,February,Winter
8/16/2020,1,2,2149,Wind,229,Sunday,August,Summer
7/7/2020,12,13,5078,Solar,189,Tuesday,July,Summer
10/31/2023,13,14,12274,Wind,304,Tuesday,October,Fall
2/11/2024,20,21,8630,Wind,42,Sunday,February,Winter
6/12/2025,10,11,9373,Solar,163,Thursday,June,Summer
10/28/2024,4,5,1027,Wind,302,Monday,October,Fall
7/11/2022,23,0,4311,Wind,192,Monday,July,Summer
12/25/2023,19,20,12990,Wind,359,Monday,December,Winter
3/27/2022,12,13,6255,Solar,86,Sunday,March,Spring
2/14/2022,23,0,6512,Wind,45,Monday,February,Winter
1/29/2025,6,7,12896,Wind,29,Wednesday,January,Winter
3/12/2021,0,1,12379,Wind,71,Friday,March,Spring
7/5/2022,2,3,3640,Wind,186,Tuesday,July,Summer
8/19/2021,13,14,4835,Solar,231,Thursday,August,Summer
8/5/2025,12,13,7071,Solar,217,Tuesday,August,Summer
8/28/2024,22,23,2348,Wind,241,Wednesday,August,Summer
12/27/2021,16,17,9445,Wind,361,Monday,December,Winter
9/18/2021,2,3,1168,Wind,261,Saturday,September,Fall
9/23/2025,14,15,13351,Wind,266,Tuesday,September,Fall
3/20/2020,6,7,3577,Wind,80,Friday,March,Spring
4/27/2020,17,18,2626,Wind,118,Monday,April,Spring
3/22/2025,16,17,7212,Wind,81,Saturday,March,Spring
6/12/2020,4,5,4286,Wind,164,Friday,June,Summer
9/12/2020,1,2,1147,Wind,256,Saturday,September,Fall
4/18/2021,11,12,5661,Solar,108,Sunday,April,Spring
7/10/2024,13,14,10399,Solar,192,Wednesday,July,Summer
10/7/2023,6,7,1898,Wind,280,Saturday,October,Fall
12/8/2024,8,9,17304,Wind,343,Sunday,December,Winter
3/17/2024,4,5,3960,Wind,77,Sunday,March,Spring
9/19/2023,3,4,3900,Wind,262,Tuesday,September,Fall
10/21/2020,9,10,13322,Wind,295,Wednesday,October,Fall
9/16/2025,16,17,13968,Wind,259,Tuesday,September,Fall
7/8/2022,18,19,6914,Wind,189,Friday,July,Summer
8/29/2022,20,21,3839,Wind,241,Monday,August,Summer
3/7/2024,9,10,9031,Wind,67,Thursday,March,Spring
6/16/2021,19,20,1787,Wind,167,Wednesday,June,Summer
10/21/2020,10,11,14414,Wind,295,Wednesday,October,Fall
1/10/2025,6,7,3643,Wind,10,Friday,January,Winter
3/27/2024,23,0,13594,Wind,87,Wednesday,March,Spring
1/20/2022,19,20,5272,Wind,20,Thursday,January,Winter
10/23/2023,20,21,4431,Wind,296,Monday,October,Fall
11/13/2023,2,3,10550,Wind,317,Monday,November,Fall
10/24/2023,13,14,9197,Wind,297,Tuesday,October,Fall
9/13/2024,15,16,11435,Solar,257,Friday,September,Fall
5/8/2025,3,4,5647,Wind,128,Thursday,May,Spring
6/26/2023,12,13,9710,Solar,177,Monday,June,Summer
8/17/2024,16,17,5446,Solar,230,Saturday,August,Summer
3/9/2022,15,16,7922,Wind,68,Wednesday,March,Spring
11/29/2020,4,5,4505,Wind,334,Sunday,November,Fall
5/23/2020,19,20,7295,Wind,144,Saturday,May,Spring
11/4/2022,23,0,4294,Wind,308,Friday,November,Fall
6/2/2024,23,0,3481,Wind,154,Sunday,June,Summer
12/16/2024,10,11,7735,Wind,351,Monday,December,Winter
2/6/2021,20,21,5019,Wind,37,Saturday,February,Winter
11/9/2021,23,0,871,Wind,313,Tuesday,November,Fall
5/12/2022,0,1,5274,Wind,132,Thursday,May,Spring
5/11/2020,18,19,11450,Wind,132,Monday,May,Spring
3/11/2021,10,11,15343,Wind,70,Thursday,March,Spring
7/19/2021,17,18,7420,Wind,200,Monday,July,Summer
7/11/2020,18,19,4848,Wind,193,Saturday,July,Summer
3/20/2024,20,21,1807,Wind,80,Wednesday,March,Spring
1/29/2025,5,6,13127,Wind,29,Wednesday,January,Winter
2/4/2024,3,4,6061,Wind,35,Sunday,February,Winter
3/2/2025,12,13,12731,Solar,61,Sunday,March,Spring
2/6/2025,2,3,3446,Wind,37,Thursday,February,Winter
9/12/2024,22,23,3733,Wind,256,Thursday,September,Fall
4/22/2020,0,1,4913,Wind,113,Wednesday,April,Spring
11/2/2020,10,11,12708,Wind,307,Monday,November,Fall
9/17/2022,17,18,8890,Wind,260,Saturday,September,Fall
4/20/2025,8,9,8177,Wind,110,Sunday,April,Spring
1/25/2021,16,17,4070,Wind,25,Monday,January,Winter
12/4/2020,8,9,9046,Wind,339,Friday,December,Winter
8/1/2023,15,16,16234,Wind,213,Tuesday,August,Summer
10/31/2022,23,0,12858,Wind,304,Monday,October,Fall
11/12/2022,12,13,5376,Solar,316,Saturday,November,Fall
8/20/2023,16,17,6206,Solar,232,Sunday,August,Summer
6/14/2023,21,22,3516,Wind,165,Wednesday,June,Summer
4/23/2022,11,12,7331,Wind,113,Saturday,April,Spring
10/2/2023,18,19,4842,Wind,275,Monday,October,Fall
1/3/2024,18,19,18044,Wind,3,Wednesday,January,Winter
10/14/2021,8,9,2391,Wind,287,Thursday,October,Fall
1/12/2020,7,8,7395,Wind,12,Sunday,January,Winter
7/8/2023,18,19,4324,Solar,189,Saturday,July,Summer
4/6/2025,18,19,10223,Wind,96,Sunday,April,Spring
11/1/2021,4,5,8718,Wind,305,Monday,November,Fall
4/20/2023,13,14,12448,Wind,110,Thursday,April,Spring
6/29/2024,23,0,3681,Wind,181,Saturday,June,Summer
11/28/2022,19,20,3265,Wind,332,Monday,November,Fall
3/10/2024,4,5,2756,Wind,70,Sunday,March,Spring
3/28/2021,3,4,3508,Wind,87,Sunday,March,Spring
8/25/2023,1,2,2215,Wind,237,Friday,August,Summer
10/19/2021,22,23,10753,Wind,292,Tuesday,October,Fall
9/2/2024,9,10,4316,Solar,246,Monday,September,Fall
5/23/2023,7,8,6042,Wind,143,Tuesday,May,Spring
5/3/2020,4,5,1977,Wind,124,Sunday,May,Spring
5/9/2024,4,5,3813,Wind,130,Thursday,May,Spring
5/17/2024,8,9,3361,Solar,138,Friday,May,Spring
2/12/2023,6,7,2940,Wind,43,Sunday,February,Winter
7/29/2025,16,17,10808,Solar,210,Tuesday,July,Summer
9/29/2021,23,0,2764,Wind,272,Wednesday,September,Fall
7/4/2020,20,21,7973,Wind,186,Saturday,July,Summer
12/27/2022,20,21,9837,Wind,361,Tuesday,December,Winter
11/12/2024,5,6,9736,Wind,317,Tuesday,November,Fall
9/6/2022,22,23,2980,Wind,249,Tuesday,September,Fall
11/26/2025,11,12,6772,Solar,330,Wednesday,November,Fall
5/20/2020,13,14,5433,Solar,141,Wednesday,May,Spring
8/30/2025,5,6,4447,Wind,242,Saturday,August,Summer
4/14/2024,17,18,5047,Solar,105,Sunday,April,Spring
9/30/2021,16,17,6986,Wind,273,Thursday,September,Fall
8/25/2024,2,3,6839,Wind,238,Sunday,August,Summer
3/23/2024,17,18,15588,Wind,83,Saturday,March,Spring
3/7/2022,14,15,10522,Wind,66,Monday,March,Spring
8/29/2021,13,14,7380,Solar,241,Sunday,August,Summer
5/3/2020,16,17,4316,Solar,124,Sunday,May,Spring
3/4/2025,6,7,2904,Wind,63,Tuesday,March,Spring
8/19/2022,19,20,4511,Wind,231,Friday,August,Summer
11/5/2024,21,22,91,Wind,310,Tuesday,November,Fall
11/26/2020,13,14,3501,Solar,331,Thursday,November,Fall
11/22/2023,20,21,4282,Wind,326,Wednesday,November,Fall
3/30/2021,6,7,2984,Wind,89,Tuesday,March,Spring
9/25/2025,7,8,3047,Wind,268,Thursday,September,Fall
8/31/2022,10,11,4337,Solar,243,Wednesday,August,Summer
1/15/2024,8,9,3779,Wind,15,Monday,January,Winter
8/19/2022,6,7,2570,Wind,231,Friday,August,Summer
7/17/2022,11,12,8145,Solar,198,Sunday,July,Summer
2/14/2022,8,9,11199,Wind,45,Monday,February,Winter
12/7/2020,0,1,1051,Wind,342,Monday,December,Winter
1/3/2025,20,21,3705,Wind,3,Friday,January,Winter
10/10/2024,6,7,8274,Wind,284,Thursday,October,Fall
7/13/2024,19,20,2289,Solar,195,Saturday,July,Summer
10/13/2021,10,11,4051,Solar,286,Wednesday,October,Fall
2/19/2021,7,8,5554,Wind,50,Friday,February,Winter
3/8/2025,20,21,12639,Wind,67,Saturday,March,Spring
11/3/2020,22,23,3571,Wind,308,Tuesday,November,Fall
6/6/2024,22,23,2561,Wind,158,Thursday,June,Summer
9/30/2024,16,17,11102,Wind,274,Monday,September,Fall
4/11/2020,2,3,3011,Wind,102,Saturday,April,Spring
6/29/2022,8,9,2385,Solar,180,Wednesday,June,Summer
6/15/2021,8,9,2124,Solar,166,Tuesday,June,Summer
8/14/2022,2,3,4666,Wind,226,Sunday,August,Summer
5/5/2022,3,4,2050,Wind,125,Thursday,May,Spring
8/7/2022,20,21,6195,Wind,219,Sunday,August,Summer
8/31/2024,16,17,7347,Solar,244,Saturday,August,Summer
6/23/2022,18,19,3896,Wind,174,Thursday,June,Summer
8/10/2025,7,8,3182,Wind,222,Sunday,August,Summer
6/7/2020,6,7,2147,Wind,159,Sunday,June,Summer
1/1/2021,4,5,998,Wind,1,Friday,January,Winter
1/25/2021,2,3,6191,Wind,25,Monday,January,Winter
8/20/2022,23,0,981,Wind,232,Saturday,August,Summer
3/8/2021,22,23,2943,Wind,67,Monday,March,Spring
10/11/2023,23,0,7262,Wind,284,Wednesday,October,Fall
12/31/2020,1,2,5746,Wind,366,Thursday,December,Winter
3/31/2021,9,10,3600,Wind,90,Wednesday,March,Spring
8/23/2020,13,14,8729,Wind,236,Sunday,August,Summer
12/1/2021,21,22,5719,Wind,335,Wednesday,December,Winter
1/11/2024,14,15,8407,Wind,11,Thursday,January,Winter
4/19/2022,21,22,4160,Wind,109,Tuesday,April,Spring
7/30/2023,22,23,5928,Wind,211,Sunday,July,Summer
5/20/2025,18,19,8914,Wind,140,Tuesday,May,Spring
6/13/2025,17,18,8341,Solar,164,Friday,June,Summer
4/30/2025,12,13,5410,Solar,120,Wednesday,April,Spring
7/6/2022,14,15,7868,Solar,187,Wednesday,July,Summer
6/7/2020,10,11,3437,Solar,159,Sunday,June,Summer
2/19/2021,16,17,6776,Wind,50,Friday,February,Winter
5/11/2024,0,1,6497,Wind,132,Saturday,May,Spring
7/7/2021,12,13,5172,Solar,188,Wednesday,July,Summer
7/20/2020,14,15,5919,Solar,202,Monday,July,Summer
2/24/2025,16,17,9544,Wind,55,Monday,February,Winter
4/15/2020,20,21,3450,Wind,106,Wednesday,April,Spring
6/2/2023,6,7,7517,Wind,153,Friday,June,Summer
1/19/2023,2,3,3478,Wind,19,Thursday,January,Winter
11/16/2021,19,20,1157,Wind,320,Tuesday,November,Fall
7/1/2025,4,5,1055,Wind,182,Tuesday,July,Summer
2/21/2023,9,10,3045,Wind,52,Tuesday,February,Winter
8/9/2024,7,8,5677,Wind,222,Friday,August,Summer
3/25/2020,9,10,4738,Wind,85,Wednesday,March,Spring
9/19/2024,15,16,15959,Wind,263,Thursday,September,Fall
8/24/2025,21,22,3236,Wind,236,Sunday,August,Summer
3/4/2022,18,19,3151,Wind,63,Friday,March,Spring
7/21/2023,21,22,3094,Wind,202,Friday,July,Summer
7/4/2025,18,19,5949,Solar,185,Friday,July,Summer
1/3/2024,7,8,17121,Wind,3,Wednesday,January,Winter
9/14/2025,18,19,13786,Wind,257,Sunday,September,Fall
6/30/2024,2,3,3727,Wind,182,Sunday,June,Summer
12/19/2023,16,17,12111,Wind,353,Tuesday,December,Winter
3/26/2022,13,14,13203,Wind,85,Saturday,March,Spring
2/9/2021,5,6,1784,Wind,40,Tuesday,February,Winter
2/5/2025,3,4,2214,Wind,36,Wednesday,February,Winter
5/31/2025,5,6,1059,Wind,151,Saturday,May,Spring
10/31/2021,7,8,10139,Wind,304,Sunday,October,Fall
4/27/2025,14,15,4067,Solar,117,Sunday,April,Spring
2/13/2022,21,22,15035,Wind,44,Sunday,February,Winter
6/23/2024,5,6,2326,Wind,175,Sunday,June,Summer
4/21/2025,11,12,8025,Solar,111,Monday,April,Spring
3/16/2021,5,6,3210,Wind,75,Tuesday,March,Spring
4/29/2023,2,3,1638,Wind,119,Saturday,April,Spring
12/23/2022,20,21,12401,Wind,357,Friday,December,Winter
1/30/2021,16,17,6987,Wind,30,Saturday,January,Winter
7/30/2020,1,2,2163,Wind,212,Thursday,July,Summer
5/5/2021,18,19,8828,Wind,125,Wednesday,May,Spring
2/4/2021,23,0,3467,Wind,35,Thursday,February,Winter
1/19/2021,9,10,11722,Wind,19,Tuesday,January,Winter
7/21/2023,23,0,3035,Wind,202,Friday,July,Summer
6/8/2023,4,5,4806,Wind,159,Thursday,June,Summer
5/14/2023,21,22,3817,Wind,134,Sunday,May,Spring
6/19/2025,6,7,4893,Wind,170,Thursday,June,Summer
5/18/2023,10,11,7144,Solar,138,Thursday,May,Spring
2/15/2025,7,8,5705,Wind,46,Saturday,February,Winter
11/20/2024,12,13,9330,Wind,325,Wednesday,November,Fall
9/22/2020,15,16,2638,Solar,266,Tuesday,September,Fall
12/15/2024,17,18,8504,Wind,350,Sunday,December,Winter
11/20/2024,8,9,5746,Wind,325,Wednesday,November,Fall
6/14/2023,0,1,4779,Wind,165,Wednesday,June,Summer
3/11/2022,17,18,11304,Wind,70,Friday,March,Spring
4/28/2023,18,19,6113,Wind,118,Friday,April,Spring
4/1/2024,14,15,9631,Wind,92,Monday,April,Spring
9/13/2023,14,15,5717,Solar,256,Wednesday,September,Fall
5/29/2021,10,11,4347,Solar,149,Saturday,May,Spring
4/1/2024,19,20,9379,Wind,92,Monday,April,Spring
12/3/2021,2,3,2724,Wind,337,Friday,December,Winter
11/9/2023,18,19,13237,Wind,313,Thursday,November,Fall
1/13/2023,7,8,14510,Wind,13,Friday,January,Winter
1/22/2023,8,9,5974,Wind,22,Sunday,January,Winter
4/13/2020,7,8,5354,Wind,104,Monday,April,Spring
6/29/2022,3,4,1211,Wind,180,Wednesday,June,Summer
4/29/2020,20,21,6006,Wind,120,Wednesday,April,Spring
10/5/2021,14,15,12713,Wind,278,Tuesday,October,Fall
8/27/2025,8,9,3210,Wind,239,Wednesday,August,Summer
6/23/2023,4,5,1872,Wind,174,Friday,June,Summer
5/4/2021,4,5,13020,Wind,124,Tuesday,May,Spring
5/3/2021,3,4,632,Wind,123,Monday,May,Spring
9/10/2023,2,3,3759,Wind,253,Sunday,September,Fall
7/22/2024,10,11,7974,Solar,204,Monday,July,Summer
6/20/2020,20,21,1472,Wind,172,Saturday,June,Summer
9/1/2024,1,2,4179,Wind,245,Sunday,September,Fall
8/7/2023,15,16,9917,Solar,219,Monday,August,Summer
8/9/2022,19,20,7289,Wind,221,Tuesday,August,Summer
5/11/2021,0,1,2157,Wind,131,Tuesday,May,Spring
2/5/2021,23,0,2434,Wind,36,Friday,February,Winter
11/23/2024,14,15,19392,Wind,328,Saturday,November,Fall
2/4/2025,18,19,3899,Wind,35,Tuesday,February,Winter
12/24/2020,0,1,11579,Wind,359,Thursday,December,Winter
6/19/2023,11,12,5286,Solar,170,Monday,June,Summer
2/24/2024,6,7,7785,Wind,55,Saturday,February,Winter
11/20/2023,20,21,8192,Wind,324,Monday,November,Fall
10/26/2021,10,11,3866,Wind,299,Tuesday,October,Fall
9/3/2021,18,19,1713,Solar,246,Friday,September,Fall
8/21/2022,2,3,603,Wind,233,Sunday,August,Summer
5/17/2024,22,23,897,Wind,138,Friday,May,Spring
3/5/2024,20,21,3263,Wind,65,Tuesday,March,Spring
5/24/2023,7,8,5947,Wind,144,Wednesday,May,Spring
9/13/2020,12,13,3974,Solar,257,Sunday,September,Fall
10/7/2021,2,3,1888,Wind,280,Thursday,October,Fall
10/26/2025,3,4,9730,Wind,299,Sunday,October,Fall
11/13/2024,19,20,5232,Wind,318,Wednesday,November,Fall
3/5/2025,0,1,2433,Wind,64,Wednesday,March,Spring
3/17/2022,0,1,5222,Wind,76,Thursday,March,Spring
11/3/2022,8,9,10595,Wind,307,Thursday,November,Fall
4/22/2023,18,19,6589,Wind,112,Saturday,April,Spring
9/6/2024,15,16,6409,Solar,250,Friday,September,Fall
8/23/2021,17,18,7555,Wind,235,Monday,August,Summer
2/6/2020,14,15,4784,Solar,37,Thursday,February,Winter
10/24/2020,21,22,11731,Wind,298,Saturday,October,Fall
4/6/2021,9,10,4798,Wind,96,Tuesday,April,Spring
11/12/2020,3,4,7385,Wind,317,Thursday,November,Fall
4/22/2021,5,6,5855,Wind,112,Thursday,April,Spring
6/18/2021,22,23,3480,Wind,169,Friday,June,Summer
12/6/2022,21,22,2155,Wind,340,Tuesday,December,Winter
11/17/2021,4,5,1951,Wind,321,Wednesday,November,Fall
10/18/2025,10,11,8416,Solar,291,Saturday,October,Fall
4/15/2020,2,3,6207,Wind,106,Wednesday,April,Spring
2/17/2020,22,23,10239,Wind,48,Monday,February,Winter
3/16/2025,4,5,8436,Wind,75,Sunday,March,Spring
5/9/2021,3,4,7771,Wind,129,Sunday,May,Spring
8/12/2020,8,9,2236,Wind,225,Wednesday,August,Summer
10/13/2021,22,23,2205,Wind,286,Wednesday,October,Fall
9/11/2024,21,22,5700,Wind,255,Wednesday,September,Fall
11/7/2024,8,9,2657,Wind,312,Thursday,November,Fall
3/31/2020,23,0,7111,Wind,91,Tuesday,March,Spring
10/18/2023,9,10,11888,Wind,291,Wednesday,October,Fall
12/30/2021,5,6,8676,Wind,364,Thursday,December,Winter
6/5/2021,9,10,4441,Solar,156,Saturday,June,Summer
2/18/2024,14,15,13623,Wind,49,Sunday,February,Winter
8/7/2020,11,12,3922,Solar,220,Friday,August,Summer
2/12/2024,22,23,3745,Wind,43,Monday,February,Winter
3/9/2024,4,5,11240,Wind,69,Saturday,March,Spring
9/5/2022,8,9,3208,Wind,248,Monday,September,Fall
10/14/2020,3,4,1902,Wind,288,Wednesday,October,Fall
10/12/2023,13,14,9093,Solar,285,Thursday,October,Fall
12/20/2023,0,1,9136,Wind,354,Wednesday,December,Winter
11/28/2021,22,23,5114,Wind,332,Sunday,November,Fall
8/29/2024,3,4,2495,Wind,242,Thursday,August,Summer
4/22/2023,9,10,6597,Wind,112,Saturday,April,Spring
10/2/2024,14,15,5400,Solar,276,Wednesday,October,Fall
5/25/2023,11,12,14511,Wind,145,Thursday,May,Spring
1/21/2024,17,18,14481,Wind,21,Sunday,January,Winter
5/21/2020,0,1,2748,Wind,142,Thursday,May,Spring
3/4/2023,18,19,3131,Wind,63,Saturday,March,Spring
3/21/2022,9,10,5460,Wind,80,Monday,March,Spring
1/2/2023,10,11,5987,Wind,2,Monday,January,Winter
1/20/2023,20,21,5467,Wind,20,Friday,January,Winter
7/22/2023,7,8,2381,Wind,203,Saturday,July,Summer
11/17/2025,9,10,8893,Wind,321,Monday,November,Fall
1/15/2025,22,23,3441,Wind,15,Wednesday,January,Winter
10/15/2023,18,19,3213,Wind,288,Sunday,October,Fall
7/5/2024,15,16,11741,Solar,187,Friday,July,Summer
8/15/2024,17,18,8514,Solar,228,Thursday,August,Summer
10/1/2021,13,14,9911,Wind,274,Friday,October,Fall
1/21/2022,4,5,4963,Wind,21,Friday,January,Winter
12/19/2022,7,8,13202,Wind,353,Monday,December,Winter
8/13/2025,5,6,1029,Wind,225,Wednesday,August,Summer
12/22/2021,9,10,3623,Wind,356,Wednesday,December,Winter
5/26/2025,17,18,10107,Wind,146,Monday,May,Spring
3/19/2024,21,22,1227,Wind,79,Tuesday,March,Spring
1/17/2022,1,2,1358,Wind,17,Monday,January,Winter
10/15/2023,19,20,3573,Wind,288,Sunday,October,Fall
2/16/2025,12,13,8762,Solar,47,Sunday,February,Winter
10/7/2022,2,3,1154,Wind,280,Friday,October,Fall
9/15/2021,4,5,1977,Wind,258,Wednesday,September,Fall
3/6/2025,22,23,10880,Wind,65,Thursday,March,Spring
12/9/2021,15,16,5400,Wind,343,Thursday,December,Winter
1/2/2023,0,1,11969,Wind,2,Monday,January,Winter
4/17/2021,23,0,5520,Wind,107,Saturday,April,Spring
7/30/2021,2,3,1817,Wind,211,Friday,July,Summer
8/24/2020,19,20,1914,Wind,237,Monday,August,Summer
5/15/2020,3,4,7329,Wind,136,Friday,May,Spring
11/24/2023,16,17,11600,Wind,328,Friday,November,Fall
9/6/2023,22,23,3137,Wind,249,Wednesday,September,Fall
11/3/2025,16,17,8685,Wind,307,Monday,November,Fall
10/27/2025,16,17,15610,Wind,300,Monday,October,Fall
6/28/2025,0,1,1627,Wind,179,Saturday,June,Summer
6/10/2025,3,4,1674,Wind,161,Tuesday,June,Summer
5/31/2022,2,3,1818,Wind,151,Tuesday,May,Spring
10/14/2020,14,15,7046,Wind,288,Wednesday,October,Fall
8/14/2023,7,8,2587,Wind,226,Monday,August,Summer
7/23/2020,4,5,1527,Wind,205,Thursday,July,Summer
4/16/2022,12,13,10869,Solar,106,Saturday,April,Spring
4/16/2025,18,19,4853,Wind,106,Wednesday,April,Spring
6/5/2021,0,1,2191,Wind,156,Saturday,June,Summer
4/24/2020,22,23,2176,Wind,115,Friday,April,Spring
11/23/2023,12,13,7931,Wind,327,Thursday,November,Fall
11/10/2023,4,5,12591,Wind,314,Friday,November,Fall
9/24/2024,9,10,8855,Wind,268,Tuesday,September,Fall
2/22/2025,15,16,10495,Wind,53,Saturday,February,Winter
5/5/2025,5,6,9828,Wind,125,Monday,May,Spring
3/5/2025,10,11,8585,Solar,64,Wednesday,March,Spring
6/28/2024,4,5,3214,Wind,180,Friday,June,Summer
10/16/2020,11,12,4358,Wind,290,Friday,October,Fall
1/6/2023,5,6,7744,Wind,6,Friday,January,Winter
9/5/2022,5,6,2599,Wind,248,Monday,September,Fall
11/25/2022,12,13,6116,Wind,329,Friday,November,Fall
12/14/2020,0,1,9700,Wind,349,Monday,December,Winter
12/23/2023,9,10,14222,Wind,357,Saturday,December,Winter
10/4/2022,19,20,937,Wind,277,Tuesday,October,Fall
8/26/2020,7,8,8615,Wind,239,Wednesday,August,Summer
10/7/2023,2,3,1790,Wind,280,Saturday,October,Fall
1/26/2020,9,10,3118,Wind,26,Sunday,January,Winter
1/5/2022,20,21,4018,Wind,5,Wednesday,January,Winter
11/26/2025,20,21,2920,Wind,330,Wednesday,November,Fall
6/15/2022,22,23,2879,Wind,166,Wednesday,June,Summer
9/26/2021,1,2,2233,Wind,269,Sunday,September,Fall
7/28/2023,21,22,3768,Wind,209,Friday,July,Summer
6/4/2022,8,9,3189,Wind,155,Saturday,June,Summer
1/10/2020,10,11,6407,Wind,10,Friday,January,Winter
9/30/2024,4,5,12240,Wind,274,Monday,September,Fall
10/1/2024,5,6,7834,Wind,275,Tuesday,October,Fall
11/18/2025,21,22,8784,Wind,322,Tuesday,November,Fall
4/3/2024,23,0,11683,Wind,94,Wednesday,April,Spring
10/31/2025,2,3,10049,Wind,304,Friday,October,Fall
2/22/2025,2,3,10894,Wind,53,Saturday,February,Winter
7/27/2023,14,15,16122,Wind,208,Thursday,July,Summer
9/17/2024,18,19,13680,Wind,261,Tuesday,September,Fall
12/6/2021,10,11,3931,Wind,340,Monday,December,Winter
11/25/2023,2,3,8586,Wind,329,Saturday,November,Fall
2/26/2021,10,11,3948,Wind,57,Friday,February,Winter
7/3/2020,23,0,2522,Wind,185,Friday,July,Summer
3/19/2024,1,2,1178,Wind,79,Tuesday,March,Spring
11/12/2021,12,13,4637,Solar,316,Friday,November,Fall
9/20/2023,16,17,14551,Wind,263,Wednesday,September,Fall
1/23/2022,16,17,3865,Wind,23,Sunday,January,Winter
9/30/2024,12,13,20041,Wind,274,Monday,September,Fall
11/11/2020,22,23,7638,Wind,316,Wednesday,November,Fall
1/17/2021,4,5,5008,Wind,17,Sunday,January,Winter
11/26/2020,6,7,2436,Wind,331,Thursday,November,Fall
9/14/2023,5,6,710,Wind,257,Thursday,September,Fall
12/17/2020,7,8,5368,Wind,352,Thursday,December,Winter
11/10/2022,17,18,3142,Wind,314,Thursday,November,Fall
7/2/2022,22,23,1832,Wind,183,Saturday,July,Summer
3/17/2023,9,10,9108,Wind,76,Friday,March,Spring
3/29/2023,12,13,9902,Solar,88,Wednesday,March,Spring
6/27/2025,11,12,9500,Solar,178,Friday,June,Summer
2/9/2025,5,6,3088,Wind,40,Sunday,February,Winter
9/18/2020,14,15,6021,Wind,262,Friday,September,Fall
11/18/2024,7,8,9481,Wind,323,Monday,November,Fall
4/19/2022,11,12,4623,Solar,109,Tuesday,April,Spring
11/27/2020,10,11,2632,Wind,332,Friday,November,Fall
11/16/2020,11,12,9214,Wind,321,Monday,November,Fall
2/12/2020,2,3,9274,Wind,43,Wednesday,February,Winter
7/15/2021,0,1,7907,Wind,196,Thursday,July,Summer
11/27/2025,4,5,6967,Wind,331,Thursday,November,Fall
8/5/2024,14,15,8671,Solar,218,Monday,August,Summer
5/16/2021,20,21,9142,Wind,136,Sunday,May,Spring
2/24/2021,21,22,6699,Wind,55,Wednesday,February,Winter
3/5/2020,6,7,5871,Wind,65,Thursday,March,Spring
6/3/2024,1,2,3047,Wind,155,Monday,June,Summer
2/6/2025,7,8,5595,Wind,37,Thursday,February,Winter
9/2/2023,2,3,2089,Wind,245,Saturday,September,Fall
11/14/2022,16,17,4420,Wind,318,Monday,November,Fall
1/31/2020,9,10,6229,Wind,31,Friday,January,Winter
6/13/2021,7,8,2420,Wind,164,Sunday,June,Summer
8/14/2024,19,20,3688,Wind,227,Wednesday,August,Summer
5/25/2024,18,19,3720,Solar,146,Saturday,May,Spring
12/27/2020,22,23,7389,Wind,362,Sunday,December,Winter
4/1/2020,13,14,5326,Solar,92,Wednesday,April,Spring
1/18/2023,18,19,5216,Wind,18,Wednesday,January,Winter
3/13/2021,23,0,11499,Wind,72,Saturday,March,Spring
7/25/2024,9,10,4811,Solar,207,Thursday,July,Summer
12/25/2024,11,12,3467,Solar,360,Wednesday,December,Winter
6/23/2023,6,7,1435,Wind,174,Friday,June,Summer
4/22/2022,14,15,8327,Solar,112,Friday,April,Spring
3/16/2020,14,15,3423,Wind,76,Monday,March,Spring
6/6/2022,1,2,2710,Wind,157,Monday,June,Summer
12/11/2021,0,1,10034,Wind,345,Saturday,December,Winter
10/12/2021,8,9,2616,Wind,285,Tuesday,October,Fall
4/8/2025,11,12,9010,Solar,98,Tuesday,April,Spring
7/30/2025,11,12,7443,Solar,211,Wednesday,July,Summer
12/19/2020,8,9,11340,Wind,354,Saturday,December,Winter
7/6/2023,13,14,7124,Solar,187,Thursday,July,Summer
6/13/2021,15,16,4905,Solar,164,Sunday,June,Summer
7/11/2020,10,11,4169,Solar,193,Saturday,July,Summer
9/4/2020,18,19,2508,Solar,248,Friday,September,Fall
8/18/2020,21,22,697,Wind,231,Tuesday,August,Summer
6/23/2024,19,20,3387,Solar,175,Sunday,June,Summer
12/18/2020,5,6,5793,Wind,353,Friday,December,Winter
10/4/2025,6,7,17093,Wind,277,Saturday,October,Fall
3/12/2024,22,23,8894,Wind,72,Tuesday,March,Spring
10/21/2024,9,10,5133,Wind,295,Monday,October,Fall
3/11/2025,22,23,4647,Wind,70,Tuesday,March,Spring
8/6/2021,13,14,12722,Wind,218,Friday,August,Summer
1/25/2025,15,16,5523,Wind,25,Saturday,January,Winter
3/12/2020,3,4,10434,Wind,72,Thursday,March,Spring
12/28/2021,1,2,12227,Wind,362,Tuesday,December,Winter
6/8/2023,7,8,4772,Wind,159,Thursday,June,Summer
10/3/2024,11,12,11198,Wind,277,Thursday,October,Fall
1/18/2023,19,20,5226,Wind,18,Wednesday,January,Winter
6/6/2022,4,5,1864,Wind,157,Monday,June,Summer
12/8/2021,18,19,5364,Wind,342,Wednesday,December,Winter
3/15/2020,1,2,3727,Wind,75,Sunday,March,Spring
3/18/2022,12,13,14015,Wind,77,Friday,March,Spring
3/11/2022,20,21,10416,Wind,70,Friday,March,Spring
2/6/2025,16,17,12071,Wind,37,Thursday,February,Winter
4/23/2022,0,1,5823,Wind,113,Saturday,April,Spring
2/13/2023,14,15,6344,Solar,44,Monday,February,Winter
12/26/2023,20,21,2721,Wind,360,Tuesday,December,Winter
8/24/2020,0,1,2460,Wind,237,Monday,August,Summer
10/29/2020,13,14,8549,Wind,303,Thursday,October,Fall
5/24/2022,23,0,1737,Wind,144,Tuesday,May,Spring
10/21/2024,8,9,4204,Wind,295,Monday,October,Fall
4/16/2022,18,19,8184,Wind,106,Saturday,April,Spring
5/16/2022,19,20,1701,Solar,136,Monday,May,Spring
5/19/2024,23,0,1146,Wind,140,Sunday,May,Spring
10/9/2022,17,18,3480,Solar,282,Sunday,October,Fall
5/19/2022,10,11,7130,Wind,139,Thursday,May,Spring
7/1/2022,7,8,2336,Wind,182,Friday,July,Summer
5/9/2023,8,9,4052,Wind,129,Tuesday,May,Spring
2/3/2022,16,17,2472,Wind,34,Thursday,February,Winter
6/6/2021,14,15,5111,Solar,157,Sunday,June,Summer
9/20/2021,4,5,1552,Wind,263,Monday,September,Fall
5/8/2024,19,20,4590,Wind,129,Wednesday,May,Spring
5/31/2020,17,18,6587,Wind,152,Sunday,May,Spring
3/27/2022,22,23,2412,Wind,86,Sunday,March,Spring
9/12/2022,18,19,2581,Wind,255,Monday,September,Fall
8/18/2024,11,12,8765,Solar,231,Sunday,August,Summer
5/4/2020,15,16,5337,Solar,125,Monday,May,Spring
10/23/2024,6,7,1709,Wind,297,Wednesday,October,Fall
2/10/2022,6,7,5360,Wind,41,Thursday,February,Winter
4/8/2020,17,18,2595,Solar,99,Wednesday,April,Spring
9/2/2022,1,2,2750,Wind,245,Friday,September,Fall
5/22/2022,2,3,2963,Wind,142,Sunday,May,Spring
1/28/2022,8,9,1216,Wind,28,Friday,January,Winter
7/12/2021,5,6,2454,Wind,193,Monday,July,Summer
11/5/2023,1,2,14785,Wind,309,Sunday,November,Fall
2/12/2024,7,8,2207,Wind,43,Monday,February,Winter
6/9/2024,4,5,3499,Wind,161,Sunday,June,Summer
5/3/2023,18,19,8694,Wind,123,Wednesday,May,Spring
2/22/2025,9,10,10315,Wind,53,Saturday,February,Winter
11/23/2024,3,4,9018,Wind,328,Saturday,November,Fall
4/20/2024,23,0,6161,Wind,111,Saturday,April,Spring
1/14/2022,10,11,2655,Solar,14,Friday,January,Winter
12/22/2024,14,15,18534,Wind,357,Sunday,December,Winter
1/1/2023,16,17,9041,Wind,1,Sunday,January,Winter
7/31/2023,6,7,8004,Wind,212,Monday,July,Summer
6/19/2021,15,16,4434,Solar,170,Saturday,June,Summer
6/15/2025,7,8,2381,Wind,166,Sunday,June,Summer
7/13/2023,11,12,8460,Solar,194,Thursday,July,Summer
11/20/2022,14,15,11679,Wind,324,Sunday,November,Fall
7/29/2023,16,17,11633,Wind,210,Saturday,July,Summer
6/26/2024,17,18,5746,Solar,178,Wednesday,June,Summer
5/27/2025,2,3,6782,Wind,147,Tuesday,May,Spring
5/17/2023,11,12,12591,Solar,137,Wednesday,May,Spring
11/5/2021,8,9,3138,Wind,309,Friday,November,Fall
9/20/2024,9,10,6343,Wind,264,Friday,September,Fall
8/2/2023,15,16,20359,Wind,214,Wednesday,August,Summer
5/13/2024,23,0,6358,Wind,134,Monday,May,Spring
12/25/2024,16,17,1322,Wind,360,Wednesday,December,Winter
9/29/2020,18,19,1250,Wind,273,Tuesday,September,Fall
2/4/2021,9,10,2756,Wind,35,Thursday,February,Winter
1/26/2021,12,13,5374,Wind,26,Tuesday,January,Winter
3/2/2023,11,12,5920,Solar,61,Thursday,March,Spring
8/29/2020,0,1,3168,Wind,242,Saturday,August,Summer
8/28/2020,14,15,8716,Wind,241,Friday,August,Summer
5/10/2023,8,9,7126,Wind,130,Wednesday,May,Spring
4/24/2023,17,18,8130,Wind,114,Monday,April,Spring
4/19/2022,2,3,2920,Wind,109,Tuesday,April,Spring
4/23/2022,13,14,8065,Wind,113,Saturday,April,Spring
9/25/2025,1,2,3175,Wind,268,Thursday,September,Fall
5/17/2023,10,11,10667,Solar,137,Wednesday,May,Spring
3/17/2020,21,22,596,Wind,77,Tuesday,March,Spring
7/6/2023,12,13,6939,Solar,187,Thursday,July,Summer
4/9/2020,9,10,2595,Solar,100,Thursday,April,Spring
5/1/2023,12,13,7715,Solar,121,Monday,May,Spring
4/21/2023,18,19,4021,Solar,111,Friday,April,Spring
5/5/2023,22,23,1319,Wind,125,Friday,May,Spring
4/24/2020,1,2,1022,Wind,115,Friday,April,Spring
7/17/2023,12,13,9207,Solar,198,Monday,July,Summer
11/6/2020,18,19,6817,Wind,311,Friday,November,Fall
3/17/2020,9,10,1714,Solar,77,Tuesday,March,Spring
7/28/2020,7,8,3211,Wind,210,Tuesday,July,Summer
7/19/2022,6,7,5940,Wind,200,Tuesday,July,Summer
7/9/2020,18,19,5677,Wind,191,Thursday,July,Summer
6/24/2023,7,8,3270,Wind,175,Saturday,June,Summer
11/27/2021,10,11,9185,Wind,331,Saturday,November,Fall
2/12/2022,14,15,7521,Solar,43,Saturday,February,Winter
11/6/2021,4,5,2796,Wind,310,Saturday,November,Fall
2/14/2021,15,16,9763,Wind,45,Sunday,February,Winter
6/24/2024,18,19,5797,Solar,176,Monday,June,Summer
4/4/2020,9,10,3591,Wind,95,Saturday,April,Spring
10/23/2022,0,1,6954,Wind,296,Sunday,October,Fall
12/10/2023,20,21,15601,Wind,344,Sunday,December,Winter
5/26/2023,21,22,7754,Wind,146,Friday,May,Spring
5/22/2025,20,21,5574,Wind,142,Thursday,May,Spring
12/27/2021,1,2,3966,Wind,361,Monday,December,Winter
6/27/2022,6,7,1238,Wind,178,Monday,June,Summer
3/24/2022,16,17,4803,Solar,83,Thursday,March,Spring
9/27/2020,18,19,8052,Wind,271,Sunday,September,Fall
5/2/2022,6,7,2029,Wind,122,Monday,May,Spring
1/5/2020,9,10,2245,Wind,5,Sunday,January,Winter
2/15/2021,0,1,9792,Wind,46,Monday,February,Winter
1/16/2024,1,2,2010,Wind,16,Tuesday,January,Winter
1/16/2025,16,17,3827,Wind,16,Thursday,January,Winter
6/20/2025,14,15,11681,Solar,171,Friday,June,Summer
5/14/2023,8,9,3884,Wind,134,Sunday,May,Spring
6/16/2025,9,10,6557,Solar,167,Monday,June,Summer
2/4/2021,17,18,2798,Wind,35,Thursday,February,Winter
10/22/2023,3,4,8628,Wind,295,Sunday,October,Fall
5/19/2024,10,11,2455,Solar,140,Sunday,May,Spring
5/17/2022,9,10,4347,Solar,137,Tuesday,May,Spring
6/4/2022,15,16,5828,Solar,155,Saturday,June,Summer
2/22/2025,5,6,10238,Wind,53,Saturday,February,Winter
12/7/2021,14,15,12122,Wind,341,Tuesday,December,Winter
9/6/2024,17,18,4893,Solar,250,Friday,September,Fall
7/12/2022,6,7,2572,Wind,193,Tuesday,July,Summer
11/15/2024,14,15,4951,Solar,320,Friday,November,Fall
3/22/2020,13,14,10827,Wind,82,Sunday,March,Spring
9/30/2023,7,8,889,Wind,273,Saturday,September,Fall
8/15/2025,1,2,4242,Wind,227,Friday,August,Summer
1/7/2023,14,15,15880,Wind,7,Saturday,January,Winter
2/28/2024,2,3,3703,Wind,59,Wednesday,February,Winter
4/15/2023,17,18,13143,Wind,105,Saturday,April,Spring
4/1/2021,15,16,6405,Solar,91,Thursday,April,Spring
9/22/2025,12,13,15222,Wind,265,Monday,September,Fall
3/29/2023,2,3,4865,Wind,88,Wednesday,March,Spring
2/7/2021,8,9,4598,Wind,38,Sunday,February,Winter
8/3/2022,18,19,3379,Solar,215,Wednesday,August,Summer
3/11/2022,16,17,12628,Wind,70,Friday,March,Spring
9/22/2021,20,21,1945,Wind,265,Wednesday,September,Fall
7/24/2024,6,7,1089,Wind,206,Wednesday,July,Summer
4/2/2025,18,19,15030,Wind,92,Wednesday,April,Spring
8/1/2024,0,1,1649,Wind,214,Thursday,August,Summer
2/15/2020,9,10,8611,Wind,46,Saturday,February,Winter
12/28/2020,16,17,9395,Wind,363,Monday,December,Winter
6/30/2023,13,14,8565,Solar,181,Friday,June,Summer
5/31/2022,0,1,2131,Wind,151,Tuesday,May,Spring
6/21/2024,6,7,1717,Wind,173,Friday,June,Summer
8/5/2021,17,18,9475,Wind,217,Thursday,August,Summer
5/13/2022,16,17,6107,Solar,133,Friday,May,Spring
12/19/2022,11,12,14450,Wind,353,Monday,December,Winter
4/21/2024,7,8,5871,Wind,112,Sunday,April,Spring
11/2/2023,0,1,17146,Wind,306,Thursday,November,Fall
11/4/2023,13,14,18105,Wind,308,Saturday,November,Fall
11/29/2020,16,17,2659,Wind,334,Sunday,November,Fall
1/4/2021,7,8,1589,Wind,4,Monday,January,Winter
12/23/2020,22,23,12177,Wind,358,Wednesday,December,Winter
12/28/2024,23,0,638,Wind,363,Saturday,December,Winter
5/28/2020,17,18,6840,Wind,149,Thursday,May,Spring
4/12/2020,0,1,978,Wind,103,Sunday,April,Spring
12/15/2020,21,22,4427,Wind,350,Tuesday,December,Winter
3/21/2022,18,19,3512,Wind,80,Monday,March,Spring
12/31/2022,19,20,16435,Wind,365,Saturday,December,Winter
5/31/2021,15,16,7096,Solar,151,Monday,May,Spring
11/13/2024,4,5,6882,Wind,318,Wednesday,November,Fall
4/9/2023,12,13,7478,Solar,99,Sunday,April,Spring
2/22/2021,1,2,7591,Wind,53,Monday,February,Winter
2/25/2025,4,5,3644,Wind,56,Tuesday,February,Winter
12/19/2021,18,19,3022,Wind,353,Sunday,December,Winter
11/24/2020,23,0,6768,Wind,329,Tuesday,November,Fall
9/10/2021,22,23,1997,Wind,253,Friday,September,Fall
4/13/2021,1,2,1796,Wind,103,Tuesday,April,Spring
8/4/2022,0,1,1586,Wind,216,Thursday,August,Summer
5/4/2025,18,19,12606,Wind,124,Sunday,May,Spring
8/29/2020,14,15,5103,Wind,242,Saturday,August,Summer
7/19/2023,8,9,4118,Wind,200,Wednesday,July,Summer
12/4/2023,3,4,13158,Wind,338,Monday,December,Winter
12/4/2022,4,5,3430,Wind,338,Sunday,December,Winter
6/13/2024,20,21,4639,Wind,165,Thursday,June,Summer
5/7/2025,1,2,8947,Wind,127,Wednesday,May,Spring
8/28/2023,19,20,4554,Wind,240,Monday,August,Summer
8/5/2023,20,21,14188,Wind,217,Saturday,August,Summer
1/18/2025,3,4,1157,Wind,18,Saturday,January,Winter
5/23/2022,0,1,3636,Wind,143,Monday,May,Spring
11/30/2025,6,7,4387,Wind,334,Sunday,November,Fall
10/7/2021,16,17,4917,Solar,280,Thursday,October,Fall
3/12/2020,6,7,9223,Wind,72,Thursday,March,Spring
1/20/2021,15,16,14624,Wind,20,Wednesday,January,Winter
8/5/2024,22,23,1034,Wind,218,Monday,August,Summer
10/23/2025,3,4,12997,Wind,296,Thursday,October,Fall
10/20/2020,6,7,10003,Wind,294,Tuesday,October,Fall
5/5/2022,12,13,5897,Solar,125,Thursday,May,Spring
1/23/2020,22,23,2779,Wind,23,Thursday,January,Winter
7/7/2021,13,14,5429,Solar,188,Wednesday,July,Summer
7/25/2020,1,2,1543,Wind,207,Saturday,July,Summer
7/18/2020,1,2,1515,Wind,200,Saturday,July,Summer
9/26/2021,6,7,2281,Wind,269,Sunday,September,Fall
4/29/2024,1,2,2419,Wind,120,Monday,April,Spring
9/19/2021,22,23,2332,Wind,262,Sunday,September,Fall
8/30/2022,4,5,3592,Wind,242,Tuesday,August,Summer
9/16/2023,13,14,8664,Solar,259,Saturday,September,Fall
6/22/2022,1,2,3887,Wind,173,Wednesday,June,Summer
4/19/2020,19,20,4931,Wind,110,Sunday,April,Spring
4/9/2024,22,23,8756,Wind,100,Tuesday,April,Spring
3/11/2025,17,18,5580,Wind,70,Tuesday,March,Spring
10/1/2024,9,10,7164,Wind,275,Tuesday,October,Fall
8/16/2024,19,20,3335,Wind,229,Friday,August,Summer
9/5/2024,1,2,3657,Wind,249,Thursday,September,Fall
9/29/2025,11,12,7678,Solar,272,Monday,September,Fall
5/24/2020,5,6,3046,Wind,145,Sunday,May,Spring
4/15/2023,10,11,10771,Wind,105,Saturday,April,Spring
6/7/2023,3,4,4685,Wind,158,Wednesday,June,Summer
9/2/2021,17,18,5612,Wind,245,Thursday,September,Fall
1/2/2023,22,23,4218,Wind,2,Monday,January,Winter
11/4/2021,16,17,3606,Wind,308,Thursday,November,Fall
12/6/2024,11,12,12425,Wind,341,Friday,December,Winter
12/13/2023,4,5,9180,Wind,347,Wednesday,December,Winter
11/30/2024,13,14,4668,Solar,335,Saturday,November,Fall
9/16/2025,6,7,9715,Wind,259,Tuesday,September,Fall
3/3/2023,20,21,5832,Wind,62,Friday,March,Spring
2/17/2023,3,4,7265,Wind,48,Friday,February,Winter
7/19/2024,3,4,1551,Wind,201,Friday,July,Summer
5/9/2022,10,11,4782,Solar,129,Monday,May,Spring
4/8/2022,9,10,6382,Wind,98,Friday,April,Spring
8/30/2023,19,20,5549,Wind,242,Wednesday,August,Summer
2/15/2023,16,17,3695,Solar,46,Wednesday,February,Winter
6/9/2022,16,17,8567,Solar,160,Thursday,June,Summer
2/13/2020,6,7,11612,Wind,44,Thursday,February,Winter
3/20/2023,16,17,5436,Solar,79,Monday,March,Spring
11/15/2023,14,15,10772,Wind,319,Wednesday,November,Fall
12/12/2024,22,23,3318,Wind,347,Thursday,December,Winter
5/14/2021,21,22,3668,Wind,134,Friday,May,Spring
5/18/2024,9,10,3617,Solar,139,Saturday,May,Spring
10/24/2020,0,1,5673,Wind,298,Saturday,October,Fall
11/19/2020,11,12,10362,Wind,324,Thursday,November,Fall
5/17/2023,0,1,7939,Wind,137,Wednesday,May,Spring
8/19/2021,14,15,5079,Solar,231,Thursday,August,Summer
8/7/2024,9,10,3763,Solar,220,Wednesday,August,Summer
8/10/2022,7,8,5109,Wind,222,Wednesday,August,Summer
5/30/2020,0,1,5257,Wind,151,Saturday,May,Spring
10/14/2021,19,20,884,Wind,287,Thursday,October,Fall
10/30/2020,0,1,8074,Wind,304,Friday,October,Fall
11/30/2021,23,0,12923,Wind,334,Tuesday,November,Fall
10/18/2024,3,4,5240,Wind,292,Friday,October,Fall
11/13/2021,10,11,5285,Wind,317,Saturday,November,Fall
6/17/2023,14,15,6725,Solar,168,Saturday,June,Summer
3/26/2021,9,10,5822,Wind,85,Friday,March,Spring
7/11/2022,15,16,8839,Solar,192,Monday,July,Summer
10/6/2022,8,9,1848,Wind,279,Thursday,October,Fall
11/21/2020,18,19,2645,Wind,326,Saturday,November,Fall
6/2/2020,20,21,1623,Wind,154,Tuesday,June,Summer
12/8/2021,8,9,7536,Wind,342,Wednesday,December,Winter
6/10/2021,5,6,1077,Wind,161,Thursday,June,Summer
8/31/2021,15,16,8581,Solar,243,Tuesday,August,Summer
1/14/2022,8,9,891,Wind,14,Friday,January,Winter
4/17/2023,9,10,5631,Solar,107,Monday,April,Spring
4/28/2023,4,5,4743,Wind,118,Friday,April,Spring
2/2/2023,16,17,7966,Wind,33,Thursday,February,Winter
5/26/2024,22,23,3079,Wind,147,Sunday,May,Spring
3/17/2022,18,19,5041,Wind,76,Thursday,March,Spring
6/12/2021,5,6,1612,Wind,163,Saturday,June,Summer
8/22/2022,23,0,1343,Wind,234,Monday,August,Summer
4/13/2021,5,6,2747,Wind,103,Tuesday,April,Spring
5/25/2024,22,23,1939,Wind,146,Saturday,May,Spring
7/23/2024,4,5,5296,Wind,205,Tuesday,July,Summer
10/22/2024,14,15,5151,Solar,296,Tuesday,October,Fall
9/8/2025,1,2,3247,Wind,251,Monday,September,Fall
2/5/2024,0,1,7250,Wind,36,Monday,February,Winter
11/2/2025,0,1,8891,Wind,306,Sunday,November,Fall
5/30/2021,20,21,3606,Wind,150,Sunday,May,Spring
7/18/2021,15,16,8491,Wind,199,Sunday,July,Summer
10/4/2023,8,9,2909,Wind,277,Wednesday,October,Fall
12/16/2020,20,21,7854,Wind,351,Wednesday,December,Winter
11/18/2022,15,16,4771,Wind,322,Friday,November,Fall
8/6/2022,19,20,7487,Wind,218,Saturday,August,Summer
8/10/2022,5,6,5582,Wind,222,Wednesday,August,Summer
4/8/2024,4,5,3115,Wind,99,Monday,April,Spring
12/30/2021,14,15,8402,Wind,364,Thursday,December,Winter
11/27/2022,16,17,6863,Wind,331,Sunday,November,Fall
4/25/2024,3,4,1051,Wind,116,Thursday,April,Spring
2/7/2022,21,22,4624,Wind,38,Monday,February,Winter
5/29/2022,7,8,4550,Wind,149,Sunday,May,Spring
11/26/2021,9,10,5880,Wind,330,Friday,November,Fall
3/6/2022,20,21,7259,Wind,65,Sunday,March,Spring
4/9/2024,18,19,14993,Wind,100,Tuesday,April,Spring
7/5/2020,19,20,9243,Wind,187,Sunday,July,Summer
11/8/2020,14,15,3198,Solar,313,Sunday,November,Fall
7/3/2021,4,5,2200,Wind,184,Saturday,July,Summer
8/18/2024,21,22,3802,Wind,231,Sunday,August,Summer
2/3/2024,15,16,7256,Wind,34,Saturday,February,Winter
2/22/2020,5,6,8212,Wind,53,Saturday,February,Winter
8/24/2025,17,18,7445,Solar,236,Sunday,August,Summer
1/31/2025,7,8,4032,Wind,31,Friday,January,Winter
1/29/2022,6,7,6295,Wind,29,Saturday,January,Winter
5/16/2024,4,5,1985,Wind,137,Thursday,May,Spring
9/9/2025,5,6,1712,Wind,252,Tuesday,September,Fall
5/7/2025,22,23,5970,Wind,127,Wednesday,May,Spring
11/4/2021,5,6,3125,Wind,308,Thursday,November,Fall
8/26/2024,14,15,10162,Solar,239,Monday,August,Summer
5/24/2022,5,6,6008,Wind,144,Tuesday,May,Spring
8/21/2022,17,18,4032,Solar,233,Sunday,August,Summer
11/3/2021,8,9,3933,Wind,307,Wednesday,November,Fall
4/8/2020,16,17,3264,Solar,99,Wednesday,April,Spring
8/30/2024,8,9,4148,Wind,243,Friday,August,Summer
6/30/2022,0,1,1528,Wind,181,Thursday,June,Summer
8/27/2022,12,13,7198,Solar,239,Saturday,August,Summer
11/5/2021,12,13,4648,Solar,309,Friday,November,Fall
5/3/2022,2,3,4519,Wind,123,Tuesday,May,Spring
6/14/2020,20,21,1888,Wind,166,Sunday,June,Summer
10/9/2024,0,1,12523,Wind,283,Wednesday,October,Fall
11/24/2024,20,21,19513,Wind,329,Sunday,November,Fall
12/17/2024,20,21,9136,Wind,352,Tuesday,December,Winter
4/2/2024,4,5,13180,Wind,93,Tuesday,April,Spring
9/2/2021,5,6,5765,Wind,245,Thursday,September,Fall
12/29/2020,8,9,4269,Wind,364,Tuesday,December,Winter
3/16/2023,20,21,10081,Wind,75,Thursday,March,Spring
2/4/2024,19,20,8459,Wind,35,Sunday,February,Winter
4/20/2023,18,19,6268,Wind,110,Thursday,April,Spring
3/23/2022,9,10,5419,Solar,82,Wednesday,March,Spring
3/5/2024,19,20,3141,Wind,65,Tuesday,March,Spring
1/17/2020,2,3,9390,Wind,17,Friday,January,Winter
9/7/2023,1,2,2893,Wind,250,Thursday,September,Fall
12/23/2024,22,23,4916,Wind,358,Monday,December,Winter
6/23/2024,14,15,4090,Solar,175,Sunday,June,Summer
9/27/2021,11,12,10123,Wind,270,Monday,September,Fall
7/18/2025,2,3,1564,Wind,199,Friday,July,Summer
12/10/2022,4,5,1533,Wind,344,Saturday,December,Winter
4/19/2023,18,19,7115,Wind,109,Wednesday,April,Spring
5/30/2025,15,16,4444,Solar,150,Friday,May,Spring
11/15/2024,10,11,5039,Solar,320,Friday,November,Fall
8/22/2022,3,4,1609,Wind,234,Monday,August,Summer
6/14/2022,16,17,5556,Solar,165,Tuesday,June,Summer
1/29/2023,20,21,4213,Wind,29,Sunday,January,Winter
12/1/2022,23,0,2895,Wind,335,Thursday,December,Winter
12/5/2024,18,19,16688,Wind,340,Thursday,December,Winter
10/16/2022,20,21,7022,Wind,289,Sunday,October,Fall
8/21/2020,3,4,6690,Wind,234,Friday,August,Summer
12/22/2021,6,7,2824,Wind,356,Wednesday,December,Winter
7/21/2025,6,7,11030,Wind,202,Monday,July,Summer
1/2/2024,5,6,17248,Wind,2,Tuesday,January,Winter
4/11/2025,7,8,3644,Wind,101,Friday,April,Spring
8/2/2025,15,16,12289,Solar,214,Saturday,August,Summer
4/2/2021,19,20,11290,Wind,92,Friday,April,Spring
3/13/2023,8,9,15437,Wind,72,Monday,March,Spring
11/2/2024,2,3,1771,Wind,307,Saturday,November,Fall
5/16/2023,11,12,13805,Wind,136,Tuesday,May,Spring
9/22/2024,18,19,4071,Wind,266,Sunday,September,Fall
10/28/2021,10,11,7333,Wind,301,Thursday,October,Fall
8/31/2021,1,2,4199,Wind,243,Tuesday,August,Summer
2/6/2023,1,2,8096,Wind,37,Monday,February,Winter
10/3/2025,9,10,6874,Wind,276,Friday,October,Fall
7/8/2023,20,21,1493,Wind,189,Saturday,July,Summer
11/7/2024,15,16,3966,Wind,312,Thursday,November,Fall
8/1/2023,20,21,7412,Wind,213,Tuesday,August,Summer
12/4/2024,4,5,1527,Wind,339,Wednesday,December,Winter
3/18/2024,8,9,2921,Wind,78,Monday,March,Spring
12/30/2020,19,20,5298,Wind,365,Wednesday,December,Winter
5/20/2023,13,14,11018,Wind,140,Saturday,May,Spring
2/23/2022,6,7,915,Wind,54,Wednesday,February,Winter
6/24/2024,6,7,3013,Wind,176,Monday,June,Summer
12/9/2020,22,23,4120,Wind,344,Wednesday,December,Winter
12/2/2020,6,7,3538,Wind,337,Wednesday,December,Winter
4/18/2025,20,21,7067,Wind,108,Friday,April,Spring
4/17/2022,22,23,5787,Wind,107,Sunday,April,Spring
10/6/2020,21,22,11000,Wind,280,Tuesday,October,Fall
7/28/2024,18,19,7133,Solar,210,Sunday,July,Summer
9/14/2021,6,7,2764,Wind,257,Tuesday,September,Fall
9/3/2025,6,7,13678,Wind,246,Wednesday,September,Fall
5/5/2025,17,18,12722,Wind,125,Monday,May,Spring
9/1/2020,14,15,4740,Solar,245,Tuesday,September,Fall
6/6/2022,5,6,1806,Wind,157,Monday,June,Summer
10/4/2020,2,3,8818,Wind,278,Sunday,October,Fall
6/26/2021,7,8,633,Solar,177,Saturday,June,Summer
6/2/2023,2,3,7043,Wind,153,Friday,June,Summer
2/15/2025,4,5,5875,Wind,46,Saturday,February,Winter
1/29/2022,10,11,9123,Wind,29,Saturday,January,Winter
2/13/2025,20,21,4432,Wind,44,Thursday,February,Winter
9/19/2022,11,12,6983,Solar,262,Monday,September,Fall
6/29/2024,3,4,4100,Wind,181,Saturday,June,Summer
7/11/2025,12,13,12811,Solar,192,Friday,July,Summer
3/7/2021,14,15,2799,Solar,66,Sunday,March,Spring
3/7/2022,4,5,6613,Wind,66,Monday,March,Spring
6/17/2020,20,21,1500,Wind,169,Wednesday,June,Summer
3/14/2022,2,3,6130,Wind,73,Monday,March,Spring
5/2/2024,2,3,5050,Wind,123,Thursday,May,Spring
3/8/2025,22,23,12431,Wind,67,Saturday,March,Spring
5/5/2022,6,7,1715,Wind,125,Thursday,May,Spring
6/23/2024,0,1,2581,Wind,175,Sunday,June,Summer
2/14/2020,8,9,3683,Wind,45,Friday,February,Winter
8/2/2025,1,2,4270,Wind,214,Saturday,August,Summer
5/5/2024,1,2,3256,Wind,126,Sunday,May,Spring
4/30/2023,9,10,4169,Wind,120,Sunday,April,Spring
2/9/2025,17,18,1709,Wind,40,Sunday,February,Winter
8/11/2025,18,19,6420,Solar,223,Monday,August,Summer
3/10/2025,8,9,3471,Wind,69,Monday,March,Spring
4/3/2020,19,20,1256,Wind,94,Friday,April,Spring
2/1/2022,14,15,14323,Wind,32,Tuesday,February,Winter
4/9/2024,21,22,9329,Wind,100,Tuesday,April,Spring
5/2/2022,19,20,3754,Wind,122,Monday,May,Spring
10/8/2022,0,1,3051,Wind,281,Saturday,October,Fall
11/11/2022,6,7,3328,Wind,315,Friday,November,Fall
10/5/2022,11,12,11975,Wind,278,Wednesday,October,Fall
5/26/2025,14,15,6702,Solar,146,Monday,May,Spring
2/16/2023,4,5,3973,Wind,47,Thursday,February,Winter
12/14/2022,15,16,2542,Wind,348,Wednesday,December,Winter
2/14/2020,12,13,5860,Wind,45,Friday,February,Winter
3/13/2020,7,8,6097,Wind,73,Friday,March,Spring
12/7/2021,8,9,5489,Wind,341,Tuesday,December,Winter
9/23/2021,19,20,1224,Wind,266,Thursday,September,Fall
9/5/2024,6,7,5710,Wind,249,Thursday,September,Fall
11/16/2022,22,23,15448,Wind,320,Wednesday,November,Fall
3/12/2022,6,7,6239,Wind,71,Saturday,March,Spring
2/19/2024,17,18,7758,Wind,50,Monday,February,Winter
3/8/2022,10,11,7990,Wind,67,Tuesday,March,Spring
9/7/2020,9,10,3027,Solar,251,Monday,September,Fall
9/6/2020,15,16,4473,Solar,250,Sunday,September,Fall
1/21/2022,8,9,4551,Wind,21,Friday,January,Winter
9/16/2021,10,11,1635,Solar,259,Thursday,September,Fall
4/6/2024,18,19,8976,Wind,97,Saturday,April,Spring
11/12/2024,1,2,8188,Wind,317,Tuesday,November,Fall
10/19/2025,2,3,6818,Wind,292,Sunday,October,Fall
5/13/2023,22,23,5777,Wind,133,Saturday,May,Spring
12/8/2022,21,22,2632,Wind,342,Thursday,December,Winter
3/22/2022,11,12,8531,Solar,81,Tuesday,March,Spring
12/25/2023,15,16,12985,Wind,359,Monday,December,Winter
2/6/2025,20,21,12160,Wind,37,Thursday,February,Winter
2/7/2022,2,3,13497,Wind,38,Monday,February,Winter
1/18/2023,16,17,5234,Wind,18,Wednesday,January,Winter
1/26/2025,1,2,10365,Wind,26,Sunday,January,Winter
5/4/2024,23,0,3298,Wind,125,Saturday,May,Spring
6/4/2024,23,0,4473,Wind,156,Tuesday,June,Summer
1/18/2021,8,9,2915,Wind,18,Monday,January,Winter
11/22/2021,15,16,11582,Wind,326,Monday,November,Fall
2/28/2024,6,7,2370,Wind,59,Wednesday,February,Winter
11/12/2020,9,10,5105,Wind,317,Thursday,November,Fall
8/24/2022,12,13,6402,Solar,236,Wednesday,August,Summer
11/8/2021,14,15,4153,Solar,312,Monday,November,Fall
1/14/2022,5,6,1127,Wind,14,Friday,January,Winter
6/3/2025,13,14,6959,Wind,154,Tuesday,June,Summer
1/1/2020,15,16,1323,Wind,1,Wednesday,January,Winter
5/19/2023,5,6,5256,Wind,139,Friday,May,Spring
7/3/2022,20,21,2890,Wind,184,Sunday,July,Summer
6/16/2020,23,0,1468,Wind,168,Tuesday,June,Summer
2/19/2024,12,13,10225,Wind,50,Monday,February,Winter
1/9/2020,21,22,10944,Wind,9,Thursday,January,Winter
6/12/2022,18,19,5222,Wind,163,Sunday,June,Summer
4/11/2020,20,21,725,Wind,102,Saturday,April,Spring
9/6/2022,4,5,3166,Wind,249,Tuesday,September,Fall
6/8/2020,1,2,1496,Wind,160,Monday,June,Summer
12/13/2022,3,4,6816,Wind,347,Tuesday,December,Winter
10/7/2024,15,16,7138,Wind,281,Monday,October,Fall
8/13/2024,0,1,1600,Wind,226,Tuesday,August,Summer
5/26/2024,8,9,5565,Wind,147,Sunday,May,Spring
8/19/2024,15,16,9088,Solar,232,Monday,August,Summer
11/4/2023,18,19,15770,Wind,308,Saturday,November,Fall
4/14/2021,10,11,5528,Solar,104,Wednesday,April,Spring
11/2/2023,7,8,15300,Wind,306,Thursday,November,Fall
7/31/2023,22,23,10752,Wind,212,Monday,July,Summer
8/1/2022,18,19,3859,Solar,213,Monday,August,Summer
2/13/2025,1,2,1112,Wind,44,Thursday,February,Winter
11/6/2021,7,8,2797,Wind,310,Saturday,November,Fall
10/11/2025,9,10,5515,Wind,284,Saturday,October,Fall
11/28/2020,4,5,3659,Wind,333,Saturday,November,Fall
9/17/2025,19,20,3567,Wind,260,Wednesday,September,Fall
2/1/2024,22,23,1902,Wind,32,Thursday,February,Winter
8/9/2025,5,6,1061,Wind,221,Saturday,August,Summer
10/22/2021,22,23,2376,Wind,295,Friday,October,Fall
12/16/2022,2,3,6144,Wind,350,Friday,December,Winter
2/22/2022,12,13,14675,Wind,53,Tuesday,February,Winter
9/15/2023,21,22,4226,Wind,258,Friday,September,Fall
8/6/2021,21,22,2893,Wind,218,Friday,August,Summer
9/6/2024,3,4,1393,Wind,250,Friday,September,Fall
7/28/2025,12,13,11478,Solar,209,Monday,July,Summer
7/26/2024,16,17,6307,Solar,208,Friday,July,Summer
9/15/2021,8,9,2190,Wind,258,Wednesday,September,Fall
3/26/2025,15,16,7167,Solar,85,Wednesday,March,Spring
7/22/2025,21,22,1826,Wind,203,Tuesday,July,Summer
6/9/2020,12,13,4970,Solar,161,Tuesday,June,Summer
12/31/2022,11,12,17264,Wind,365,Saturday,December,Winter
2/15/2025,15,16,7084,Solar,46,Saturday,February,Winter
8/9/2020,18,19,3103,Wind,222,Sunday,August,Summer
10/18/2023,23,0,11879,Wind,291,Wednesday,October,Fall
3/9/2023,21,22,15820,Wind,68,Thursday,March,Spring
9/17/2023,16,17,5366,Wind,260,Sunday,September,Fall
11/18/2023,18,19,12524,Wind,322,Saturday,November,Fall
11/22/2020,13,14,3338,Solar,327,Sunday,November,Fall
12/31/2024,16,17,8495,Wind,366,Tuesday,December,Winter
11/9/2025,14,15,7371,Solar,313,Sunday,November,Fall
6/29/2021,16,17,5193,Solar,180,Tuesday,June,Summer
10/20/2025,18,19,16757,Wind,293,Monday,October,Fall
5/3/2024,19,20,2964,Wind,124,Friday,May,Spring
9/16/2025,20,21,3536,Wind,259,Tuesday,September,Fall
4/12/2025,18,19,11549,Wind,102,Saturday,April,Spring
5/24/2021,18,19,12791,Wind,144,Monday,May,Spring
3/10/2025,10,11,6063,Solar,69,Monday,March,Spring
6/20/2021,9,10,3324,Wind,171,Sunday,June,Summer
8/16/2020,7,8,1272,Wind,229,Sunday,August,Summer
8/25/2023,4,5,2460,Wind,237,Friday,August,Summer
1/22/2025,17,18,5102,Wind,22,Wednesday,January,Winter
1/6/2025,9,10,18975,Wind,6,Monday,January,Winter
5/15/2023,12,13,9340,Solar,135,Monday,May,Spring
7/12/2020,10,11,4498,Solar,194,Sunday,July,Summer
6/13/2024,21,22,5123,Wind,165,Thursday,June,Summer
7/3/2025,14,15,9855,Solar,184,Thursday,July,Summer
8/26/2024,16,17,8375,Solar,239,Monday,August,Summer
9/29/2025,15,16,8318,Solar,272,Monday,September,Fall
4/19/2020,9,10,2105,Wind,110,Sunday,April,Spring
3/4/2023,4,5,4490,Wind,63,Saturday,March,Spring
7/13/2021,15,16,7535,Wind,194,Tuesday,July,Summer
10/9/2025,11,12,5069,Solar,282,Thursday,October,Fall
9/6/2021,10,11,3616,Solar,249,Monday,September,Fall
10/3/2025,18,19,10465,Wind,276,Friday,October,Fall
4/24/2024,16,17,10914,Wind,115,Wednesday,April,Spring
7/3/2023,9,10,6964,Wind,184,Monday,July,Summer
4/9/2020,1,2,894,Wind,100,Thursday,April,Spring
8/8/2020,1,2,1875,Wind,221,Saturday,August,Summer
9/26/2021,15,16,5531,Solar,269,Sunday,September,Fall
12/25/2023,11,12,15160,Wind,359,Monday,December,Winter
4/2/2022,22,23,4539,Wind,92,Saturday,April,Spring
12/14/2023,5,6,7047,Wind,348,Thursday,December,Winter
1/23/2020,16,17,3347,Wind,23,Thursday,January,Winter
10/15/2023,15,16,6957,Solar,288,Sunday,October,Fall
5/31/2020,6,7,4859,Wind,152,Sunday,May,Spring
3/29/2025,21,22,5649,Wind,88,Saturday,March,Spring
10/8/2020,22,23,4432,Wind,282,Thursday,October,Fall
2/17/2021,2,3,8531,Wind,48,Wednesday,February,Winter
5/11/2020,5,6,10139,Wind,132,Monday,May,Spring
9/5/2022,7,8,2789,Wind,248,Monday,September,Fall
7/7/2021,3,4,4006,Wind,188,Wednesday,July,Summer
10/12/2024,6,7,6023,Wind,286,Saturday,October,Fall
6/20/2022,4,5,3009,Wind,171,Monday,June,Summer
10/26/2024,7,8,2152,Wind,300,Saturday,October,Fall
5/18/2020,3,4,2064,Wind,139,Monday,May,Spring
8/2/2022,0,1,1397,Wind,214,Tuesday,August,Summer
1/14/2022,2,3,1410,Wind,14,Friday,January,Winter
7/25/2024,16,17,8796,Solar,207,Thursday,July,Summer
5/26/2023,11,12,10688,Solar,146,Friday,May,Spring
8/22/2024,10,11,10231,Solar,235,Thursday,August,Summer
3/22/2024,5,6,2130,Wind,82,Friday,March,Spring
10/26/2021,16,17,5120,Wind,299,Tuesday,October,Fall
7/19/2025,13,14,14450,Wind,200,Saturday,July,Summer
7/28/2024,6,7,2348,Wind,210,Sunday,July,Summer
2/1/2024,15,16,3444,Wind,32,Thursday,February,Winter
12/26/2022,13,14,10092,Wind,360,Monday,December,Winter
7/30/2024,17,18,4665,Solar,212,Tuesday,July,Summer
8/18/2022,2,3,1182,Wind,230,Thursday,August,Summer
4/16/2025,17,18,6246,Solar,106,Wednesday,April,Spring
11/15/2020,21,22,12149,Wind,320,Sunday,November,Fall
2/26/2025,9,10,9755,Wind,57,Wednesday,February,Winter
2/20/2022,7,8,12571,Wind,51,Sunday,February,Winter
2/20/2025,9,10,9967,Wind,51,Thursday,February,Winter
2/27/2022,3,4,9685,Wind,58,Sunday,February,Winter
12/31/2021,18,19,3904,Wind,365,Friday,December,Winter
7/28/2022,12,13,5588,Solar,209,Thursday,July,Summer
4/28/2021,2,3,1371,Wind,118,Wednesday,April,Spring
12/23/2021,5,6,6602,Wind,357,Thursday,December,Winter
3/14/2024,23,0,10690,Wind,74,Thursday,March,Spring
7/14/2023,9,10,6490,Solar,195,Friday,July,Summer
10/18/2025,4,5,5140,Wind,291,Saturday,October,Fall
4/7/2021,3,4,4251,Wind,97,Wednesday,April,Spring
1/14/2024,13,14,3639,Solar,14,Sunday,January,Winter
4/18/2022,3,4,4344,Wind,108,Monday,April,Spring
6/1/2024,9,10,8993,Wind,153,Saturday,June,Summer
4/24/2020,15,16,3799,Solar,115,Friday,April,Spring
3/13/2022,18,19,5913,Wind,72,Sunday,March,Spring
2/23/2025,12,13,11643,Wind,54,Sunday,February,Winter
11/6/2021,12,13,5852,Solar,310,Saturday,November,Fall
4/4/2025,15,16,6218,Wind,94,Friday,April,Spring
2/10/2022,13,14,6325,Solar,41,Thursday,February,Winter
8/15/2021,2,3,1057,Wind,227,Sunday,August,Summer
6/22/2023,14,15,9306,Wind,173,Thursday,June,Summer
2/23/2020,10,11,13480,Wind,54,Sunday,February,Winter
3/10/2022,22,23,7481,Wind,69,Thursday,March,Spring
8/14/2021,0,1,1478,Wind,226,Saturday,August,Summer
6/5/2020,3,4,3542,Wind,157,Friday,June,Summer
5/22/2020,21,22,2177,Wind,143,Friday,May,Spring
8/26/2025,20,21,3405,Wind,238,Tuesday,August,Summer
7/5/2022,7,8,2105,Wind,186,Tuesday,July,Summer
3/30/2024,13,14,7615,Solar,90,Saturday,March,Spring
1/4/2022,11,12,5975,Wind,4,Tuesday,January,Winter
8/19/2025,10,11,4540,Solar,231,Tuesday,August,Summer
8/12/2023,3,4,1596,Wind,224,Saturday,August,Summer
3/23/2024,10,11,17377,Wind,83,Saturday,March,Spring
7/7/2025,23,0,4873,Wind,188,Monday,July,Summer
1/20/2023,10,11,4641,Wind,20,Friday,January,Winter
3/2/2024,16,17,6629,Wind,62,Saturday,March,Spring
1/5/2022,14,15,7511,Wind,5,Wednesday,January,Winter
9/12/2025,13,14,15434,Wind,255,Friday,September,Fall
2/8/2025,18,19,3104,Wind,39,Saturday,February,Winter
4/11/2020,7,8,1900,Wind,102,Saturday,April,Spring
1/23/2020,18,19,3556,Wind,23,Thursday,January,Winter
9/30/2025,8,9,2872,Wind,273,Tuesday,September,Fall
5/1/2020,22,23,6712,Wind,122,Friday,May,Spring
8/10/2021,13,14,5911,Solar,222,Tuesday,August,Summer
9/16/2021,18,19,1495,Solar,259,Thursday,September,Fall
10/27/2023,12,13,12650,Wind,300,Friday,October,Fall
11/11/2025,3,4,7897,Wind,315,Tuesday,November,Fall
3/24/2020,7,8,5774,Wind,84,Tuesday,March,Spring
10/20/2023,17,18,6907,Wind,293,Friday,October,Fall
10/29/2025,15,16,8506,Wind,302,Wednesday,October,Fall
11/21/2023,16,17,6703,Wind,325,Tuesday,November,Fall
3/26/2024,20,21,8261,Wind,86,Tuesday,March,Spring
6/30/2022,20,21,2522,Wind,181,Thursday,June,Summer
12/25/2020,4,5,6542,Wind,360,Friday,December,Winter
6/26/2021,15,16,4697,Solar,177,Saturday,June,Summer
8/4/2020,0,1,3666,Wind,217,Tuesday,August,Summer
8/22/2022,2,3,1927,Wind,234,Monday,August,Summer
4/17/2022,16,17,7694,Solar,107,Sunday,April,Spring
1/7/2021,5,6,487,Wind,7,Thursday,January,Winter
5/12/2025,9,10,5922,Solar,132,Monday,May,Spring
6/26/2024,18,19,4295,Solar,178,Wednesday,June,Summer
7/1/2025,2,3,778,Wind,182,Tuesday,July,Summer
6/9/2023,5,6,4644,Wind,160,Friday,June,Summer
8/24/2023,17,18,9861,Wind,236,Thursday,August,Summer
7/28/2025,9,10,6834,Solar,209,Monday,July,Summer
8/15/2021,3,4,883,Wind,227,Sunday,August,Summer
9/23/2024,16,17,9135,Wind,267,Monday,September,Fall
3/25/2024,13,14,10853,Wind,85,Monday,March,Spring
10/7/2025,4,5,1733,Wind,280,Tuesday,October,Fall
11/15/2020,1,2,10998,Wind,320,Sunday,November,Fall
9/14/2023,14,15,6131,Solar,257,Thursday,September,Fall
7/1/2024,4,5,1845,Wind,183,Monday,July,Summer
3/13/2022,12,13,10835,Wind,72,Sunday,March,Spring
3/4/2021,22,23,3145,Wind,63,Thursday,March,Spring
8/24/2022,5,6,956,Wind,236,Wednesday,August,Summer
6/6/2025,18,19,10880,Wind,157,Friday,June,Summer
12/30/2021,9,10,8720,Wind,364,Thursday,December,Winter
4/1/2021,2,3,1907,Wind,91,Thursday,April,Spring
8/6/2023,22,23,5369,Wind,218,Sunday,August,Summer
6/13/2025,19,20,5374,Wind,164,Friday,June,Summer
10/10/2022,19,20,2196,Wind,283,Monday,October,Fall
9/20/2025,18,19,11616,Wind,263,Saturday,September,Fall
9/8/2023,17,18,4384,Solar,251,Friday,September,Fall
12/30/2021,22,23,5452,Wind,364,Thursday,December,Winter
3/30/2024,7,8,3497,Wind,90,Saturday,March,Spring
5/8/2023,17,18,5446,Solar,128,Monday,May,Spring
4/25/2021,11,12,10262,Wind,115,Sunday,April,Spring
7/15/2022,4,5,4379,Wind,196,Friday,July,Summer
11/26/2021,1,2,2597,Wind,330,Friday,November,Fall
10/15/2025,23,0,5351,Wind,288,Wednesday,October,Fall
1/18/2025,10,11,3129,Solar,18,Saturday,January,Winter
3/16/2025,16,17,9489,Wind,75,Sunday,March,Spring
10/18/2022,14,15,5808,Solar,291,Tuesday,October,Fall
2/10/2020,4,5,10052,Wind,41,Monday,February,Winter
4/25/2020,5,6,1788,Wind,116,Saturday,April,Spring
5/18/2023,5,6,5769,Wind,138,Thursday,May,Spring
4/16/2022,23,0,8150,Wind,106,Saturday,April,Spring
3/29/2020,10,11,13965,Wind,89,Sunday,March,Spring
3/28/2025,20,21,8242,Wind,87,Friday,March,Spring
12/18/2024,9,10,15999,Wind,353,Wednesday,December,Winter
3/9/2020,8,9,6477,Wind,69,Monday,March,Spring
5/22/2023,0,1,3806,Wind,142,Monday,May,Spring
11/2/2024,13,14,7954,Solar,307,Saturday,November,Fall
3/7/2022,0,1,7417,Wind,66,Monday,March,Spring
1/25/2023,8,9,2111,Wind,25,Wednesday,January,Winter
1/15/2021,9,10,6240,Wind,15,Friday,January,Winter
5/19/2022,5,6,3542,Wind,139,Thursday,May,Spring
10/24/2020,6,7,7495,Wind,298,Saturday,October,Fall
10/28/2021,8,9,5807,Wind,301,Thursday,October,Fall
1/8/2025,21,22,12892,Wind,8,Wednesday,January,Winter
4/4/2024,0,1,12543,Wind,95,Thursday,April,Spring
12/18/2020,8,9,6733,Wind,353,Friday,December,Winter
9/25/2022,15,16,6102,Solar,268,Sunday,September,Fall
10/19/2020,3,4,1464,Wind,293,Monday,October,Fall
2/6/2024,11,12,14493,Wind,37,Tuesday,February,Winter
4/18/2023,6,7,6520,Wind,108,Tuesday,April,Spring
5/2/2023,18,19,7162,Wind,122,Tuesday,May,Spring
6/26/2025,9,10,9995,Wind,177,Thursday,June,Summer
9/18/2024,16,17,16325,Wind,262,Wednesday,September,Fall
11/22/2024,1,2,6061,Wind,327,Friday,November,Fall
3/20/2023,1,2,1521,Wind,79,Monday,March,Spring
1/13/2022,1,2,3054,Wind,13,Thursday,January,Winter
6/15/2021,5,6,1611,Wind,166,Tuesday,June,Summer
1/9/2021,9,10,4051,Wind,9,Saturday,January,Winter
2/15/2022,0,1,6687,Wind,46,Tuesday,February,Winter
3/18/2020,12,13,4055,Solar,78,Wednesday,March,Spring
8/31/2025,1,2,8549,Wind,243,Sunday,August,Summer
11/23/2023,8,9,3718,Wind,327,Thursday,November,Fall
9/12/2023,12,13,4437,Solar,255,Tuesday,September,Fall
9/10/2020,21,22,2030,Wind,254,Thursday,September,Fall
7/11/2023,15,16,9554,Solar,192,Tuesday,July,Summer
9/15/2021,13,14,3942,Solar,258,Wednesday,September,Fall
5/21/2023,9,10,5307,Wind,141,Sunday,May,Spring
4/15/2021,10,11,6346,Solar,105,Thursday,April,Spring
11/26/2024,19,20,4935,Wind,331,Tuesday,November,Fall
10/14/2025,5,6,5919,Wind,287,Tuesday,October,Fall
3/22/2021,18,19,2993,Wind,81,Monday,March,Spring
2/9/2025,10,11,4315,Solar,40,Sunday,February,Winter
7/14/2024,8,9,2477,Solar,196,Sunday,July,Summer
2/5/2021,16,17,1998,Wind,36,Friday,February,Winter
8/26/2020,6,7,8678,Wind,239,Wednesday,August,Summer
4/27/2023,4,5,1206,Wind,117,Thursday,April,Spring
3/6/2023,0,1,1228,Wind,65,Monday,March,Spring
5/12/2025,1,2,2951,Wind,132,Monday,May,Spring
2/6/2023,15,16,8670,Wind,37,Monday,February,Winter
8/4/2020,14,15,5625,Solar,217,Tuesday,August,Summer
3/1/2023,21,22,7713,Wind,60,Wednesday,March,Spring
10/1/2022,22,23,7629,Wind,274,Saturday,October,Fall
11/17/2023,13,14,7387,Wind,321,Friday,November,Fall
10/2/2023,5,6,2482,Wind,275,Monday,October,Fall
2/26/2025,1,2,10324,Wind,57,Wednesday,February,Winter
12/12/2021,0,1,5469,Wind,346,Sunday,December,Winter
9/8/2022,20,21,5147,Wind,251,Thursday,September,Fall
5/26/2020,17,18,6931,Wind,147,Tuesday,May,Spring
3/10/2021,23,0,13439,Wind,69,Wednesday,March,Spring
5/24/2024,4,5,712,Wind,145,Friday,May,Spring
6/9/2020,13,14,5042,Solar,161,Tuesday,June,Summer
9/3/2023,0,1,4539,Wind,246,Sunday,September,Fall
9/16/2020,12,13,3732,Solar,260,Wednesday,September,Fall
9/19/2024,1,2,8994,Wind,263,Thursday,September,Fall
6/7/2023,23,0,5602,Wind,158,Wednesday,June,Summer
10/14/2023,0,1,14148,Wind,287,Saturday,October,Fall
1/12/2022,7,8,2263,Wind,12,Wednesday,January,Winter
5/13/2022,6,7,1900,Wind,133,Friday,May,Spring
11/4/2021,2,3,2836,Wind,308,Thursday,November,Fall
5/2/2020,2,3,5334,Wind,123,Saturday,May,Spring
9/18/2022,0,1,3466,Wind,261,Sunday,September,Fall
6/8/2023,15,16,8328,Solar,159,Thursday,June,Summer
9/15/2022,4,5,1546,Wind,258,Thursday,September,Fall
3/17/2023,1,2,8075,Wind,76,Friday,March,Spring
1/9/2025,13,14,13396,Wind,9,Thursday,January,Winter
4/12/2024,15,16,4291,Solar,103,Friday,April,Spring
9/2/2024,10,11,5818,Solar,246,Monday,September,Fall
8/16/2020,2,3,1867,Wind,229,Sunday,August,Summer
9/30/2020,7,8,1223,Wind,274,Wednesday,September,Fall
6/20/2022,17,18,6713,Solar,171,Monday,June,Summer
6/5/2021,3,4,2400,Wind,156,Saturday,June,Summer
4/21/2022,16,17,6557,Wind,111,Thursday,April,Spring
6/22/2024,3,4,6081,Wind,174,Saturday,June,Summer
10/27/2024,5,6,1792,Wind,301,Sunday,October,Fall
5/30/2023,21,22,9690,Wind,150,Tuesday,May,Spring
5/20/2024,5,6,1434,Wind,141,Monday,May,Spring
4/3/2025,23,0,6528,Wind,93,Thursday,April,Spring
8/18/2025,14,15,8983,Solar,230,Monday,August,Summer
9/16/2022,23,0,5346,Wind,259,Friday,September,Fall
1/30/2020,0,1,5384,Wind,30,Thursday,January,Winter
4/10/2022,17,18,5961,Solar,100,Sunday,April,Spring
7/29/2024,21,22,2404,Wind,211,Monday,July,Summer
12/3/2020,1,2,3330,Wind,338,Thursday,December,Winter
7/30/2022,6,7,936,Wind,211,Saturday,July,Summer
10/20/2023,3,4,4769,Wind,293,Friday,October,Fall
8/17/2022,17,18,3938,Solar,229,Wednesday,August,Summer
7/7/2022,1,2,3488,Wind,188,Thursday,July,Summer
12/27/2024,6,7,1298,Wind,362,Friday,December,Winter
9/13/2024,23,0,4267,Wind,257,Friday,September,Fall
5/20/2020,15,16,5220,Solar,141,Wednesday,May,Spring
9/19/2020,21,22,2449,Wind,263,Saturday,September,Fall
2/19/2022,22,23,13745,Wind,50,Saturday,February,Winter
6/22/2023,10,11,5018,Wind,173,Thursday,June,Summer
12/17/2024,16,17,5399,Wind,352,Tuesday,December,Winter
3/4/2023,2,3,4916,Wind,63,Saturday,March,Spring
1/19/2022,3,4,1605,Wind,19,Wednesday,January,Winter
6/8/2023,9,10,6235,Solar,159,Thursday,June,Summer
9/10/2023,17,18,4930,Solar,253,Sunday,September,Fall
4/29/2021,11,12,3791,Wind,119,Thursday,April,Spring
11/19/2025,16,17,13285,Wind,323,Wednesday,November,Fall
11/6/2023,9,10,12593,Wind,310,Monday,November,Fall
7/18/2022,11,12,6471,Solar,199,Monday,July,Summer
9/15/2021,2,3,2419,Wind,258,Wednesday,September,Fall
5/8/2022,8,9,4118,Wind,128,Sunday,May,Spring
5/27/2022,15,16,8174,Solar,147,Friday,May,Spring
10/4/2022,20,21,1168,Wind,277,Tuesday,October,Fall
6/19/2020,1,2,2319,Wind,171,Friday,June,Summer
6/12/2022,10,11,4684,Solar,163,Sunday,June,Summer
10/8/2022,9,10,2465,Wind,281,Saturday,October,Fall
5/24/2025,19,20,8852,Wind,144,Saturday,May,Spring
9/30/2025,20,21,2697,Wind,273,Tuesday,September,Fall
7/6/2025,20,21,8639,Wind,187,Sunday,July,Summer
7/6/2020,15,16,9681,Wind,188,Monday,July,Summer
8/11/2023,7,8,1918,Wind,223,Friday,August,Summer
8/20/2025,16,17,8881,Wind,232,Wednesday,August,Summer
4/19/2021,22,23,906,Wind,109,Monday,April,Spring
5/10/2021,7,8,7041,Wind,130,Monday,May,Spring
3/7/2021,2,3,2521,Wind,66,Sunday,March,Spring
1/22/2021,16,17,3696,Wind,22,Friday,January,Winter
4/23/2021,10,11,5659,Solar,113,Friday,April,Spring
12/8/2021,5,6,9297,Wind,342,Wednesday,December,Winter
8/4/2020,22,23,1340,Wind,217,Tuesday,August,Summer
2/18/2023,23,0,8067,Wind,49,Saturday,February,Winter
12/14/2022,21,22,2161,Wind,348,Wednesday,December,Winter
7/9/2023,3,4,2355,Wind,190,Sunday,July,Summer
7/11/2024,2,3,1053,Wind,193,Thursday,July,Summer
2/24/2020,10,11,11258,Wind,55,Monday,February,Winter
2/3/2021,2,3,9275,Wind,34,Wednesday,February,Winter
12/5/2022,23,0,1854,Wind,339,Monday,December,Winter
4/23/2023,0,1,6724,Wind,113,Sunday,April,Spring
6/8/2021,10,11,4183,Solar,159,Tuesday,June,Summer
2/26/2023,10,11,20500,Wind,57,Sunday,February,Winter
3/2/2024,10,11,12926,Wind,62,Saturday,March,Spring
5/18/2024,1,2,713,Wind,139,Saturday,May,Spring
8/30/2020,11,12,5251,Wind,243,Sunday,August,Summer
9/29/2021,14,15,11739,Wind,272,Wednesday,September,Fall
8/3/2021,0,1,930,Wind,215,Tuesday,August,Summer
1/11/2023,1,2,14468,Wind,11,Wednesday,January,Winter
2/21/2024,15,16,15550,Wind,52,Wednesday,February,Winter
3/16/2020,6,7,3309,Wind,76,Monday,March,Spring
11/10/2020,21,22,805,Wind,315,Tuesday,November,Fall
11/8/2022,1,2,12163,Wind,312,Tuesday,November,Fall
11/14/2022,2,3,3659,Wind,318,Monday,November,Fall
2/15/2024,18,19,10200,Wind,46,Thursday,February,Winter
11/3/2023,0,1,12874,Wind,307,Friday,November,Fall
1/24/2025,8,9,18114,Wind,24,Friday,January,Winter
1/2/2024,0,1,17307,Wind,2,Tuesday,January,Winter
8/4/2023,21,22,3747,Wind,216,Friday,August,Summer
7/18/2020,23,0,1750,Wind,200,Saturday,July,Summer
7/21/2021,4,5,2191,Wind,202,Wednesday,July,Summer
3/31/2023,15,16,21172,Wind,90,Friday,March,Spring
1/5/2023,12,13,7199,Wind,5,Thursday,January,Winter
3/27/2022,19,20,1675,Wind,86,Sunday,March,Spring
9/24/2023,10,11,7784,Solar,267,Sunday,September,Fall
7/7/2021,20,21,2231,Wind,188,Wednesday,July,Summer
5/18/2024,4,5,556,Wind,139,Saturday,May,Spring
4/1/2022,18,19,13751,Wind,91,Friday,April,Spring
12/1/2023,7,8,2590,Wind,335,Friday,December,Winter
3/10/2024,18,19,975,Wind,70,Sunday,March,Spring
3/2/2020,20,21,8827,Wind,62,Monday,March,Spring
9/19/2025,10,11,9787,Solar,262,Friday,September,Fall
12/21/2020,1,2,6095,Wind,356,Monday,December,Winter
6/30/2023,4,5,2629,Wind,181,Friday,June,Summer
5/13/2024,12,13,6365,Solar,134,Monday,May,Spring
11/25/2024,2,3,17724,Wind,330,Monday,November,Fall
6/2/2022,23,0,4438,Wind,153,Thursday,June,Summer
3/1/2022,10,11,4347,Solar,60,Tuesday,March,Spring
9/12/2020,9,10,2461,Solar,256,Saturday,September,Fall
5/8/2021,19,20,6309,Wind,128,Saturday,May,Spring
9/25/2022,2,3,2749,Wind,268,Sunday,September,Fall
3/6/2021,9,10,6040,Wind,65,Saturday,March,Spring
1/15/2022,21,22,1036,Wind,15,Saturday,January,Winter
11/17/2023,7,8,4109,Wind,321,Friday,November,Fall
7/5/2025,20,21,5175,Wind,186,Saturday,July,Summer
6/12/2021,12,13,4821,Solar,163,Saturday,June,Summer
7/31/2022,19,20,5209,Wind,212,Sunday,July,Summer
3/20/2024,15,16,5622,Solar,80,Wednesday,March,Spring
4/23/2020,7,8,1746,Wind,114,Thursday,April,Spring
5/9/2022,20,21,514,Wind,129,Monday,May,Spring
3/6/2024,10,11,5162,Solar,66,Wednesday,March,Spring
2/26/2021,5,6,2352,Wind,57,Friday,February,Winter
11/20/2025,5,6,7116,Wind,324,Thursday,November,Fall
5/9/2020,5,6,1685,Wind,130,Saturday,May,Spring
8/21/2025,1,2,3653,Wind,233,Thursday,August,Summer
6/11/2025,20,21,5029,Wind,162,Wednesday,June,Summer
8/27/2022,11,12,6767,Solar,239,Saturday,August,Summer
9/10/2023,12,13,8323,Solar,253,Sunday,September,Fall
4/20/2023,0,1,8926,Wind,110,Thursday,April,Spring
3/24/2021,4,5,1493,Wind,83,Wednesday,March,Spring
11/19/2022,12,13,5271,Solar,323,Saturday,November,Fall
12/5/2024,10,11,16407,Wind,340,Thursday,December,Winter
4/22/2025,3,4,2038,Wind,112,Tuesday,April,Spring
9/14/2021,19,20,1986,Wind,257,Tuesday,September,Fall
11/23/2020,3,4,245,Wind,328,Monday,November,Fall
2/3/2023,16,17,7659,Wind,34,Friday,February,Winter
11/2/2023,4,5,15164,Wind,306,Thursday,November,Fall
5/29/2025,14,15,5853,Solar,149,Thursday,May,Spring
1/12/2020,12,13,9137,Wind,12,Sunday,January,Winter
8/28/2021,20,21,4826,Wind,240,Saturday,August,Summer
12/11/2023,0,1,13562,Wind,345,Monday,December,Winter
8/20/2021,20,21,525,Wind,232,Friday,August,Summer
2/14/2024,9,10,10647,Wind,45,Wednesday,February,Winter
11/9/2022,17,18,4408,Wind,313,Wednesday,November,Fall
10/13/2020,9,10,4332,Wind,287,Tuesday,October,Fall
9/25/2023,21,22,525,Wind,268,Monday,September,Fall
10/8/2024,7,8,10208,Wind,282,Tuesday,October,Fall
8/16/2021,2,3,4074,Wind,228,Monday,August,Summer
4/25/2022,9,10,4334,Wind,115,Monday,April,Spring
6/5/2025,22,23,12352,Wind,156,Thursday,June,Summer
5/30/2023,12,13,13676,Solar,150,Tuesday,May,Spring
8/22/2020,3,4,4955,Wind,235,Saturday,August,Summer
12/9/2021,16,17,5379,Wind,343,Thursday,December,Winter
1/25/2020,12,13,2654,Solar,25,Saturday,January,Winter
5/16/2023,1,2,7661,Wind,136,Tuesday,May,Spring
10/28/2023,11,12,16187,Wind,301,Saturday,October,Fall
6/19/2021,0,1,3276,Wind,170,Saturday,June,Summer
2/14/2023,15,16,5164,Solar,45,Tuesday,February,Winter
3/21/2022,10,11,6419,Solar,80,Monday,March,Spring
9/22/2023,21,22,5871,Wind,265,Friday,September,Fall
10/17/2021,1,2,1752,Wind,290,Sunday,October,Fall
7/29/2024,4,5,5316,Wind,211,Monday,July,Summer
2/9/2024,4,5,16307,Wind,40,Friday,February,Winter
3/17/2022,13,14,5469,Wind,76,Thursday,March,Spring
4/2/2022,19,20,7493,Wind,92,Saturday,April,Spring
9/25/2022,7,8,2772,Wind,268,Sunday,September,Fall
9/26/2025,18,19,1324,Solar,269,Friday,September,Fall
10/28/2024,0,1,477,Wind,302,Monday,October,Fall
1/21/2023,4,5,7168,Wind,21,Saturday,January,Winter
10/23/2024,18,19,2844,Wind,297,Wednesday,October,Fall
6/27/2020,22,23,4430,Wind,179,Saturday,June,Summer
7/29/2020,20,21,708,Wind,211,Wednesday,July,Summer
7/9/2022,9,10,4215,Solar,190,Saturday,July,Summer
12/31/2021,4,5,5884,Wind,365,Friday,December,Winter
3/1/2025,10,11,12156,Wind,60,Saturday,March,Spring
2/16/2021,23,0,9342,Wind,47,Tuesday,February,Winter
1/13/2022,7,8,2614,Wind,13,Thursday,January,Winter
2/14/2024,20,21,7478,Wind,45,Wednesday,February,Winter
11/9/2024,2,3,1560,Wind,314,Saturday,November,Fall
3/2/2020,2,3,8017,Wind,62,Monday,March,Spring
6/18/2020,19,20,3276,Wind,170,Thursday,June,Summer
9/8/2021,18,19,3479,Wind,251,Wednesday,September,Fall
4/16/2022,8,9,5476,Wind,106,Saturday,April,Spring
1/26/2024,18,19,3375,Wind,26,Friday,January,Winter
9/5/2020,15,16,5374,Solar,249,Saturday,September,Fall
11/28/2021,6,7,9221,Wind,332,Sunday,November,Fall
12/13/2021,12,13,3477,Solar,347,Monday,December,Winter
4/7/2024,19,20,6864,Wind,98,Sunday,April,Spring
10/23/2023,7,8,7522,Wind,296,Monday,October,Fall
10/26/2021,19,20,3013,Wind,299,Tuesday,October,Fall
4/25/2020,10,11,3420,Solar,116,Saturday,April,Spring
12/10/2022,7,8,1455,Wind,344,Saturday,December,Winter
9/7/2022,21,22,3796,Wind,250,Wednesday,September,Fall
9/10/2022,23,0,1212,Wind,253,Saturday,September,Fall
1/31/2023,9,10,4810,Wind,31,Tuesday,January,Winter
5/24/2025,22,23,6806,Wind,144,Saturday,May,Spring
10/18/2022,12,13,5685,Solar,291,Tuesday,October,Fall
11/8/2023,13,14,18274,Wind,312,Wednesday,November,Fall
11/18/2020,17,18,6191,Wind,323,Wednesday,November,Fall
12/7/2020,10,11,1923,Wind,342,Monday,December,Winter
3/30/2024,17,18,6296,Wind,90,Saturday,March,Spring
5/13/2023,9,10,6102,Wind,133,Saturday,May,Spring
12/19/2022,15,16,13925,Wind,353,Monday,December,Winter
5/27/2022,12,13,6760,Solar,147,Friday,May,Spring
4/18/2022,13,14,5569,Solar,108,Monday,April,Spring
2/7/2023,4,5,8388,Wind,38,Tuesday,February,Winter
6/13/2022,4,5,3562,Wind,164,Monday,June,Summer
5/20/2022,9,10,5745,Wind,140,Friday,May,Spring
8/31/2025,8,9,4739,Wind,243,Sunday,August,Summer
7/16/2024,8,9,9494,Wind,198,Tuesday,July,Summer
6/22/2025,22,23,2524,Wind,173,Sunday,June,Summer
12/6/2023,21,22,2268,Wind,340,Wednesday,December,Winter
8/29/2025,12,13,16980,Wind,241,Friday,August,Summer
5/24/2022,18,19,4509,Wind,144,Tuesday,May,Spring
9/10/2023,23,0,2891,Wind,253,Sunday,September,Fall
4/14/2025,15,16,8284,Solar,104,Monday,April,Spring
2/14/2025,12,13,9622,Solar,45,Friday,February,Winter
5/24/2025,1,2,2417,Wind,144,Saturday,May,Spring
7/19/2022,10,11,6985,Solar,200,Tuesday,July,Summer
11/30/2023,23,0,1459,Wind,334,Thursday,November,Fall
2/3/2025,0,1,1663,Wind,34,Monday,February,Winter
7/2/2020,17,18,6989,Wind,184,Thursday,July,Summer
3/29/2025,15,16,12588,Wind,88,Saturday,March,Spring
10/20/2025,21,22,17019,Wind,293,Monday,October,Fall
7/11/2020,8,9,2387,Wind,193,Saturday,July,Summer
8/13/2021,10,11,3071,Solar,225,Friday,August,Summer
5/13/2025,19,20,3028,Wind,133,Tuesday,May,Spring
5/28/2022,7,8,3736,Wind,148,Saturday,May,Spring
5/25/2024,19,20,2497,Solar,146,Saturday,May,Spring
3/1/2024,16,17,15488,Wind,61,Friday,March,Spring
2/1/2025,12,13,6265,Solar,32,Saturday,February,Winter
1/29/2020,11,12,8656,Wind,29,Wednesday,January,Winter
6/24/2025,6,7,2381,Wind,175,Tuesday,June,Summer
7/25/2024,19,20,3757,Wind,207,Thursday,July,Summer
12/12/2021,15,16,3406,Wind,346,Sunday,December,Winter
7/30/2023,10,11,10162,Wind,211,Sunday,July,Summer
8/10/2021,12,13,5674,Solar,222,Tuesday,August,Summer
4/19/2023,6,7,6801,Wind,109,Wednesday,April,Spring
9/12/2025,21,22,6028,Wind,255,Friday,September,Fall
3/14/2023,13,14,20075,Wind,73,Tuesday,March,Spring
8/19/2022,13,14,8025,Solar,231,Friday,August,Summer
8/28/2021,16,17,9387,Wind,240,Saturday,August,Summer
3/3/2022,12,13,4140,Solar,62,Thursday,March,Spring
2/19/2020,12,13,8496,Wind,50,Wednesday,February,Winter
3/9/2022,22,23,6290,Wind,68,Wednesday,March,Spring
8/25/2023,10,11,7231,Wind,237,Friday,August,Summer
8/26/2023,18,19,3633,Wind,238,Saturday,August,Summer
1/5/2025,2,3,11792,Wind,5,Sunday,January,Winter
6/15/2023,17,18,6607,Solar,166,Thursday,June,Summer
6/22/2022,10,11,4827,Solar,173,Wednesday,June,Summer
7/28/2021,12,13,8959,Wind,209,Wednesday,July,Summer
8/9/2022,2,3,6809,Wind,221,Tuesday,August,Summer
9/19/2021,0,1,3579,Wind,262,Sunday,September,Fall
6/5/2022,22,23,3284,Wind,156,Sunday,June,Summer
5/17/2021,1,2,10855,Wind,137,Monday,May,Spring
1/6/2024,22,23,7362,Wind,6,Saturday,January,Winter
6/22/2025,8,9,4620,Wind,173,Sunday,June,Summer
5/24/2021,15,16,13322,Wind,144,Monday,May,Spring
12/16/2021,4,5,1969,Wind,350,Thursday,December,Winter
9/9/2021,14,15,5286,Wind,252,Thursday,September,Fall
11/28/2020,23,0,4754,Wind,333,Saturday,November,Fall
6/5/2020,15,16,14071,Wind,157,Friday,June,Summer
11/15/2024,16,17,1821,Wind,320,Friday,November,Fall
9/13/2024,16,17,10679,Solar,257,Friday,September,Fall
7/19/2022,17,18,8845,Wind,200,Tuesday,July,Summer
6/17/2021,2,3,4974,Wind,168,Thursday,June,Summer
2/22/2022,21,22,8837,Wind,53,Tuesday,February,Winter
1/17/2024,20,21,7330,Wind,17,Wednesday,January,Winter
4/8/2022,2,3,7881,Wind,98,Friday,April,Spring
10/30/2022,18,19,1624,Wind,303,Sunday,October,Fall
7/9/2023,9,10,4410,Solar,190,Sunday,July,Summer
6/2/2020,11,12,3384,Solar,154,Tuesday,June,Summer
7/21/2025,4,5,10394,Wind,202,Monday,July,Summer
10/18/2024,18,19,2532,Wind,292,Friday,October,Fall
9/2/2022,22,23,1024,Wind,245,Friday,September,Fall
5/27/2023,14,15,5976,Solar,147,Saturday,May,Spring
3/15/2020,8,9,5982,Wind,75,Sunday,March,Spring
10/23/2024,9,10,3405,Wind,297,Wednesday,October,Fall
12/25/2020,9,10,6570,Wind,360,Friday,December,Winter
3/12/2025,21,22,2248,Wind,71,Wednesday,March,Spring
3/3/2023,21,22,5856,Wind,62,Friday,March,Spring
10/10/2022,22,23,2564,Wind,283,Monday,October,Fall
6/24/2020,8,9,3766,Wind,176,Wednesday,June,Summer
10/26/2020,2,3,5700,Wind,300,Monday,October,Fall
1/10/2022,21,22,2603,Wind,10,Monday,January,Winter
9/3/2024,2,3,513,Wind,247,Tuesday,September,Fall
2/3/2021,7,8,9834,Wind,34,Wednesday,February,Winter
10/5/2020,6,7,9314,Wind,279,Monday,October,Fall
8/18/2021,18,19,3918,Wind,230,Wednesday,August,Summer
7/8/2021,3,4,1458,Wind,189,Thursday,July,Summer
8/20/2022,12,13,6090,Solar,232,Saturday,August,Summer
2/24/2023,13,14,6198,Solar,55,Friday,February,Winter
7/5/2025,9,10,6839,Solar,186,Saturday,July,Summer
1/21/2024,2,3,11855,Wind,21,Sunday,January,Winter
2/27/2021,23,0,8380,Wind,58,Saturday,February,Winter
10/13/2024,5,6,2418,Wind,287,Sunday,October,Fall
6/20/2022,3,4,4084,Wind,171,Monday,June,Summer
12/3/2023,5,6,6861,Wind,337,Sunday,December,Winter
8/4/2021,14,15,3337,Solar,216,Wednesday,August,Summer
7/7/2020,9,10,3236,Solar,189,Tuesday,July,Summer
10/10/2023,15,16,6674,Solar,283,Tuesday,October,Fall
2/11/2020,2,3,12337,Wind,42,Tuesday,February,Winter
7/2/2021,13,14,4836,Solar,183,Friday,July,Summer
8/27/2024,0,1,2350,Wind,240,Tuesday,August,Summer
7/18/2022,19,20,3281,Wind,199,Monday,July,Summer
10/8/2025,18,19,2375,Wind,281,Wednesday,October,Fall
12/6/2023,1,2,3323,Wind,340,Wednesday,December,Winter
9/30/2024,9,10,15849,Wind,274,Monday,September,Fall
5/5/2022,1,2,2097,Wind,125,Thursday,May,Spring
4/17/2020,18,19,2983,Wind,108,Friday,April,Spring
9/29/2020,12,13,3747,Solar,273,Tuesday,September,Fall
3/29/2023,17,18,9807,Wind,88,Wednesday,March,Spring
2/26/2025,5,6,7888,Wind,57,Wednesday,February,Winter
2/1/2025,23,0,3977,Wind,32,Saturday,February,Winter
4/30/2025,6,7,3827,Wind,120,Wednesday,April,Spring
4/23/2021,3,4,6116,Wind,113,Friday,April,Spring
7/11/2022,22,23,3652,Wind,192,Monday,July,Summer
6/26/2020,6,7,3199,Wind,178,Friday,June,Summer
8/2/2025,7,8,4482,Wind,214,Saturday,August,Summer
5/11/2025,17,18,4090,Wind,131,Sunday,May,Spring
11/16/2021,18,19,1101,Wind,320,Tuesday,November,Fall
4/20/2021,19,20,1160,Wind,110,Tuesday,April,Spring
3/24/2022,14,15,6833,Solar,83,Thursday,March,Spring
12/9/2020,7,8,2764,Wind,344,Wednesday,December,Winter
2/21/2020,10,11,5295,Wind,52,Friday,February,Winter
4/5/2025,21,22,8059,Wind,95,Saturday,April,Spring
9/6/2024,0,1,764,Wind,250,Friday,September,Fall
4/5/2025,4,5,7492,Wind,95,Saturday,April,Spring
7/13/2025,0,1,4224,Wind,194,Sunday,July,Summer
3/9/2024,21,22,5774,Wind,69,Saturday,March,Spring
4/7/2023,19,20,3276,Wind,97,Friday,April,Spring
8/2/2022,12,13,6726,Solar,214,Tuesday,August,Summer
6/17/2022,14,15,6767,Solar,168,Friday,June,Summer
8/14/2020,14,15,4993,Solar,227,Friday,August,Summer
12/3/2024,20,21,1073,Wind,338,Tuesday,December,Winter
10/13/2024,22,23,2745,Wind,287,Sunday,October,Fall
8/29/2023,0,1,2934,Wind,241,Tuesday,August,Summer
2/22/2023,4,5,3066,Wind,53,Wednesday,February,Winter
9/8/2021,5,6,5438,Wind,251,Wednesday,September,Fall
5/5/2022,10,11,4537,Solar,125,Thursday,May,Spring
11/4/2022,7,8,6522,Wind,308,Friday,November,Fall
7/16/2021,23,0,3250,Wind,197,Friday,July,Summer
7/23/2022,7,8,1348,Wind,204,Saturday,July,Summer
3/18/2025,15,16,14023,Wind,77,Tuesday,March,Spring
9/21/2023,22,23,6683,Wind,264,Thursday,September,Fall
4/24/2023,9,10,7316,Wind,114,Monday,April,Spring
9/3/2021,7,8,2116,Wind,246,Friday,September,Fall
9/2/2023,23,0,4684,Wind,245,Saturday,September,Fall
10/20/2021,6,7,10876,Wind,293,Wednesday,October,Fall
3/12/2021,23,0,13614,Wind,71,Friday,March,Spring
10/3/2025,6,7,5127,Wind,276,Friday,October,Fall
9/19/2023,23,0,6877,Wind,262,Tuesday,September,Fall
2/17/2020,1,2,8444,Wind,48,Monday,February,Winter
10/17/2022,6,7,7788,Wind,290,Monday,October,Fall
1/5/2022,3,4,7616,Wind,5,Wednesday,January,Winter
7/17/2025,9,10,5531,Solar,198,Thursday,July,Summer
9/22/2021,18,19,2088,Wind,265,Wednesday,September,Fall
6/20/2025,11,12,10259,Solar,171,Friday,June,Summer
2/18/2022,15,16,14791,Wind,49,Friday,February,Winter
4/3/2022,22,23,1510,Wind,93,Sunday,April,Spring
10/16/2020,18,19,1636,Wind,290,Friday,October,Fall
10/6/2022,5,6,2090,Wind,279,Thursday,October,Fall
4/28/2020,23,0,4946,Wind,119,Tuesday,April,Spring
3/13/2023,23,0,15758,Wind,72,Monday,March,Spring
5/26/2020,21,22,4408,Wind,147,Tuesday,May,Spring
9/29/2022,6,7,1419,Wind,272,Thursday,September,Fall
6/29/2025,4,5,2696,Wind,180,Sunday,June,Summer
6/26/2025,12,13,14264,Wind,177,Thursday,June,Summer
5/26/2020,18,19,6277,Wind,147,Tuesday,May,Spring
9/7/2021,17,18,6012,Wind,250,Tuesday,September,Fall
10/16/2020,5,6,3142,Wind,290,Friday,October,Fall
6/20/2025,22,23,4161,Wind,171,Friday,June,Summer
12/2/2020,14,15,2577,Wind,337,Wednesday,December,Winter
4/3/2020,13,14,5002,Solar,94,Friday,April,Spring
6/19/2023,12,13,6321,Solar,170,Monday,June,Summer
7/14/2022,21,22,5239,Wind,195,Thursday,July,Summer
3/17/2021,21,22,5437,Wind,76,Wednesday,March,Spring
12/8/2022,3,4,1242,Wind,342,Thursday,December,Winter
12/12/2020,19,20,6484,Wind,347,Saturday,December,Winter
9/15/2022,18,19,3250,Wind,258,Thursday,September,Fall
11/19/2023,6,7,11720,Wind,323,Sunday,November,Fall
3/8/2024,11,12,10265,Wind,68,Friday,March,Spring
11/13/2025,18,19,10591,Wind,317,Thursday,November,Fall
3/22/2020,21,22,9593,Wind,82,Sunday,March,Spring
5/22/2024,1,2,4611,Wind,143,Wednesday,May,Spring
7/25/2022,23,0,5596,Wind,206,Monday,July,Summer
1/1/2023,1,2,11283,Wind,1,Sunday,January,Winter
12/11/2020,1,2,6767,Wind,346,Friday,December,Winter
7/1/2023,5,6,7440,Wind,182,Saturday,July,Summer
5/3/2021,4,5,657,Wind,123,Monday,May,Spring
8/27/2020,15,16,7459,Wind,240,Thursday,August,Summer
12/27/2023,12,13,13912,Wind,361,Wednesday,December,Winter
4/11/2024,17,18,5597,Solar,102,Thursday,April,Spring
10/1/2021,22,23,4034,Wind,274,Friday,October,Fall
9/23/2025,12,13,12969,Wind,266,Tuesday,September,Fall
3/19/2021,20,21,7181,Wind,78,Friday,March,Spring
12/27/2020,19,20,8326,Wind,362,Sunday,December,Winter
5/10/2021,18,19,4506,Wind,130,Monday,May,Spring
11/3/2020,5,6,3252,Wind,308,Tuesday,November,Fall
11/3/2024,22,23,2791,Wind,308,Sunday,November,Fall
5/9/2021,4,5,8251,Wind,129,Sunday,May,Spring
6/10/2025,9,10,7037,Solar,161,Tuesday,June,Summer
3/6/2024,22,23,2314,Wind,66,Wednesday,March,Spring
11/3/2020,11,12,7836,Wind,308,Tuesday,November,Fall
9/18/2021,7,8,1755,Wind,261,Saturday,September,Fall
5/4/2020,19,20,4587,Wind,125,Monday,May,Spring
2/14/2022,18,19,6618,Wind,45,Monday,February,Winter
10/18/2020,18,19,522,Wind,292,Sunday,October,Fall
11/11/2020,6,7,733,Wind,316,Wednesday,November,Fall
5/13/2024,20,21,3925,Wind,134,Monday,May,Spring
1/14/2025,23,0,2984,Wind,14,Tuesday,January,Winter
8/26/2022,17,18,5462,Solar,238,Friday,August,Summer
6/26/2020,18,19,3680,Wind,178,Friday,June,Summer
4/24/2025,21,22,4076,Wind,114,Thursday,April,Spring
11/24/2025,22,23,9801,Wind,328,Monday,November,Fall
7/13/2023,5,6,2155,Wind,194,Thursday,July,Summer
8/28/2021,6,7,3722,Wind,240,Saturday,August,Summer
9/23/2025,15,16,12917,Wind,266,Tuesday,September,Fall
9/16/2022,10,11,4975,Solar,259,Friday,September,Fall
3/10/2022,17,18,4799,Wind,69,Thursday,March,Spring
6/7/2025,8,9,9072,Wind,158,Saturday,June,Summer
7/25/2025,4,5,2111,Wind,206,Friday,July,Summer
12/14/2020,13,14,6019,Wind,349,Monday,December,Winter
4/21/2021,20,21,5054,Wind,111,Wednesday,April,Spring
10/19/2022,21,22,7426,Wind,292,Wednesday,October,Fall
4/13/2025,13,14,4783,Wind,103,Sunday,April,Spring
11/7/2025,0,1,2662,Wind,311,Friday,November,Fall
8/20/2024,7,8,3600,Wind,233,Tuesday,August,Summer
7/30/2024,21,22,2502,Wind,212,Tuesday,July,Summer
3/7/2023,22,23,6916,Wind,66,Tuesday,March,Spring
12/13/2020,3,4,4008,Wind,348,Sunday,December,Winter
3/17/2023,13,14,12263,Wind,76,Friday,March,Spring
9/11/2023,4,5,1317,Wind,254,Monday,September,Fall
3/12/2023,1,2,6082,Wind,71,Sunday,March,Spring
10/14/2020,18,19,5325,Wind,288,Wednesday,October,Fall
11/6/2025,12,13,6278,Wind,310,Thursday,November,Fall
4/26/2024,16,17,5775,Solar,117,Friday,April,Spring
11/3/2024,3,4,3106,Wind,308,Sunday,November,Fall
6/22/2022,23,0,1640,Wind,173,Wednesday,June,Summer
3/20/2020,23,0,8105,Wind,80,Friday,March,Spring
8/19/2025,19,20,4330,Wind,231,Tuesday,August,Summer
9/28/2021,10,11,3345,Solar,271,Tuesday,September,Fall
8/22/2021,12,13,8102,Wind,234,Sunday,August,Summer
5/4/2024,12,13,9129,Wind,125,Saturday,May,Spring
10/4/2024,3,4,4898,Wind,278,Friday,October,Fall
3/4/2022,23,0,3137,Wind,63,Friday,March,Spring
12/10/2022,19,20,1861,Wind,344,Saturday,December,Winter
1/29/2025,3,4,15556,Wind,29,Wednesday,January,Winter
1/10/2021,10,11,4394,Wind,10,Sunday,January,Winter
11/15/2020,0,1,10818,Wind,320,Sunday,November,Fall
4/18/2020,15,16,2973,Solar,109,Saturday,April,Spring
2/3/2022,5,6,2929,Wind,34,Thursday,February,Winter
9/13/2022,21,22,2822,Wind,256,Tuesday,September,Fall
11/26/2024,17,18,3769,Wind,331,Tuesday,November,Fall
1/27/2021,10,11,5277,Wind,27,Wednesday,January,Winter
8/21/2025,17,18,10878,Wind,233,Thursday,August,Summer
7/11/2025,1,2,4862,Wind,192,Friday,July,Summer
12/31/2022,4,5,15764,Wind,365,Saturday,December,Winter
8/8/2023,10,11,7019,Solar,220,Tuesday,August,Summer
12/29/2020,21,22,3155,Wind,364,Tuesday,December,Winter
9/1/2021,11,12,9100,Wind,244,Wednesday,September,Fall
12/7/2020,5,6,910,Wind,342,Monday,December,Winter
10/4/2025,15,16,13739,Wind,277,Saturday,October,Fall
6/19/2025,5,6,4974,Wind,170,Thursday,June,Summer
9/3/2022,17,18,5467,Wind,246,Saturday,September,Fall
7/1/2024,16,17,9539,Solar,183,Monday,July,Summer
9/18/2021,15,16,3777,Solar,261,Saturday,September,Fall
1/14/2020,12,13,14254,Wind,14,Tuesday,January,Winter
9/20/2021,2,3,1783,Wind,263,Monday,September,Fall
12/11/2021,3,4,7886,Wind,345,Saturday,December,Winter
4/4/2020,21,22,5074,Wind,95,Saturday,April,Spring
11/5/2022,18,19,5536,Wind,309,Saturday,November,Fall
7/26/2021,20,21,2420,Wind,207,Monday,July,Summer
11/26/2022,12,13,5590,Wind,330,Saturday,November,Fall
9/18/2020,13,14,6346,Wind,262,Friday,September,Fall
2/4/2020,16,17,11924,Wind,35,Tuesday,February,Winter
5/14/2024,4,5,7995,Wind,135,Tuesday,May,Spring
7/28/2023,19,20,5624,Wind,209,Friday,July,Summer
6/29/2022,17,18,5001,Solar,180,Wednesday,June,Summer
6/24/2023,23,0,2828,Wind,175,Saturday,June,Summer
5/27/2023,8,9,5721,Wind,147,Saturday,May,Spring
6/16/2025,20,21,2901,Wind,167,Monday,June,Summer
6/10/2023,18,19,4468,Solar,161,Saturday,June,Summer
8/1/2025,8,9,3518,Solar,213,Friday,August,Summer
10/18/2023,2,3,10652,Wind,291,Wednesday,October,Fall
3/18/2020,16,17,2387,Solar,78,Wednesday,March,Spring
3/14/2024,8,9,7457,Wind,74,Thursday,March,Spring
5/16/2025,23,0,8373,Wind,136,Friday,May,Spring
2/18/2023,0,1,5548,Wind,49,Saturday,February,Winter
7/23/2022,16,17,6197,Solar,204,Saturday,July,Summer
8/16/2022,12,13,6043,Solar,228,Tuesday,August,Summer
2/18/2024,12,13,14825,Wind,49,Sunday,February,Winter
12/20/2024,3,4,8808,Wind,355,Friday,December,Winter
10/25/2022,22,23,6592,Wind,298,Tuesday,October,Fall
12/11/2022,21,22,1627,Wind,345,Sunday,December,Winter
11/4/2025,18,19,14445,Wind,308,Tuesday,November,Fall
8/14/2020,0,1,2144,Wind,227,Friday,August,Summer
5/10/2020,13,14,2623,Wind,131,Sunday,May,Spring
3/3/2020,20,21,2875,Wind,63,Tuesday,March,Spring
12/18/2022,0,1,4061,Wind,352,Sunday,December,Winter
10/11/2022,17,18,1835,Solar,284,Tuesday,October,Fall
11/3/2021,16,17,3274,Wind,307,Wednesday,November,Fall
3/3/2023,2,3,4064,Wind,62,Friday,March,Spring
7/30/2022,14,15,7363,Solar,211,Saturday,July,Summer
4/27/2022,19,20,6697,Wind,117,Wednesday,April,Spring
11/8/2025,1,2,1793,Wind,312,Saturday,November,Fall
5/31/2025,3,4,879,Wind,151,Saturday,May,Spring
8/8/2020,13,14,4095,Solar,221,Saturday,August,Summer
5/31/2025,18,19,5672,Solar,151,Saturday,May,Spring
8/16/2025,10,11,10645,Solar,228,Saturday,August,Summer
12/25/2023,14,15,14253,Wind,359,Monday,December,Winter
6/1/2022,19,20,2649,Wind,152,Wednesday,June,Summer
4/13/2023,1,2,15743,Wind,103,Thursday,April,Spring
7/21/2020,22,23,5093,Wind,203,Tuesday,July,Summer
5/1/2020,21,22,7037,Wind,122,Friday,May,Spring
1/1/2024,3,4,9309,Wind,1,Monday,January,Winter
1/16/2024,15,16,1871,Solar,16,Tuesday,January,Winter
7/11/2025,14,15,13109,Solar,192,Friday,July,Summer
6/29/2020,3,4,2917,Wind,181,Monday,June,Summer
1/17/2024,18,19,9363,Wind,17,Wednesday,January,Winter
3/31/2025,10,11,9527,Solar,90,Monday,March,Spring
9/22/2021,3,4,2010,Wind,265,Wednesday,September,Fall
1/3/2021,8,9,1604,Wind,3,Sunday,January,Winter
4/1/2023,15,16,16341,Wind,91,Saturday,April,Spring
2/14/2025,9,10,6637,Wind,45,Friday,February,Winter
9/14/2024,23,0,3929,Wind,258,Saturday,September,Fall
2/9/2023,6,7,1172,Wind,40,Thursday,February,Winter
10/23/2023,4,5,5375,Wind,296,Monday,October,Fall
1/31/2021,6,7,3009,Wind,31,Sunday,January,Winter
2/26/2023,11,12,22043,Wind,57,Sunday,February,Winter
7/25/2025,14,15,9373,Solar,206,Friday,July,Summer
11/23/2024,21,22,19031,Wind,328,Saturday,November,Fall
7/1/2022,22,23,845,Wind,182,Friday,July,Summer
6/6/2021,21,22,1802,Wind,157,Sunday,June,Summer
7/8/2024,8,9,3111,Solar,190,Monday,July,Summer
4/7/2024,23,0,4677,Wind,98,Sunday,April,Spring
5/17/2021,12,13,15300,Wind,137,Monday,May,Spring
3/15/2023,19,20,2059,Wind,74,Wednesday,March,Spring
2/18/2024,0,1,5504,Wind,49,Sunday,February,Winter
3/25/2025,21,22,3839,Wind,84,Tuesday,March,Spring
5/5/2020,8,9,5591,Wind,126,Tuesday,May,Spring
5/3/2025,3,4,6936,Wind,123,Saturday,May,Spring
6/4/2023,23,0,6760,Wind,155,Sunday,June,Summer
9/22/2023,22,23,6457,Wind,265,Friday,September,Fall
5/10/2020,5,6,2056,Wind,131,Sunday,May,Spring
7/11/2020,11,12,4885,Solar,193,Saturday,July,Summer
7/21/2024,0,1,3435,Wind,203,Sunday,July,Summer
7/18/2023,9,10,4325,Solar,199,Tuesday,July,Summer
6/29/2025,1,2,3834,Wind,180,Sunday,June,Summer
5/22/2024,9,10,8005,Wind,143,Wednesday,May,Spring
4/8/2024,22,23,9778,Wind,99,Monday,April,Spring
7/5/2020,1,2,7405,Wind,187,Sunday,July,Summer
1/11/2021,17,18,6090,Wind,11,Monday,January,Winter
2/28/2021,3,4,7607,Wind,59,Sunday,February,Winter
8/13/2024,5,6,1209,Wind,226,Tuesday,August,Summer
5/29/2020,10,11,5407,Solar,150,Friday,May,Spring
2/25/2022,19,20,3155,Wind,56,Friday,February,Winter
8/24/2024,13,14,10581,Wind,237,Saturday,August,Summer
8/19/2023,11,12,6990,Solar,231,Saturday,August,Summer
3/3/2020,7,8,4102,Wind,63,Tuesday,March,Spring
8/17/2021,17,18,7713,Wind,229,Tuesday,August,Summer
3/3/2024,0,1,2949,Wind,63,Sunday,March,Spring
8/30/2020,0,1,2869,Wind,243,Sunday,August,Summer
10/9/2021,2,3,3926,Wind,282,Saturday,October,Fall
5/10/2020,17,18,4035,Wind,131,Sunday,May,Spring
3/27/2020,18,19,2867,Wind,87,Friday,March,Spring
11/11/2023,13,14,5880,Solar,315,Saturday,November,Fall
10/31/2023,1,2,7202,Wind,304,Tuesday,October,Fall
3/15/2025,10,11,15859,Wind,74,Saturday,March,Spring
9/22/2023,14,15,13152,Wind,265,Friday,September,Fall
2/19/2023,9,10,5578,Wind,50,Sunday,February,Winter
5/4/2023,8,9,7756,Wind,124,Thursday,May,Spring
6/13/2021,14,15,5069,Solar,164,Sunday,June,Summer
1/25/2022,9,10,1114,Solar,25,Tuesday,January,Winter
7/8/2023,21,22,1136,Wind,189,Saturday,July,Summer
9/29/2021,6,7,6686,Wind,272,Wednesday,September,Fall
6/26/2020,11,12,4861,Solar,178,Friday,June,Summer
7/26/2022,12,13,6546,Solar,207,Tuesday,July,Summer
6/13/2022,14,15,7174,Solar,164,Monday,June,Summer
7/3/2021,8,9,2116,Wind,184,Saturday,July,Summer
1/14/2024,12,13,3571,Solar,14,Sunday,January,Winter
3/7/2024,8,9,7880,Wind,67,Thursday,March,Spring
6/17/2021,10,11,5129,Wind,168,Thursday,June,Summer
3/17/2025,17,18,12710,Wind,76,Monday,March,Spring
8/20/2023,23,0,2891,Wind,232,Sunday,August,Summer
2/16/2021,7,8,10321,Wind,47,Tuesday,February,Winter
11/13/2022,16,17,1605,Wind,317,Sunday,November,Fall
8/19/2020,18,19,5719,Wind,232,Wednesday,August,Summer
5/19/2024,16,17,2867,Solar,140,Sunday,May,Spring
1/13/2022,20,21,2891,Wind,13,Thursday,January,Winter
6/7/2025,6,7,7180,Wind,158,Saturday,June,Summer
4/18/2021,23,0,1954,Wind,108,Sunday,April,Spring
8/1/2021,5,6,2357,Wind,213,Sunday,August,Summer
4/27/2021,0,1,6406,Wind,117,Tuesday,April,Spring
5/31/2023,9,10,7949,Wind,151,Wednesday,May,Spring
10/3/2023,9,10,9763,Wind,276,Tuesday,October,Fall
5/13/2020,19,20,8135,Wind,134,Wednesday,May,Spring
6/12/2023,22,23,2753,Wind,163,Monday,June,Summer
11/11/2022,4,5,2858,Wind,315,Friday,November,Fall
4/14/2021,13,14,8978,Wind,104,Wednesday,April,Spring
12/16/2023,2,3,1986,Wind,350,Saturday,December,Winter
7/17/2021,22,23,4501,Wind,198,Saturday,July,Summer
4/18/2024,16,17,8128,Solar,109,Thursday,April,Spring
7/19/2025,18,19,8795,Wind,200,Saturday,July,Summer
1/26/2023,6,7,2238,Wind,26,Thursday,January,Winter
8/11/2022,21,22,4852,Wind,223,Thursday,August,Summer
6/21/2024,21,22,4798,Wind,173,Friday,June,Summer
3/22/2023,9,10,13652,Wind,81,Wednesday,March,Spring
8/3/2025,14,15,6657,Solar,215,Sunday,August,Summer
2/13/2020,1,2,7835,Wind,44,Thursday,February,Winter
1/4/2021,8,9,1699,Wind,4,Monday,January,Winter
5/7/2022,11,12,6711,Solar,127,Saturday,May,Spring
7/31/2020,10,11,4357,Solar,213,Friday,July,Summer
5/23/2024,6,7,2688,Wind,144,Thursday,May,Spring
7/11/2021,21,22,868,Wind,192,Sunday,July,Summer
9/26/2025,22,23,313,Wind,269,Friday,September,Fall
5/6/2024,6,7,3361,Wind,127,Monday,May,Spring
9/12/2023,13,14,4933,Solar,255,Tuesday,September,Fall
5/25/2023,20,21,7031,Wind,145,Thursday,May,Spring
11/30/2021,21,22,12769,Wind,334,Tuesday,November,Fall
5/12/2024,17,18,6724,Wind,133,Sunday,May,Spring
11/2/2023,10,11,15126,Wind,306,Thursday,November,Fall
8/5/2023,5,6,2691,Wind,217,Saturday,August,Summer
2/4/2024,23,0,7222,Wind,35,Sunday,February,Winter
6/2/2022,8,9,3841,Wind,153,Thursday,June,Summer
1/29/2021,10,11,14856,Wind,29,Friday,January,Winter
10/11/2021,5,6,2918,Wind,284,Monday,October,Fall
8/15/2024,3,4,1492,Wind,228,Thursday,August,Summer
4/28/2020,1,2,2577,Wind,119,Tuesday,April,Spring
5/8/2020,17,18,3383,Solar,129,Friday,May,Spring
11/26/2023,9,10,3686,Wind,330,Sunday,November,Fall
11/22/2022,23,0,8882,Wind,326,Tuesday,November,Fall
12/9/2020,17,18,2329,Wind,344,Wednesday,December,Winter
4/27/2022,14,15,9731,Solar,117,Wednesday,April,Spring
11/6/2022,7,8,8112,Wind,310,Sunday,November,Fall
6/15/2023,19,20,3676,Wind,166,Thursday,June,Summer
5/8/2022,10,11,6177,Solar,128,Sunday,May,Spring
10/11/2021,0,1,3875,Wind,284,Monday,October,Fall
6/24/2020,4,5,4432,Wind,176,Wednesday,June,Summer
5/9/2021,19,20,9742,Wind,129,Sunday,May,Spring
5/30/2020,19,20,4315,Wind,151,Saturday,May,Spring
11/24/2020,0,1,1746,Wind,329,Tuesday,November,Fall
12/27/2021,10,11,8533,Wind,361,Monday,December,Winter
10/20/2020,7,8,10025,Wind,294,Tuesday,October,Fall
6/8/2025,23,0,2194,Wind,159,Sunday,June,Summer
2/15/2021,8,9,10609,Wind,46,Monday,February,Winter
3/18/2021,19,20,3876,Wind,77,Thursday,March,Spring
5/17/2021,15,16,15134,Wind,137,Monday,May,Spring
1/20/2020,21,22,5336,Wind,20,Monday,January,Winter
4/10/2022,0,1,1683,Wind,100,Sunday,April,Spring
10/15/2025,18,19,5526,Wind,288,Wednesday,October,Fall
1/7/2020,13,14,4300,Wind,7,Tuesday,January,Winter
8/28/2021,5,6,3976,Wind,240,Saturday,August,Summer
12/21/2020,11,12,12351,Wind,356,Monday,December,Winter
10/22/2023,8,9,6622,Wind,295,Sunday,October,Fall
9/13/2023,6,7,1142,Wind,256,Wednesday,September,Fall
3/18/2023,0,1,6164,Wind,77,Saturday,March,Spring
11/11/2022,13,14,6121,Solar,315,Friday,November,Fall
8/4/2020,7,8,1848,Wind,217,Tuesday,August,Summer
9/24/2021,19,20,811,Wind,267,Friday,September,Fall
4/6/2023,17,18,9974,Wind,96,Thursday,April,Spring
1/24/2025,12,13,20266,Wind,24,Friday,January,Winter
2/27/2024,7,8,11863,Wind,58,Tuesday,February,Winter
7/13/2024,2,3,1314,Wind,195,Saturday,July,Summer
10/16/2025,18,19,4569,Wind,289,Thursday,October,Fall
1/19/2023,0,1,3941,Wind,19,Thursday,January,Winter
10/29/2020,12,13,8304,Wind,303,Thursday,October,Fall
4/13/2023,10,11,12488,Wind,103,Thursday,April,Spring
11/16/2020,12,13,8614,Wind,321,Monday,November,Fall
7/29/2023,18,19,9214,Wind,210,Saturday,July,Summer
11/12/2025,22,23,13981,Wind,316,Wednesday,November,Fall
10/26/2025,5,6,9488,Wind,299,Sunday,October,Fall
10/2/2025,13,14,10562,Solar,275,Thursday,October,Fall
9/1/2020,16,17,4322,Solar,245,Tuesday,September,Fall
9/19/2024,7,8,8099,Wind,263,Thursday,September,Fall
5/15/2021,4,5,4140,Wind,135,Saturday,May,Spring
2/13/2021,18,19,6179,Wind,44,Saturday,February,Winter
8/20/2023,3,4,1018,Wind,232,Sunday,August,Summer
3/17/2025,9,10,9414,Solar,76,Monday,March,Spring
4/15/2023,19,20,10025,Wind,105,Saturday,April,Spring
10/6/2022,6,7,1907,Wind,279,Thursday,October,Fall
12/20/2023,1,2,8716,Wind,354,Wednesday,December,Winter
4/20/2025,21,22,3971,Wind,110,Sunday,April,Spring
11/28/2024,6,7,2505,Wind,333,Thursday,November,Fall
9/7/2025,5,6,6061,Wind,250,Sunday,September,Fall
8/19/2024,14,15,9521,Solar,232,Monday,August,Summer
11/20/2022,17,18,9046,Wind,324,Sunday,November,Fall
2/9/2021,3,4,2115,Wind,40,Tuesday,February,Winter
5/10/2021,16,17,7215,Wind,130,Monday,May,Spring
12/23/2020,0,1,7054,Wind,358,Wednesday,December,Winter
9/12/2020,12,13,4331,Solar,256,Saturday,September,Fall
10/11/2024,5,6,622,Wind,285,Friday,October,Fall
1/21/2024,16,17,14424,Wind,21,Sunday,January,Winter
6/30/2023,15,16,9841,Wind,181,Friday,June,Summer
2/17/2023,2,3,7016,Wind,48,Friday,February,Winter
8/3/2023,15,16,12675,Wind,215,Thursday,August,Summer
12/28/2023,20,21,13984,Wind,362,Thursday,December,Winter
5/10/2020,12,13,2636,Wind,131,Sunday,May,Spring
11/3/2025,18,19,8937,Wind,307,Monday,November,Fall
2/3/2025,21,22,1946,Wind,34,Monday,February,Winter
2/24/2024,0,1,6656,Wind,55,Saturday,February,Winter
9/6/2020,0,1,2406,Wind,250,Sunday,September,Fall
8/19/2020,14,15,7727,Wind,232,Wednesday,August,Summer
2/22/2021,20,21,5302,Wind,53,Monday,February,Winter
9/6/2021,11,12,4607,Solar,249,Monday,September,Fall
4/5/2024,7,8,14615,Wind,96,Friday,April,Spring
12/24/2020,7,8,11043,Wind,359,Thursday,December,Winter
4/11/2023,21,22,8468,Wind,101,Tuesday,April,Spring
5/6/2025,23,0,9254,Wind,126,Tuesday,May,Spring
3/10/2023,19,20,6183,Wind,69,Friday,March,Spring
7/27/2024,13,14,6448,Solar,209,Saturday,July,Summer
8/15/2022,9,10,4944,Wind,227,Monday,August,Summer
1/24/2024,8,9,15725,Wind,24,Wednesday,January,Winter
6/11/2024,6,7,1917,Wind,163,Tuesday,June,Summer
10/5/2024,20,21,7671,Wind,279,Saturday,October,Fall
5/22/2020,6,7,3939,Wind,143,Friday,May,Spring
12/31/2021,0,1,5685,Wind,365,Friday,December,Winter
7/26/2025,4,5,2368,Wind,207,Saturday,July,Summer
1/25/2020,11,12,2622,Solar,25,Saturday,January,Winter
11/30/2021,8,9,11135,Wind,334,Tuesday,November,Fall
6/2/2022,20,21,2050,Wind,153,Thursday,June,Summer
12/12/2024,21,22,3531,Wind,347,Thursday,December,Winter
8/25/2024,16,17,4862,Solar,238,Sunday,August,Summer
1/2/2020,12,13,4169,Wind,2,Thursday,January,Winter
9/7/2023,5,6,2215,Wind,250,Thursday,September,Fall
7/17/2023,21,22,1150,Wind,198,Monday,July,Summer
6/4/2025,11,12,6538,Solar,155,Wednesday,June,Summer
9/12/2022,23,0,2700,Wind,255,Monday,September,Fall
9/16/2020,0,1,800,Wind,260,Wednesday,September,Fall
4/6/2020,14,15,6087,Wind,97,Monday,April,Spring
3/6/2022,21,22,7693,Wind,65,Sunday,March,Spring
12/20/2022,5,6,13622,Wind,354,Tuesday,December,Winter
3/19/2023,18,19,3522,Wind,78,Sunday,March,Spring
5/14/2021,22,23,3321,Wind,134,Friday,May,Spring
3/19/2022,20,21,9623,Wind,78,Saturday,March,Spring
4/15/2023,11,12,12042,Wind,105,Saturday,April,Spring
11/10/2020,0,1,1153,Wind,315,Tuesday,November,Fall
10/8/2025,4,5,584,Wind,281,Wednesday,October,Fall
7/29/2025,19,20,5792,Wind,210,Tuesday,July,Summer
10/8/2021,2,3,3432,Wind,281,Friday,October,Fall
3/11/2022,18,19,10430,Wind,70,Friday,March,Spring
10/7/2025,17,18,3781,Solar,280,Tuesday,October,Fall
2/26/2025,16,17,15275,Wind,57,Wednesday,February,Winter
1/27/2023,20,21,7462,Wind,27,Friday,January,Winter
7/4/2024,1,2,6505,Wind,186,Thursday,July,Summer
8/27/2025,5,6,2086,Wind,239,Wednesday,August,Summer
4/13/2020,3,4,3469,Wind,104,Monday,April,Spring
11/3/2020,0,1,3597,Wind,308,Tuesday,November,Fall
4/21/2025,20,21,3158,Wind,111,Monday,April,Spring
4/13/2021,18,19,4444,Wind,103,Tuesday,April,Spring
11/14/2024,23,0,3238,Wind,319,Thursday,November,Fall
3/1/2022,2,3,2865,Wind,60,Tuesday,March,Spring
3/20/2023,20,21,1690,Wind,79,Monday,March,Spring
7/15/2024,12,13,8737,Solar,197,Monday,July,Summer
7/27/2025,2,3,2172,Wind,208,Sunday,July,Summer
8/5/2022,4,5,2957,Wind,217,Friday,August,Summer
12/10/2024,10,11,10560,Wind,345,Tuesday,December,Winter
12/19/2023,20,21,11260,Wind,353,Tuesday,December,Winter
8/11/2022,8,9,4398,Wind,223,Thursday,August,Summer
7/15/2021,6,7,7253,Wind,196,Thursday,July,Summer
3/29/2025,16,17,11249,Wind,88,Saturday,March,Spring
9/5/2025,20,21,687,Wind,248,Friday,September,Fall
11/11/2025,7,8,8058,Wind,315,Tuesday,November,Fall
6/18/2024,17,18,6244,Solar,170,Tuesday,June,Summer
4/4/2020,0,1,996,Wind,95,Saturday,April,Spring
3/31/2024,11,12,10457,Wind,91,Sunday,March,Spring
8/2/2022,21,22,957,Wind,214,Tuesday,August,Summer
7/20/2025,1,2,4506,Wind,201,Sunday,July,Summer
8/3/2023,1,2,14771,Wind,215,Thursday,August,Summer
7/12/2025,11,12,9607,Solar,193,Saturday,July,Summer
1/26/2020,21,22,8371,Wind,26,Sunday,January,Winter
5/16/2022,8,9,5803,Wind,136,Monday,May,Spring
5/23/2021,0,1,5905,Wind,143,Sunday,May,Spring
3/18/2021,2,3,3524,Wind,77,Thursday,March,Spring
2/4/2021,1,2,5125,Wind,35,Thursday,February,Winter
6/10/2020,22,23,731,Wind,162,Wednesday,June,Summer
7/9/2023,18,19,4652,Solar,190,Sunday,July,Summer
8/13/2023,5,6,931,Wind,225,Sunday,August,Summer
3/20/2025,0,1,6946,Wind,79,Thursday,March,Spring
8/8/2023,3,4,1820,Wind,220,Tuesday,August,Summer
7/3/2023,14,15,11480,Wind,184,Monday,July,Summer
9/30/2023,1,2,663,Wind,273,Saturday,September,Fall
1/10/2020,22,23,1571,Wind,10,Friday,January,Winter
12/30/2024,12,13,3281,Solar,365,Monday,December,Winter
5/2/2021,18,19,3016,Solar,122,Sunday,May,Spring
8/7/2021,18,19,11586,Wind,219,Saturday,August,Summer
5/28/2021,0,1,2572,Wind,148,Friday,May,Spring
5/16/2022,11,12,7699,Solar,136,Monday,May,Spring
1/4/2020,23,0,1931,Wind,4,Saturday,January,Winter
11/8/2020,8,9,3916,Wind,313,Sunday,November,Fall
7/27/2023,7,8,9065,Wind,208,Thursday,July,Summer
9/10/2024,0,1,4683,Wind,254,Tuesday,September,Fall
3/19/2021,6,7,5907,Wind,78,Friday,March,Spring
2/28/2020,3,4,2643,Wind,59,Friday,February,Winter
5/18/2023,0,1,7850,Wind,138,Thursday,May,Spring
4/20/2020,3,4,5296,Wind,111,Monday,April,Spring
4/9/2020,6,7,723,Wind,100,Thursday,April,Spring
5/3/2025,13,14,5971,Solar,123,Saturday,May,Spring
7/30/2025,3,4,1452,Wind,211,Wednesday,July,Summer
4/28/2020,4,5,3067,Wind,119,Tuesday,April,Spring
2/26/2023,21,22,14492,Wind,57,Sunday,February,Winter
4/11/2021,14,15,7658,Wind,101,Sunday,April,Spring
5/8/2024,14,15,9558,Solar,129,Wednesday,May,Spring
4/8/2020,8,9,2303,Wind,99,Wednesday,April,Spring
7/4/2021,4,5,862,Wind,185,Sunday,July,Summer
1/28/2025,17,18,19004,Wind,28,Tuesday,January,Winter
11/14/2020,19,20,11103,Wind,319,Saturday,November,Fall
7/21/2020,0,1,4876,Wind,203,Tuesday,July,Summer
10/4/2022,1,2,1416,Wind,277,Tuesday,October,Fall
8/4/2024,17,18,6580,Solar,217,Sunday,August,Summer
1/2/2020,23,0,6857,Wind,2,Thursday,January,Winter
7/10/2021,20,21,2043,Wind,191,Saturday,July,Summer
2/26/2022,21,22,9716,Wind,57,Saturday,February,Winter
11/29/2022,17,18,1111,Wind,333,Tuesday,November,Fall
6/8/2025,7,8,8306,Wind,159,Sunday,June,Summer
4/5/2022,18,19,8495,Wind,95,Tuesday,April,Spring
3/10/2024,7,8,2181,Wind,70,Sunday,March,Spring
8/23/2020,19,20,4332,Wind,236,Sunday,August,Summer
11/24/2020,3,4,1768,Wind,329,Tuesday,November,Fall
7/23/2024,5,6,5404,Wind,205,Tuesday,July,Summer
5/23/2024,2,3,2979,Wind,144,Thursday,May,Spring
4/16/2023,5,6,5054,Wind,106,Sunday,April,Spring
6/6/2025,13,14,7339,Wind,157,Friday,June,Summer
1/19/2024,2,3,2193,Wind,19,Friday,January,Winter
12/17/2023,15,16,3018,Solar,351,Sunday,December,Winter
3/21/2025,18,19,8152,Wind,80,Friday,March,Spring
9/6/2020,2,3,1961,Wind,250,Sunday,September,Fall
12/4/2020,2,3,12264,Wind,339,Friday,December,Winter
7/17/2024,10,11,6067,Solar,199,Wednesday,July,Summer
10/1/2025,13,14,10058,Solar,274,Wednesday,October,Fall
3/30/2021,11,12,4810,Solar,89,Tuesday,March,Spring
5/24/2024,23,0,703,Wind,145,Friday,May,Spring
2/16/2023,11,12,7999,Solar,47,Thursday,February,Winter
11/2/2025,22,23,8643,Wind,306,Sunday,November,Fall
7/31/2024,21,22,1578,Wind,213,Wednesday,July,Summer
12/31/2024,8,9,4218,Wind,366,Tuesday,December,Winter
1/12/2023,5,6,15968,Wind,12,Thursday,January,Winter
3/9/2024,0,1,11075,Wind,69,Saturday,March,Spring
4/21/2025,6,7,3806,Wind,111,Monday,April,Spring
6/19/2022,16,17,12018,Wind,170,Sunday,June,Summer
3/24/2022,9,10,4911,Solar,83,Thursday,March,Spring
12/6/2023,14,15,3145,Solar,340,Wednesday,December,Winter
10/22/2020,15,16,4372,Wind,296,Thursday,October,Fall
9/1/2022,3,4,3514,Wind,244,Thursday,September,Fall
2/17/2023,6,7,7645,Wind,48,Friday,February,Winter
6/14/2025,19,20,4111,Wind,165,Saturday,June,Summer
9/28/2025,15,16,5298,Solar,271,Sunday,September,Fall
11/4/2025,11,12,13899,Wind,308,Tuesday,November,Fall
7/5/2021,12,13,7806,Solar,186,Monday,July,Summer
2/21/2022,3,4,14976,Wind,52,Monday,February,Winter
11/17/2025,20,21,5188,Wind,321,Monday,November,Fall
8/23/2024,7,8,11855,Wind,236,Friday,August,Summer
3/31/2022,13,14,11938,Wind,90,Thursday,March,Spring
9/28/2021,17,18,3222,Wind,271,Tuesday,September,Fall
6/24/2024,4,5,2733,Wind,176,Monday,June,Summer
9/3/2021,22,23,1704,Wind,246,Friday,September,Fall
10/3/2022,19,20,1114,Wind,276,Monday,October,Fall
8/22/2022,5,6,1373,Wind,234,Monday,August,Summer
2/27/2022,4,5,8949,Wind,58,Sunday,February,Winter
6/28/2022,23,0,1723,Wind,179,Tuesday,June,Summer
8/22/2025,0,1,6431,Wind,234,Friday,August,Summer
5/5/2023,18,19,4662,Solar,125,Friday,May,Spring
3/19/2022,13,14,12710,Wind,78,Saturday,March,Spring
4/18/2021,9,10,3757,Solar,108,Sunday,April,Spring
7/11/2025,17,18,11291,Solar,192,Friday,July,Summer
9/4/2025,19,20,8069,Wind,247,Thursday,September,Fall
10/21/2022,14,15,9441,Wind,294,Friday,October,Fall
7/27/2020,10,11,6801,Wind,209,Monday,July,Summer
7/9/2020,16,17,7247,Wind,191,Thursday,July,Summer
6/19/2023,16,17,4302,Solar,170,Monday,June,Summer
8/13/2020,7,8,1791,Wind,226,Thursday,August,Summer
9/21/2023,23,0,7242,Wind,264,Thursday,September,Fall
7/25/2022,10,11,8474,Wind,206,Monday,July,Summer
11/27/2023,18,19,11622,Wind,331,Monday,November,Fall
4/9/2022,10,11,5360,Solar,99,Saturday,April,Spring
11/2/2022,5,6,6705,Wind,306,Wednesday,November,Fall
8/17/2022,5,6,1436,Wind,229,Wednesday,August,Summer
4/20/2021,7,8,703,Wind,110,Tuesday,April,Spring
8/15/2024,6,7,1268,Wind,228,Thursday,August,Summer
7/11/2022,6,7,3830,Wind,192,Monday,July,Summer
7/2/2022,2,3,670,Wind,183,Saturday,July,Summer
5/24/2021,5,6,8343,Wind,144,Monday,May,Spring
2/24/2023,9,10,5199,Wind,55,Friday,February,Winter
4/14/2021,15,16,9278,Wind,104,Wednesday,April,Spring
4/12/2025,22,23,8931,Wind,102,Saturday,April,Spring
12/22/2022,10,11,12428,Wind,356,Thursday,December,Winter
1/18/2024,2,3,7810,Wind,18,Thursday,January,Winter
5/31/2024,16,17,7089,Wind,152,Friday,May,Spring
9/9/2021,13,14,5141,Wind,252,Thursday,September,Fall
4/13/2025,12,13,4906,Wind,103,Sunday,April,Spring
3/23/2024,22,23,9137,Wind,83,Saturday,March,Spring
2/26/2025,23,0,8535,Wind,57,Wednesday,February,Winter
8/3/2022,0,1,1047,Wind,215,Wednesday,August,Summer
4/7/2025,22,23,5598,Wind,97,Monday,April,Spring
9/15/2021,12,13,3974,Solar,258,Wednesday,September,Fall
3/26/2023,3,4,9201,Wind,85,Sunday,March,Spring
2/19/2020,5,6,8999,Wind,50,Wednesday,February,Winter
9/14/2020,9,10,3828,Wind,258,Monday,September,Fall
7/23/2022,23,0,1099,Wind,204,Saturday,July,Summer
6/4/2021,8,9,2095,Wind,155,Friday,June,Summer
4/12/2020,2,3,748,Wind,103,Sunday,April,Spring
1/2/2021,3,4,1281,Wind,2,Saturday,January,Winter
5/16/2025,20,21,7218,Wind,136,Friday,May,Spring
1/28/2024,5,6,8152,Wind,28,Sunday,January,Winter
10/2/2021,16,17,14843,Wind,275,Saturday,October,Fall
9/18/2020,10,11,5286,Wind,262,Friday,September,Fall
11/24/2020,21,22,6481,Wind,329,Tuesday,November,Fall
12/21/2022,12,13,10235,Wind,355,Wednesday,December,Winter
7/19/2021,2,3,5773,Wind,200,Monday,July,Summer
6/29/2022,10,11,5357,Solar,180,Wednesday,June,Summer
12/22/2023,12,13,19987,Wind,356,Friday,December,Winter
12/4/2024,12,13,6363,Solar,339,Wednesday,December,Winter
2/21/2021,13,14,8829,Wind,52,Sunday,February,Winter
6/20/2022,2,3,5728,Wind,171,Monday,June,Summer
11/19/2020,23,0,3854,Wind,324,Thursday,November,Fall
11/10/2025,13,14,12666,Wind,314,Monday,November,Fall
12/20/2024,8,9,5569,Wind,355,Friday,December,Winter
5/11/2025,12,13,3967,Solar,131,Sunday,May,Spring
11/18/2024,2,3,8530,Wind,323,Monday,November,Fall
3/3/2025,11,12,8311,Solar,62,Monday,March,Spring
12/28/2021,22,23,12013,Wind,362,Tuesday,December,Winter
10/31/2021,4,5,6221,Wind,304,Sunday,October,Fall
12/5/2020,21,22,5385,Wind,340,Saturday,December,Winter
5/12/2024,8,9,4245,Wind,133,Sunday,May,Spring
4/15/2022,22,23,5750,Wind,105,Friday,April,Spring
12/22/2024,9,10,19398,Wind,357,Sunday,December,Winter
2/5/2021,14,15,3021,Wind,36,Friday,February,Winter
7/12/2022,14,15,6997,Solar,193,Tuesday,July,Summer
6/15/2020,23,0,2022,Wind,167,Monday,June,Summer
10/23/2023,9,10,8658,Wind,296,Monday,October,Fall
2/2/2023,8,9,6057,Wind,33,Thursday,February,Winter
7/28/2024,14,15,5654,Solar,210,Sunday,July,Summer
10/9/2024,13,14,12421,Wind,283,Wednesday,October,Fall
2/15/2023,10,11,6270,Solar,46,Wednesday,February,Winter
11/18/2021,14,15,3326,Solar,322,Thursday,November,Fall
6/28/2022,19,20,3348,Wind,179,Tuesday,June,Summer
1/12/2024,1,2,6624,Wind,12,Friday,January,Winter
6/16/2020,5,6,1461,Wind,168,Tuesday,June,Summer
7/7/2020,7,8,1906,Wind,189,Tuesday,July,Summer
9/12/2022,10,11,4987,Solar,255,Monday,September,Fall
6/6/2023,14,15,8282,Solar,157,Tuesday,June,Summer
12/31/2023,16,17,17690,Wind,365,Sunday,December,Winter
2/22/2025,3,4,10776,Wind,53,Saturday,February,Winter
2/12/2020,23,0,5618,Wind,43,Wednesday,February,Winter
7/27/2025,4,5,1887,Wind,208,Sunday,July,Summer
10/28/2023,8,9,12258,Wind,301,Saturday,October,Fall
5/22/2025,14,15,6175,Solar,142,Thursday,May,Spring
12/23/2024,2,3,17302,Wind,358,Monday,December,Winter
8/17/2025,22,23,7604,Wind,229,Sunday,August,Summer
4/23/2024,3,4,4610,Wind,114,Tuesday,April,Spring
3/26/2021,17,18,9646,Wind,85,Friday,March,Spring
12/4/2021,15,16,12295,Wind,338,Saturday,December,Winter
2/12/2021,15,16,9320,Wind,43,Friday,February,Winter
8/8/2023,21,22,2130,Wind,220,Tuesday,August,Summer
1/20/2021,0,1,11737,Wind,20,Wednesday,January,Winter
8/15/2025,9,10,6084,Solar,227,Friday,August,Summer
3/31/2025,6,7,5157,Wind,90,Monday,March,Spring
11/11/2022,2,3,2683,Wind,315,Friday,November,Fall
7/9/2022,18,19,8525,Wind,190,Saturday,July,Summer
9/5/2023,0,1,7414,Wind,248,Tuesday,September,Fall
11/19/2022,10,11,4418,Solar,323,Saturday,November,Fall
10/23/2023,17,18,5596,Wind,296,Monday,October,Fall
1/13/2023,1,2,13913,Wind,13,Friday,January,Winter
4/21/2020,23,0,4642,Wind,112,Tuesday,April,Spring
12/19/2020,11,12,10820,Wind,354,Saturday,December,Winter
1/6/2021,6,7,1187,Wind,6,Wednesday,January,Winter
6/12/2025,3,4,6737,Wind,163,Thursday,June,Summer
6/1/2020,16,17,4570,Solar,153,Monday,June,Summer
12/29/2020,22,23,3005,Wind,364,Tuesday,December,Winter
3/8/2023,9,10,13908,Wind,67,Wednesday,March,Spring
2/19/2020,2,3,11122,Wind,50,Wednesday,February,Winter
7/30/2023,20,21,7195,Wind,211,Sunday,July,Summer
1/23/2025,6,7,5894,Wind,23,Thursday,January,Winter
5/11/2025,19,20,4469,Wind,131,Sunday,May,Spring
7/15/2020,18,19,3632,Wind,197,Wednesday,July,Summer
4/23/2021,16,17,8565,Wind,113,Friday,April,Spring
7/2/2023,18,19,6804,Wind,183,Sunday,July,Summer
4/13/2022,22,23,1032,Wind,103,Wednesday,April,Spring
12/14/2021,23,0,1053,Wind,348,Tuesday,December,Winter
1/22/2021,18,19,4478,Wind,22,Friday,January,Winter
12/30/2024,14,15,2676,Solar,365,Monday,December,Winter
1/19/2020,7,8,5048,Wind,19,Sunday,January,Winter
1/8/2021,0,1,1507,Wind,8,Friday,January,Winter
8/3/2023,12,13,13262,Wind,215,Thursday,August,Summer
10/25/2025,4,5,13923,Wind,298,Saturday,October,Fall
5/13/2023,7,8,4856,Wind,133,Saturday,May,Spring
7/21/2023,22,23,3097,Wind,202,Friday,July,Summer
10/3/2024,1,2,4843,Wind,277,Thursday,October,Fall
3/30/2023,23,0,12402,Wind,89,Thursday,March,Spring
7/8/2022,12,13,8283,Solar,189,Friday,July,Summer
8/18/2021,1,2,2488,Wind,230,Wednesday,August,Summer
6/29/2023,5,6,748,Wind,180,Thursday,June,Summer
5/28/2021,23,0,3329,Wind,148,Friday,May,Spring
5/11/2024,7,8,4906,Wind,132,Saturday,May,Spring
4/8/2022,19,20,9607,Wind,98,Friday,April,Spring
7/27/2025,21,22,4242,Wind,208,Sunday,July,Summer
10/14/2023,11,12,5525,Solar,287,Saturday,October,Fall
10/12/2020,11,12,3848,Solar,286,Monday,October,Fall
1/18/2025,23,0,1679,Wind,18,Saturday,January,Winter
5/31/2023,12,13,12628,Wind,151,Wednesday,May,Spring
9/21/2021,16,17,4522,Solar,264,Tuesday,September,Fall
11/21/2023,21,22,6769,Wind,325,Tuesday,November,Fall
4/12/2024,12,13,8049,Solar,103,Friday,April,Spring
3/17/2024,9,10,6278,Wind,77,Sunday,March,Spring
4/5/2024,4,5,10352,Wind,96,Friday,April,Spring
11/1/2022,20,21,12061,Wind,305,Tuesday,November,Fall
5/27/2024,21,22,2538,Wind,148,Monday,May,Spring
7/15/2021,4,5,7756,Wind,196,Thursday,July,Summer
3/5/2024,15,16,8619,Wind,65,Tuesday,March,Spring
10/10/2025,13,14,9343,Solar,283,Friday,October,Fall
6/21/2023,11,12,4377,Solar,172,Wednesday,June,Summer
10/29/2023,10,11,15308,Wind,302,Sunday,October,Fall
5/21/2020,17,18,2989,Solar,142,Thursday,May,Spring
6/10/2023,0,1,3204,Wind,161,Saturday,June,Summer
8/20/2025,4,5,3073,Wind,232,Wednesday,August,Summer
4/16/2024,0,1,13826,Wind,107,Tuesday,April,Spring
3/5/2025,17,18,3558,Solar,64,Wednesday,March,Spring
11/15/2025,14,15,5714,Solar,319,Saturday,November,Fall
3/12/2022,21,22,9414,Wind,71,Saturday,March,Spring
6/4/2024,3,4,456,Wind,156,Tuesday,June,Summer
7/28/2020,17,18,6769,Wind,210,Tuesday,July,Summer
11/6/2021,21,22,6134,Wind,310,Saturday,November,Fall
4/25/2025,1,2,3293,Wind,115,Friday,April,Spring
7/25/2021,5,6,2988,Wind,206,Sunday,July,Summer
11/1/2022,12,13,15812,Wind,305,Tuesday,November,Fall
11/10/2024,19,20,1932,Wind,315,Sunday,November,Fall
4/19/2021,5,6,1278,Wind,109,Monday,April,Spring
3/29/2021,11,12,5469,Solar,88,Monday,March,Spring
3/12/2021,4,5,9635,Wind,71,Friday,March,Spring
6/7/2025,23,0,12317,Wind,158,Saturday,June,Summer
9/2/2023,22,23,4625,Wind,245,Saturday,September,Fall
10/27/2023,20,21,9132,Wind,300,Friday,October,Fall
8/10/2021,22,23,590,Wind,222,Tuesday,August,Summer
9/29/2021,8,9,7118,Wind,272,Wednesday,September,Fall
5/31/2022,18,19,5487,Wind,151,Tuesday,May,Spring
6/25/2021,4,5,1451,Wind,176,Friday,June,Summer
5/27/2022,11,12,6179,Solar,147,Friday,May,Spring
3/3/2024,22,23,5144,Wind,63,Sunday,March,Spring
12/7/2022,2,3,2507,Wind,341,Wednesday,December,Winter
8/17/2021,21,22,3684,Wind,229,Tuesday,August,Summer
3/24/2020,16,17,6133,Wind,84,Tuesday,March,Spring
10/12/2025,18,19,5244,Wind,285,Sunday,October,Fall
7/24/2023,17,18,11156,Wind,205,Monday,July,Summer
7/8/2024,11,12,8159,Solar,190,Monday,July,Summer
7/16/2022,14,15,8810,Solar,197,Saturday,July,Summer
4/1/2024,1,2,4949,Wind,92,Monday,April,Spring
1/14/2024,18,19,1253,Wind,14,Sunday,January,Winter
1/8/2020,13,14,4927,Wind,8,Wednesday,January,Winter
11/12/2021,4,5,1575,Wind,316,Friday,November,Fall
11/19/2024,13,14,20597,Wind,324,Tuesday,November,Fall
8/17/2020,2,3,1750,Wind,230,Monday,August,Summer
6/11/2023,19,20,4575,Wind,162,Sunday,June,Summer
8/21/2025,20,21,7365,Wind,233,Thursday,August,Summer
8/26/2021,4,5,2542,Wind,238,Thursday,August,Summer
9/10/2020,19,20,1247,Wind,254,Thursday,September,Fall
7/13/2021,23,0,5065,Wind,194,Tuesday,July,Summer
4/5/2022,19,20,7386,Wind,95,Tuesday,April,Spring
6/13/2020,1,2,3366,Wind,165,Saturday,June,Summer
10/18/2023,17,18,14535,Wind,291,Wednesday,October,Fall
8/22/2020,10,11,9129,Wind,235,Saturday,August,Summer
8/3/2021,2,3,1153,Wind,215,Tuesday,August,Summer
7/23/2023,17,18,12004,Wind,204,Sunday,July,Summer
7/2/2021,8,9,1628,Solar,183,Friday,July,Summer
6/3/2022,15,16,5923,Solar,154,Friday,June,Summer
12/4/2021,8,9,8370,Wind,338,Saturday,December,Winter
10/9/2023,14,15,6407,Solar,282,Monday,October,Fall
9/15/2021,11,12,3648,Solar,258,Wednesday,September,Fall
6/18/2021,7,8,3517,Wind,169,Friday,June,Summer
9/10/2025,1,2,3815,Wind,253,Wednesday,September,Fall
4/11/2020,9,10,2530,Solar,102,Saturday,April,Spring
1/26/2024,1,2,7990,Wind,26,Friday,January,Winter
3/27/2025,4,5,3169,Wind,86,Thursday,March,Spring
9/21/2025,6,7,3184,Wind,264,Sunday,September,Fall
7/13/2024,20,21,1101,Solar,195,Saturday,July,Summer
11/14/2021,3,4,2421,Wind,318,Sunday,November,Fall
7/1/2022,23,0,863,Wind,182,Friday,July,Summer
7/10/2023,3,4,1054,Wind,191,Monday,July,Summer
11/23/2022,20,21,12891,Wind,327,Wednesday,November,Fall
12/12/2024,15,16,3478,Wind,347,Thursday,December,Winter
4/27/2025,19,20,2748,Wind,117,Sunday,April,Spring
1/17/2023,16,17,4665,Wind,17,Tuesday,January,Winter
4/3/2022,1,2,5119,Wind,93,Sunday,April,Spring
10/18/2020,4,5,672,Wind,292,Sunday,October,Fall
10/11/2021,17,18,4388,Wind,284,Monday,October,Fall
11/16/2023,16,17,13386,Wind,320,Thursday,November,Fall
3/9/2025,3,4,9672,Wind,68,Sunday,March,Spring
12/31/2022,12,13,17332,Wind,365,Saturday,December,Winter
8/16/2023,13,14,6675,Solar,228,Wednesday,August,Summer
1/6/2021,19,20,495,Wind,6,Wednesday,January,Winter
2/8/2025,9,10,8261,Wind,39,Saturday,February,Winter
9/26/2022,7,8,6086,Wind,269,Monday,September,Fall
11/10/2025,0,1,6004,Wind,314,Monday,November,Fall
2/1/2020,18,19,10703,Wind,32,Saturday,February,Winter
4/22/2022,18,19,4256,Wind,112,Friday,April,Spring
1/24/2023,21,22,2611,Wind,24,Tuesday,January,Winter
5/5/2025,7,8,9361,Wind,125,Monday,May,Spring
5/8/2020,12,13,4778,Solar,129,Friday,May,Spring
6/16/2021,8,9,2085,Solar,167,Wednesday,June,Summer
2/16/2020,22,23,11230,Wind,47,Sunday,February,Winter
7/4/2023,10,11,5603,Solar,185,Tuesday,July,Summer
10/26/2023,15,16,6529,Wind,299,Thursday,October,Fall
2/28/2024,3,4,3223,Wind,59,Wednesday,February,Winter
11/29/2022,10,11,2249,Solar,333,Tuesday,November,Fall
1/6/2020,20,21,6469,Wind,6,Monday,January,Winter
11/9/2025,4,5,2430,Wind,313,Sunday,November,Fall
5/12/2024,6,7,3904,Wind,133,Sunday,May,Spring
4/30/2021,22,23,1359,Wind,120,Friday,April,Spring
8/27/2023,4,5,2263,Wind,239,Sunday,August,Summer
7/27/2024,9,10,3124,Solar,209,Saturday,July,Summer
9/26/2025,12,13,5213,Solar,269,Friday,September,Fall
4/1/2022,3,4,9699,Wind,91,Friday,April,Spring
5/12/2020,12,13,5747,Wind,133,Tuesday,May,Spring
10/7/2024,16,17,7311,Wind,281,Monday,October,Fall
6/30/2022,13,14,4931,Solar,181,Thursday,June,Summer
9/20/2024,20,21,3245,Wind,264,Friday,September,Fall
8/10/2024,16,17,4012,Solar,223,Saturday,August,Summer
4/30/2023,4,5,3814,Wind,120,Sunday,April,Spring
1/23/2025,5,6,6304,Wind,23,Thursday,January,Winter
12/3/2022,12,13,6285,Wind,337,Saturday,December,Winter
4/24/2025,7,8,2699,Wind,114,Thursday,April,Spring
10/2/2025,18,19,2959,Wind,275,Thursday,October,Fall
8/9/2020,11,12,3372,Solar,222,Sunday,August,Summer
7/10/2020,19,20,4171,Wind,192,Friday,July,Summer
12/26/2023,4,5,7229,Wind,360,Tuesday,December,Winter
4/28/2024,0,1,10556,Wind,119,Sunday,April,Spring
10/12/2024,13,14,6790,Wind,286,Saturday,October,Fall
11/25/2022,16,17,3351,Wind,329,Friday,November,Fall
1/14/2023,15,16,17545,Wind,14,Saturday,January,Winter
11/8/2022,20,21,11901,Wind,312,Tuesday,November,Fall
8/29/2024,19,20,2703,Wind,242,Thursday,August,Summer
3/16/2025,9,10,9888,Wind,75,Sunday,March,Spring
1/19/2020,3,4,4619,Wind,19,Sunday,January,Winter
3/13/2025,0,1,2661,Wind,72,Thursday,March,Spring
4/4/2024,19,20,8108,Wind,95,Thursday,April,Spring
12/5/2023,18,19,6714,Wind,339,Tuesday,December,Winter
1/16/2020,6,7,4609,Wind,16,Thursday,January,Winter
10/15/2025,19,20,5080,Wind,288,Wednesday,October,Fall
6/3/2020,16,17,3604,Solar,155,Wednesday,June,Summer
5/11/2024,8,9,5428,Wind,132,Saturday,May,Spring
9/25/2020,7,8,10168,Wind,269,Friday,September,Fall
10/5/2022,10,11,9771,Wind,278,Wednesday,October,Fall
7/2/2024,4,5,2631,Wind,184,Tuesday,July,Summer
4/21/2023,20,21,2543,Wind,111,Friday,April,Spring
12/5/2024,8,9,14145,Wind,340,Thursday,December,Winter
8/7/2025,18,19,5653,Solar,219,Thursday,August,Summer
4/5/2020,11,12,7848,Wind,96,Sunday,April,Spring
1/26/2024,4,5,9936,Wind,26,Friday,January,Winter
9/3/2023,14,15,9204,Solar,246,Sunday,September,Fall
4/12/2022,22,23,2275,Wind,102,Tuesday,April,Spring
12/29/2020,13,14,5165,Wind,364,Tuesday,December,Winter
9/8/2023,9,10,3666,Solar,251,Friday,September,Fall
4/26/2024,13,14,6436,Solar,117,Friday,April,Spring
4/14/2024,15,16,4067,Solar,105,Sunday,April,Spring
9/7/2020,13,14,5438,Solar,251,Monday,September,Fall
2/18/2022,21,22,13040,Wind,49,Friday,February,Winter
5/21/2020,5,6,1502,Wind,142,Thursday,May,Spring
5/4/2020,14,15,5337,Solar,125,Monday,May,Spring
6/10/2023,9,10,4098,Solar,161,Saturday,June,Summer
4/3/2024,11,12,15839,Wind,94,Wednesday,April,Spring
5/23/2020,7,8,3360,Wind,144,Saturday,May,Spring
9/4/2020,7,8,1232,Wind,248,Friday,September,Fall
10/7/2020,12,13,8717,Wind,281,Wednesday,October,Fall
12/2/2023,5,6,3249,Wind,336,Saturday,December,Winter
6/28/2024,16,17,6716,Solar,180,Friday,June,Summer
8/22/2021,21,22,3345,Wind,234,Sunday,August,Summer
2/17/2023,9,10,9868,Wind,48,Friday,February,Winter
2/16/2022,13,14,16745,Wind,47,Wednesday,February,Winter
12/3/2022,2,3,6803,Wind,337,Saturday,December,Winter
4/8/2021,14,15,5202,Solar,98,Thursday,April,Spring
1/5/2025,15,16,19348,Wind,5,Sunday,January,Winter
10/8/2024,8,9,10350,Wind,282,Tuesday,October,Fall
2/12/2022,6,7,4558,Wind,43,Saturday,February,Winter
7/7/2023,5,6,4486,Wind,188,Friday,July,Summer
7/14/2020,21,22,2101,Wind,196,Tuesday,July,Summer
12/9/2022,20,21,2064,Wind,343,Friday,December,Winter
7/5/2022,0,1,3667,Wind,186,Tuesday,July,Summer
11/20/2021,18,19,210,Wind,324,Saturday,November,Fall
2/9/2023,8,9,1322,Wind,40,Thursday,February,Winter
3/1/2025,23,0,10187,Wind,60,Saturday,March,Spring
7/25/2023,9,10,7186,Wind,206,Tuesday,July,Summer
12/25/2024,10,11,2874,Solar,360,Wednesday,December,Winter
5/8/2024,7,8,5427,Wind,129,Wednesday,May,Spring
10/3/2021,15,16,8606,Wind,276,Sunday,October,Fall
4/18/2024,23,0,3786,Wind,109,Thursday,April,Spring
11/4/2023,7,8,15504,Wind,308,Saturday,November,Fall
5/25/2022,22,23,5875,Wind,145,Wednesday,May,Spring
1/22/2022,20,21,2136,Wind,22,Saturday,January,Winter
8/18/2022,13,14,5355,Solar,230,Thursday,August,Summer
8/14/2025,9,10,4159,Solar,226,Thursday,August,Summer
1/1/2023,9,10,11283,Wind,1,Sunday,January,Winter
1/20/2024,18,19,4846,Wind,20,Saturday,January,Winter
11/17/2021,18,19,1887,Wind,321,Wednesday,November,Fall
9/29/2020,2,3,2642,Wind,273,Tuesday,September,Fall
8/8/2020,23,0,2390,Wind,221,Saturday,August,Summer
1/18/2024,18,19,4246,Wind,18,Thursday,January,Winter
10/18/2024,0,1,4798,Wind,292,Friday,October,Fall
6/27/2025,22,23,1584,Wind,178,Friday,June,Summer
2/11/2025,8,9,3812,Wind,42,Tuesday,February,Winter
8/25/2023,16,17,9893,Wind,237,Friday,August,Summer
12/2/2021,5,6,6952,Wind,336,Thursday,December,Winter
1/25/2022,7,8,328,Wind,25,Tuesday,January,Winter
9/26/2022,14,15,15890,Wind,269,Monday,September,Fall
12/17/2022,16,17,2347,Wind,351,Saturday,December,Winter
2/21/2020,8,9,4193,Wind,52,Friday,February,Winter
9/13/2021,19,20,1554,Wind,256,Monday,September,Fall
7/12/2020,14,15,5689,Solar,194,Sunday,July,Summer
5/29/2023,9,10,9264,Wind,149,Monday,May,Spring
8/30/2024,4,5,2456,Wind,243,Friday,August,Summer
7/28/2021,14,15,10176,Wind,209,Wednesday,July,Summer
3/29/2023,5,6,4271,Wind,88,Wednesday,March,Spring
5/11/2021,19,20,6405,Wind,131,Tuesday,May,Spring
1/9/2025,15,16,10749,Wind,9,Thursday,January,Winter
1/5/2022,2,3,7802,Wind,5,Wednesday,January,Winter
8/26/2024,23,0,2045,Wind,239,Monday,August,Summer
2/19/2023,14,15,7077,Solar,50,Sunday,February,Winter
6/23/2025,18,19,12740,Wind,174,Monday,June,Summer
8/4/2020,19,20,2445,Wind,217,Tuesday,August,Summer
2/11/2023,8,9,2391,Wind,42,Saturday,February,Winter
9/16/2022,6,7,1953,Wind,259,Friday,September,Fall
10/13/2025,3,4,6119,Wind,286,Monday,October,Fall
7/3/2025,0,1,5539,Wind,184,Thursday,July,Summer
12/7/2022,23,0,1410,Wind,341,Wednesday,December,Winter
2/10/2024,3,4,4487,Wind,41,Saturday,February,Winter
7/9/2021,3,4,1208,Wind,190,Friday,July,Summer
2/16/2025,0,1,4574,Wind,47,Sunday,February,Winter
11/24/2024,10,11,21544,Wind,329,Sunday,November,Fall
12/11/2024,19,20,5916,Wind,346,Wednesday,December,Winter
5/20/2025,21,22,5566,Wind,140,Tuesday,May,Spring
1/21/2022,9,10,5002,Wind,21,Friday,January,Winter
1/30/2025,7,8,5813,Wind,30,Thursday,January,Winter
1/29/2021,17,18,12983,Wind,29,Friday,January,Winter
4/19/2024,5,6,9003,Wind,110,Friday,April,Spring
12/1/2020,12,13,8412,Wind,336,Tuesday,December,Winter
2/19/2024,3,4,4002,Wind,50,Monday,February,Winter
9/21/2023,13,14,6474,Wind,264,Thursday,September,Fall
3/17/2025,2,3,5489,Wind,76,Monday,March,Spring
8/2/2024,18,19,7412,Wind,215,Friday,August,Summer
7/15/2020,3,4,1451,Wind,197,Wednesday,July,Summer
10/15/2022,16,17,8245,Wind,288,Saturday,October,Fall
5/11/2025,10,11,3050,Solar,131,Sunday,May,Spring
1/21/2025,13,14,5754,Solar,21,Tuesday,January,Winter
8/2/2023,8,9,15356,Wind,214,Wednesday,August,Summer
10/6/2025,19,20,2272,Wind,279,Monday,October,Fall
3/22/2024,16,17,7952,Solar,82,Friday,March,Spring
4/4/2021,2,3,6551,Wind,94,Sunday,April,Spring
11/8/2022,6,7,13306,Wind,312,Tuesday,November,Fall
9/19/2023,9,10,7887,Wind,262,Tuesday,September,Fall
5/5/2022,16,17,6137,Solar,125,Thursday,May,Spring
3/16/2021,3,4,3759,Wind,75,Tuesday,March,Spring
3/18/2023,21,22,4032,Wind,77,Saturday,March,Spring
1/4/2023,19,20,13392,Wind,4,Wednesday,January,Winter
1/5/2021,19,20,1794,Wind,5,Tuesday,January,Winter
12/7/2020,22,23,3434,Wind,342,Monday,December,Winter
4/24/2024,15,16,11510,Wind,115,Wednesday,April,Spring
4/27/2025,16,17,3352,Solar,117,Sunday,April,Spring
10/16/2021,7,8,1545,Wind,289,Saturday,October,Fall
4/17/2022,9,10,6232,Wind,107,Sunday,April,Spring
11/15/2022,10,11,10920,Wind,319,Tuesday,November,Fall
1/6/2021,1,2,1467,Wind,6,Wednesday,January,Winter
6/9/2020,11,12,4734,Solar,161,Tuesday,June,Summer
3/14/2023,17,18,10320,Wind,73,Tuesday,March,Spring
1/31/2021,17,18,5433,Wind,31,Sunday,January,Winter
1/28/2021,22,23,9207,Wind,28,Thursday,January,Winter
2/14/2023,20,21,4137,Wind,45,Tuesday,February,Winter
8/29/2024,10,11,5199,Solar,242,Thursday,August,Summer
10/3/2022,13,14,5084,Solar,276,Monday,October,Fall
2/23/2022,10,11,3903,Solar,54,Wednesday,February,Winter
8/24/2025,7,8,3233,Wind,236,Sunday,August,Summer
2/6/2021,12,13,3255,Wind,37,Saturday,February,Winter
4/29/2023,15,16,4800,Solar,119,Saturday,April,Spring
4/22/2023,4,5,4492,Wind,112,Saturday,April,Spring
5/24/2020,13,14,5849,Solar,145,Sunday,May,Spring
2/7/2023,16,17,6303,Wind,38,Tuesday,February,Winter
7/6/2022,3,4,3439,Wind,187,Wednesday,July,Summer
11/25/2023,22,23,3662,Wind,329,Saturday,November,Fall
12/9/2022,14,15,3163,Wind,343,Friday,December,Winter
12/15/2020,0,1,5961,Wind,350,Tuesday,December,Winter
3/10/2022,21,22,6888,Wind,69,Thursday,March,Spring
6/15/2024,16,17,10230,Wind,167,Saturday,June,Summer
10/27/2025,10,11,20785,Wind,300,Monday,October,Fall
7/2/2020,23,0,3158,Wind,184,Thursday,July,Summer
9/21/2021,18,19,2741,Wind,264,Tuesday,September,Fall
4/3/2022,20,21,1788,Wind,93,Sunday,April,Spring
1/4/2025,22,23,10639,Wind,4,Saturday,January,Winter
9/6/2021,16,17,4649,Solar,249,Monday,September,Fall
1/12/2022,10,11,3948,Wind,12,Wednesday,January,Winter
3/3/2023,17,18,5441,Wind,62,Friday,March,Spring
11/21/2021,12,13,3618,Wind,325,Sunday,November,Fall
7/28/2022,20,21,1737,Wind,209,Thursday,July,Summer
1/28/2023,21,22,2799,Wind,28,Saturday,January,Winter
12/22/2024,11,12,19928,Wind,357,Sunday,December,Winter
3/12/2024,3,4,4768,Wind,72,Tuesday,March,Spring
11/11/2022,17,18,2888,Wind,315,Friday,November,Fall
11/7/2024,21,22,3242,Wind,312,Thursday,November,Fall
6/27/2024,3,4,839,Wind,179,Thursday,June,Summer
11/23/2020,14,15,2374,Solar,328,Monday,November,Fall
6/19/2025,22,23,6052,Wind,170,Thursday,June,Summer
8/7/2024,2,3,1802,Wind,220,Wednesday,August,Summer
7/5/2020,15,16,10632,Wind,187,Sunday,July,Summer
5/27/2023,11,12,8746,Solar,147,Saturday,May,Spring
4/21/2021,5,6,1068,Wind,111,Wednesday,April,Spring
9/15/2024,20,21,3333,Wind,259,Sunday,September,Fall
7/1/2025,6,7,1421,Wind,182,Tuesday,July,Summer
9/9/2024,9,10,9339,Wind,253,Monday,September,Fall
9/12/2021,10,11,3552,Solar,255,Sunday,September,Fall
1/13/2022,4,5,2645,Wind,13,Thursday,January,Winter
7/23/2025,1,2,1307,Wind,204,Wednesday,July,Summer
8/27/2023,2,3,1781,Wind,239,Sunday,August,Summer
2/19/2024,6,7,3287,Wind,50,Monday,February,Winter
6/16/2022,16,17,5124,Solar,167,Thursday,June,Summer
9/11/2025,3,4,10615,Wind,254,Thursday,September,Fall
6/27/2021,23,0,748,Wind,178,Sunday,June,Summer
6/13/2025,6,7,2429,Wind,164,Friday,June,Summer
12/10/2020,9,10,4988,Wind,345,Thursday,December,Winter
11/29/2022,20,21,1194,Wind,333,Tuesday,November,Fall
11/13/2021,4,5,5812,Wind,317,Saturday,November,Fall
7/22/2025,16,17,13809,Wind,203,Tuesday,July,Summer
2/21/2024,23,0,15375,Wind,52,Wednesday,February,Winter
8/7/2021,21,22,9544,Wind,219,Saturday,August,Summer
11/24/2023,10,11,9941,Wind,328,Friday,November,Fall
6/3/2021,19,20,1771,Wind,154,Thursday,June,Summer
12/2/2020,20,21,2043,Wind,337,Wednesday,December,Winter
4/29/2023,7,8,1622,Wind,119,Saturday,April,Spring
4/16/2021,11,12,7807,Solar,106,Friday,April,Spring
2/13/2020,13,14,13233,Wind,44,Thursday,February,Winter
11/21/2021,13,14,3948,Wind,325,Sunday,November,Fall
12/18/2023,3,4,2101,Wind,352,Monday,December,Winter
6/1/2020,10,11,4181,Solar,153,Monday,June,Summer
7/24/2025,15,16,9540,Solar,205,Thursday,July,Summer
6/24/2023,13,14,8820,Solar,175,Saturday,June,Summer
3/7/2022,12,13,10894,Wind,66,Monday,March,Spring
10/21/2021,1,2,13513,Wind,294,Thursday,October,Fall
2/11/2024,1,2,9448,Wind,42,Sunday,February,Winter
9/7/2023,17,18,4368,Solar,250,Thursday,September,Fall
11/25/2023,13,14,10661,Wind,329,Saturday,November,Fall
10/2/2020,14,15,6441,Wind,276,Friday,October,Fall
1/5/2022,10,11,6918,Wind,5,Wednesday,January,Winter
3/28/2022,19,20,1643,Wind,87,Monday,March,Spring
9/1/2020,8,9,1448,Wind,245,Tuesday,September,Fall
9/19/2025,16,17,10145,Solar,262,Friday,September,Fall
11/3/2023,11,12,10759,Wind,307,Friday,November,Fall
11/25/2020,19,20,3453,Wind,330,Wednesday,November,Fall
10/1/2022,1,2,13589,Wind,274,Saturday,October,Fall
8/2/2021,0,1,1434,Wind,214,Monday,August,Summer
8/8/2020,10,11,2968,Solar,221,Saturday,August,Summer
9/14/2022,3,4,1861,Wind,257,Wednesday,September,Fall
5/31/2021,8,9,3833,Wind,151,Monday,May,Spring
12/27/2023,15,16,12667,Wind,361,Wednesday,December,Winter
8/1/2024,19,20,4264,Wind,214,Thursday,August,Summer
4/4/2023,19,20,4139,Wind,94,Tuesday,April,Spring
5/3/2024,0,1,9022,Wind,124,Friday,May,Spring
9/15/2024,22,23,4322,Wind,259,Sunday,September,Fall
9/13/2021,6,7,1809,Wind,256,Monday,September,Fall
12/7/2021,18,19,13600,Wind,341,Tuesday,December,Winter
11/30/2023,4,5,1780,Wind,334,Thursday,November,Fall
3/10/2022,1,2,6777,Wind,69,Thursday,March,Spring
3/30/2022,11,12,2186,Solar,89,Wednesday,March,Spring
8/9/2022,3,4,6466,Wind,221,Tuesday,August,Summer
5/4/2023,17,18,9901,Wind,124,Thursday,May,Spring
12/13/2023,10,11,6869,Wind,347,Wednesday,December,Winter
9/29/2022,13,14,4400,Solar,272,Thursday,September,Fall
8/28/2024,13,14,10829,Solar,241,Wednesday,August,Summer
9/17/2024,8,9,10111,Wind,261,Tuesday,September,Fall
1/6/2020,11,12,5665,Wind,6,Monday,January,Winter
9/7/2022,16,17,6353,Wind,250,Wednesday,September,Fall
10/21/2022,2,3,7894,Wind,294,Friday,October,Fall
5/26/2021,19,20,4996,Wind,146,Wednesday,May,Spring
6/26/2022,4,5,1831,Wind,177,Sunday,June,Summer
7/13/2025,20,21,3952,Wind,194,Sunday,July,Summer
6/29/2024,7,8,4387,Wind,181,Saturday,June,Summer
11/8/2024,14,15,4482,Solar,313,Friday,November,Fall
7/11/2022,10,11,7469,Solar,192,Monday,July,Summer
1/10/2022,6,7,1005,Wind,10,Monday,January,Winter
3/21/2025,0,1,7350,Wind,80,Friday,March,Spring
2/15/2023,13,14,6445,Solar,46,Wednesday,February,Winter
4/17/2025,1,2,2336,Wind,107,Thursday,April,Spring
2/15/2025,1,2,7209,Wind,46,Saturday,February,Winter
9/28/2020,18,19,4748,Wind,272,Monday,September,Fall
6/30/2021,4,5,2097,Wind,181,Wednesday,June,Summer
7/20/2022,6,7,2316,Wind,201,Wednesday,July,Summer
4/22/2020,2,3,5000,Wind,113,Wednesday,April,Spring
9/23/2021,20,21,1171,Wind,266,Thursday,September,Fall
2/27/2020,0,1,5262,Wind,58,Thursday,February,Winter
3/26/2021,20,21,8311,Wind,85,Friday,March,Spring
1/13/2020,8,9,3845,Wind,13,Monday,January,Winter
9/22/2025,23,0,8892,Wind,265,Monday,September,Fall
1/13/2023,8,9,14537,Wind,13,Friday,January,Winter
7/16/2024,6,7,7743,Wind,198,Tuesday,July,Summer
6/4/2024,18,19,7459,Wind,156,Tuesday,June,Summer
11/2/2020,22,23,4458,Wind,307,Monday,November,Fall
10/7/2022,11,12,4853,Solar,280,Friday,October,Fall
2/24/2022,17,18,12191,Wind,55,Thursday,February,Winter
11/27/2021,6,7,7605,Wind,331,Saturday,November,Fall
8/7/2020,9,10,2665,Solar,220,Friday,August,Summer
7/10/2022,2,3,5201,Wind,191,Sunday,July,Summer
7/13/2021,1,2,3421,Wind,194,Tuesday,July,Summer
5/1/2025,2,3,5525,Wind,121,Thursday,May,Spring
11/30/2025,5,6,4365,Wind,334,Sunday,November,Fall
12/25/2020,6,7,6272,Wind,360,Friday,December,Winter
4/19/2021,11,12,4484,Solar,109,Monday,April,Spring
3/29/2024,22,23,5301,Wind,89,Friday,March,Spring
7/29/2023,8,9,5340,Wind,210,Saturday,July,Summer
6/5/2022,4,5,1412,Wind,156,Sunday,June,Summer
8/11/2021,6,7,508,Wind,223,Wednesday,August,Summer
11/27/2022,12,13,8438,Wind,331,Sunday,November,Fall
6/11/2025,8,9,5524,Solar,162,Wednesday,June,Summer
6/1/2023,11,12,8686,Solar,152,Thursday,June,Summer
10/14/2022,9,10,5617,Wind,287,Friday,October,Fall
5/7/2025,13,14,11508,Solar,127,Wednesday,May,Spring
3/30/2022,14,15,3152,Solar,89,Wednesday,March,Spring
3/13/2025,15,16,5712,Solar,72,Thursday,March,Spring
9/23/2021,15,16,5575,Solar,266,Thursday,September,Fall
2/4/2020,4,5,10605,Wind,35,Tuesday,February,Winter
5/14/2021,19,20,5623,Wind,134,Friday,May,Spring
5/30/2022,2,3,4110,Wind,150,Monday,May,Spring
1/30/2021,6,7,5748,Wind,30,Saturday,January,Winter
6/20/2024,7,8,4284,Wind,172,Thursday,June,Summer
8/7/2025,19,20,3099,Solar,219,Thursday,August,Summer
8/24/2024,3,4,6102,Wind,237,Saturday,August,Summer
9/15/2022,7,8,1704,Wind,258,Thursday,September,Fall
7/6/2020,1,2,6827,Wind,188,Monday,July,Summer
8/28/2022,6,7,3890,Wind,240,Sunday,August,Summer
9/14/2020,12,13,4786,Solar,258,Monday,September,Fall
5/24/2024,22,23,645,Wind,145,Friday,May,Spring
8/8/2025,6,7,1464,Wind,220,Friday,August,Summer
7/10/2020,10,11,5130,Wind,192,Friday,July,Summer
1/17/2020,18,19,7402,Wind,17,Friday,January,Winter
7/17/2024,18,19,4046,Solar,199,Wednesday,July,Summer
1/2/2023,7,8,6552,Wind,2,Monday,January,Winter
2/14/2021,0,1,7245,Wind,45,Sunday,February,Winter
7/26/2025,5,6,2295,Wind,207,Saturday,July,Summer
10/23/2020,10,11,2714,Wind,297,Friday,October,Fall
7/3/2024,1,2,1771,Wind,185,Wednesday,July,Summer
11/12/2024,22,23,8223,Wind,317,Tuesday,November,Fall
11/12/2025,17,18,13595,Wind,316,Wednesday,November,Fall
4/26/2024,19,20,3091,Wind,117,Friday,April,Spring
12/20/2023,11,12,9752,Wind,354,Wednesday,December,Winter
4/4/2024,20,21,7001,Wind,95,Thursday,April,Spring
3/18/2025,20,21,10105,Wind,77,Tuesday,March,Spring
4/14/2020,18,19,6515,Wind,105,Tuesday,April,Spring
3/2/2020,23,0,8448,Wind,62,Monday,March,Spring
1/11/2020,7,8,3308,Wind,11,Saturday,January,Winter
2/10/2022,19,20,3020,Wind,41,Thursday,February,Winter
10/13/2024,4,5,3330,Wind,287,Sunday,October,Fall
1/16/2024,0,1,2197,Wind,16,Tuesday,January,Winter
9/10/2020,17,18,2293,Solar,254,Thursday,September,Fall
8/25/2025,8,9,3906,Wind,237,Monday,August,Summer
3/5/2024,16,17,6764,Wind,65,Tuesday,March,Spring
8/23/2022,7,8,1085,Wind,235,Tuesday,August,Summer
7/17/2021,18,19,6467,Wind,198,Saturday,July,Summer
4/27/2025,11,12,3596,Solar,117,Sunday,April,Spring
2/27/2020,18,19,10596,Wind,58,Thursday,February,Winter
11/6/2024,7,8,292,Wind,311,Wednesday,November,Fall
11/22/2024,14,15,15122,Wind,327,Friday,November,Fall
11/19/2024,21,22,11992,Wind,324,Tuesday,November,Fall
5/26/2021,1,2,5335,Wind,146,Wednesday,May,Spring
11/29/2021,12,13,4389,Wind,333,Monday,November,Fall
4/9/2023,3,4,3548,Wind,99,Sunday,April,Spring
5/20/2024,11,12,5874,Solar,141,Monday,May,Spring
9/6/2021,9,10,2723,Solar,249,Monday,September,Fall
12/16/2020,23,0,7220,Wind,351,Wednesday,December,Winter
6/11/2021,11,12,4809,Solar,162,Friday,June,Summer
3/15/2024,4,5,9923,Wind,75,Friday,March,Spring
2/20/2023,2,3,3288,Wind,51,Monday,February,Winter
5/2/2025,18,19,4524,Wind,122,Friday,May,Spring
4/30/2021,7,8,1408,Wind,120,Friday,April,Spring
8/30/2024,23,0,5577,Wind,243,Friday,August,Summer
9/30/2021,7,8,1829,Wind,273,Thursday,September,Fall
2/13/2024,9,10,7108,Wind,44,Tuesday,February,Winter
1/10/2023,4,5,7471,Wind,10,Tuesday,January,Winter
5/20/2023,6,7,6415,Wind,140,Saturday,May,Spring
9/1/2023,22,23,1142,Wind,244,Friday,September,Fall
6/6/2024,15,16,8506,Solar,158,Thursday,June,Summer
7/13/2025,12,13,9654,Solar,194,Sunday,July,Summer
10/18/2021,16,17,5039,Wind,291,Monday,October,Fall
3/1/2021,5,6,4453,Wind,60,Monday,March,Spring
3/18/2023,13,14,11176,Wind,77,Saturday,March,Spring
10/21/2020,15,16,14758,Wind,295,Wednesday,October,Fall
3/2/2020,13,14,7175,Wind,62,Monday,March,Spring
6/30/2023,1,2,2631,Wind,181,Friday,June,Summer
4/19/2022,9,10,2972,Solar,109,Tuesday,April,Spring
7/25/2020,6,7,1509,Wind,207,Saturday,July,Summer
11/3/2021,2,3,3878,Wind,307,Wednesday,November,Fall
9/20/2024,22,23,3712,Wind,264,Friday,September,Fall
7/6/2020,10,11,7270,Wind,188,Monday,July,Summer
6/18/2023,7,8,2716,Wind,169,Sunday,June,Summer
4/22/2024,11,12,11915,Solar,113,Monday,April,Spring
10/31/2022,2,3,1886,Wind,304,Monday,October,Fall
12/8/2022,19,20,2320,Wind,342,Thursday,December,Winter
2/19/2021,8,9,6408,Wind,50,Friday,February,Winter
7/4/2024,7,8,7653,Wind,186,Thursday,July,Summer
8/12/2022,18,19,4606,Solar,224,Friday,August,Summer
6/22/2020,5,6,1871,Wind,174,Monday,June,Summer
5/14/2022,19,20,1781,Wind,134,Saturday,May,Spring
3/14/2022,23,0,5813,Wind,73,Monday,March,Spring
4/28/2021,9,10,1431,Solar,118,Wednesday,April,Spring
2/22/2020,18,19,8683,Wind,53,Saturday,February,Winter
11/1/2024,9,10,3028,Solar,306,Friday,November,Fall
8/31/2025,20,21,3822,Wind,243,Sunday,August,Summer
8/21/2024,10,11,7369,Solar,234,Wednesday,August,Summer
11/10/2023,6,7,13482,Wind,314,Friday,November,Fall
5/4/2025,7,8,5384,Wind,124,Sunday,May,Spring
9/21/2024,13,14,4430,Solar,265,Saturday,September,Fall
3/19/2020,5,6,1145,Wind,79,Thursday,March,Spring
10/2/2020,8,9,9401,Wind,276,Friday,October,Fall
9/25/2022,17,18,4472,Wind,268,Sunday,September,Fall
8/25/2022,19,20,4858,Wind,237,Thursday,August,Summer
8/10/2023,8,9,3790,Wind,222,Thursday,August,Summer
9/21/2024,3,4,3321,Wind,265,Saturday,September,Fall
1/22/2022,3,4,3202,Wind,22,Saturday,January,Winter
11/9/2023,8,9,9159,Wind,313,Thursday,November,Fall
11/25/2024,0,1,18407,Wind,330,Monday,November,Fall
7/8/2023,3,4,4740,Wind,189,Saturday,July,Summer
9/11/2025,4,5,10679,Wind,254,Thursday,September,Fall
7/15/2023,3,4,6810,Wind,196,Saturday,July,Summer
11/3/2021,20,21,3050,Wind,307,Wednesday,November,Fall
11/23/2025,6,7,9347,Wind,327,Sunday,November,Fall
5/18/2021,14,15,5821,Wind,138,Tuesday,May,Spring
2/4/2024,10,11,8994,Wind,35,Sunday,February,Winter
7/16/2020,0,1,1763,Wind,198,Thursday,July,Summer
7/3/2020,2,3,3011,Wind,185,Friday,July,Summer
3/4/2024,12,13,9667,Solar,64,Monday,March,Spring
10/15/2020,11,12,6069,Wind,289,Thursday,October,Fall
1/25/2023,22,23,1037,Wind,25,Wednesday,January,Winter
2/4/2023,17,18,2961,Wind,35,Saturday,February,Winter
2/3/2023,19,20,5209,Wind,34,Friday,February,Winter
2/24/2025,14,15,13295,Wind,55,Monday,February,Winter
11/11/2025,21,22,14313,Wind,315,Tuesday,November,Fall
5/7/2025,14,15,11125,Wind,127,Wednesday,May,Spring
6/18/2024,15,16,7585,Solar,170,Tuesday,June,Summer
4/13/2021,11,12,6733,Solar,103,Tuesday,April,Spring
1/6/2024,14,15,9159,Wind,6,Saturday,January,Winter
1/19/2020,2,3,4247,Wind,19,Sunday,January,Winter
6/1/2021,2,3,5282,Wind,152,Tuesday,June,Summer
5/28/2023,16,17,6446,Wind,148,Sunday,May,Spring
9/19/2025,13,14,12989,Solar,262,Friday,September,Fall
8/17/2025,6,7,5923,Wind,229,Sunday,August,Summer
8/29/2023,12,13,6385,Solar,241,Tuesday,August,Summer
8/13/2020,23,0,2213,Wind,226,Thursday,August,Summer
8/30/2021,7,8,3173,Wind,242,Monday,August,Summer
7/26/2020,0,1,4306,Wind,208,Sunday,July,Summer
2/25/2023,2,3,3671,Wind,56,Saturday,February,Winter
8/16/2025,9,10,8918,Wind,228,Saturday,August,Summer
7/15/2024,15,16,10900,Wind,197,Monday,July,Summer
3/6/2020,1,2,11303,Wind,66,Friday,March,Spring
9/2/2023,7,8,2084,Wind,245,Saturday,September,Fall
1/21/2022,13,14,6900,Solar,21,Friday,January,Winter
5/6/2023,4,5,1719,Wind,126,Saturday,May,Spring
9/21/2023,15,16,8784,Wind,264,Thursday,September,Fall
7/17/2025,13,14,9602,Solar,198,Thursday,July,Summer
10/5/2023,13,14,6634,Solar,278,Thursday,October,Fall
6/13/2023,3,4,3141,Wind,164,Tuesday,June,Summer
1/8/2023,1,2,12173,Wind,8,Sunday,January,Winter
12/10/2020,4,5,5097,Wind,345,Thursday,December,Winter
3/21/2023,13,14,8403,Wind,80,Tuesday,March,Spring
4/25/2022,14,15,7151,Solar,115,Monday,April,Spring
9/14/2025,1,2,4414,Wind,257,Sunday,September,Fall
9/29/2024,1,2,1277,Wind,273,Sunday,September,Fall
2/6/2025,18,19,11486,Wind,37,Thursday,February,Winter
12/20/2022,11,12,11990,Wind,354,Tuesday,December,Winter
11/26/2024,8,9,6210,Wind,331,Tuesday,November,Fall
3/13/2023,16,17,16408,Wind,72,Monday,March,Spring
9/3/2025,10,11,18721,Wind,246,Wednesday,September,Fall
11/9/2024,3,4,1300,Wind,314,Saturday,November,Fall
2/23/2020,19,20,9881,Wind,54,Sunday,February,Winter
8/3/2020,20,21,4530,Wind,216,Monday,August,Summer
11/3/2021,6,7,3960,Wind,307,Wednesday,November,Fall
12/10/2022,14,15,3935,Solar,344,Saturday,December,Winter
11/22/2024,11,12,15569,Wind,327,Friday,November,Fall
6/15/2020,0,1,2040,Wind,167,Monday,June,Summer
2/22/2021,3,4,6815,Wind,53,Monday,February,Winter
1/28/2025,13,14,20885,Wind,28,Tuesday,January,Winter
6/5/2022,14,15,8904,Wind,156,Sunday,June,Summer
7/30/2022,20,21,2584,Wind,211,Saturday,July,Summer
7/29/2021,21,22,965,Wind,210,Thursday,July,Summer
9/7/2023,18,19,2452,Solar,250,Thursday,September,Fall
11/11/2023,1,2,6863,Wind,315,Saturday,November,Fall
3/21/2020,5,6,7494,Wind,81,Saturday,March,Spring
10/19/2020,4,5,1525,Wind,293,Monday,October,Fall
3/15/2024,9,10,14005,Wind,75,Friday,March,Spring
2/25/2022,5,6,7242,Wind,56,Friday,February,Winter
5/11/2025,21,22,3052,Wind,131,Sunday,May,Spring
4/4/2023,13,14,11558,Solar,94,Tuesday,April,Spring
2/27/2022,21,22,6470,Wind,58,Sunday,February,Winter
6/23/2025,2,3,5291,Wind,174,Monday,June,Summer
10/8/2020,4,5,6790,Wind,282,Thursday,October,Fall
7/3/2023,17,18,11708,Wind,184,Monday,July,Summer
2/6/2023,20,21,7870,Wind,37,Monday,February,Winter
3/30/2023,13,14,18316,Wind,89,Thursday,March,Spring
5/16/2020,20,21,3193,Wind,137,Saturday,May,Spring
10/3/2023,14,15,9033,Wind,276,Tuesday,October,Fall
11/20/2020,19,20,2773,Wind,325,Friday,November,Fall
8/15/2020,5,6,384,Wind,228,Saturday,August,Summer
6/21/2024,8,9,2878,Wind,173,Friday,June,Summer
12/2/2021,2,3,5934,Wind,336,Thursday,December,Winter
12/19/2020,13,14,9422,Wind,354,Saturday,December,Winter
4/10/2021,9,10,5393,Wind,100,Saturday,April,Spring
12/25/2022,18,19,9466,Wind,359,Sunday,December,Winter
7/19/2023,4,5,2823,Wind,200,Wednesday,July,Summer
5/14/2024,17,18,6999,Wind,135,Tuesday,May,Spring
5/23/2020,13,14,7862,Wind,144,Saturday,May,Spring
10/3/2021,23,0,5964,Wind,276,Sunday,October,Fall
1/29/2024,13,14,8687,Wind,29,Monday,January,Winter
10/15/2021,19,20,1124,Wind,288,Friday,October,Fall
6/12/2021,7,8,1829,Wind,163,Saturday,June,Summer
9/22/2020,1,2,894,Wind,266,Tuesday,September,Fall
10/19/2021,10,11,8475,Wind,292,Tuesday,October,Fall
11/7/2022,17,18,8246,Wind,311,Monday,November,Fall
8/21/2023,1,2,2603,Wind,233,Monday,August,Summer
4/8/2022,23,0,6694,Wind,98,Friday,April,Spring
11/10/2020,12,13,2552,Solar,315,Tuesday,November,Fall
8/30/2025,8,9,5384,Wind,242,Saturday,August,Summer
9/26/2020,10,11,11643,Wind,270,Saturday,September,Fall
9/3/2024,23,0,1253,Wind,247,Tuesday,September,Fall
3/10/2025,6,7,2663,Wind,69,Monday,March,Spring
2/16/2023,3,4,3980,Wind,47,Thursday,February,Winter
3/11/2020,15,16,11361,Wind,71,Wednesday,March,Spring
12/27/2023,8,9,9035,Wind,361,Wednesday,December,Winter
10/15/2021,15,16,4028,Solar,288,Friday,October,Fall
10/14/2021,1,2,1908,Wind,287,Thursday,October,Fall
3/11/2022,19,20,10317,Wind,70,Friday,March,Spring
3/8/2021,5,6,3070,Wind,67,Monday,March,Spring
10/23/2025,19,20,17992,Wind,296,Thursday,October,Fall
8/22/2021,6,7,3212,Wind,234,Sunday,August,Summer
6/19/2022,12,13,9444,Solar,170,Sunday,June,Summer
1/2/2022,4,5,6918,Wind,2,Sunday,January,Winter
12/17/2020,3,4,5845,Wind,352,Thursday,December,Winter
3/8/2020,0,1,7440,Wind,68,Sunday,March,Spring
5/22/2020,23,0,1663,Wind,143,Friday,May,Spring
8/1/2023,10,11,11387,Wind,213,Tuesday,August,Summer
11/12/2024,20,21,9661,Wind,317,Tuesday,November,Fall
6/26/2022,14,15,4430,Solar,177,Sunday,June,Summer
5/13/2025,20,21,1684,Wind,133,Tuesday,May,Spring
10/12/2021,17,18,5195,Wind,285,Tuesday,October,Fall
3/26/2021,8,9,5079,Wind,85,Friday,March,Spring
6/20/2024,18,19,3344,Wind,172,Thursday,June,Summer
3/3/2020,21,22,3260,Wind,63,Tuesday,March,Spring
11/18/2022,13,14,7173,Wind,322,Friday,November,Fall
3/14/2021,8,9,10637,Wind,73,Sunday,March,Spring
11/17/2025,22,23,4027,Wind,321,Monday,November,Fall
6/25/2021,0,1,2162,Wind,176,Friday,June,Summer
5/16/2021,14,15,10947,Wind,136,Sunday,May,Spring
9/22/2025,8,9,9995,Wind,265,Monday,September,Fall
2/17/2022,13,14,16410,Wind,48,Thursday,February,Winter
1/8/2025,11,12,9828,Wind,8,Wednesday,January,Winter
3/8/2021,3,4,2869,Wind,67,Monday,March,Spring
4/8/2025,15,16,8550,Solar,98,Tuesday,April,Spring
9/25/2022,9,10,3647,Wind,268,Sunday,September,Fall
6/17/2022,11,12,6029,Solar,168,Friday,June,Summer
2/24/2024,12,13,15371,Wind,55,Saturday,February,Winter
11/7/2021,21,22,3223,Wind,311,Sunday,November,Fall
8/23/2025,21,22,2569,Wind,235,Saturday,August,Summer
3/1/2022,21,22,2721,Wind,60,Tuesday,March,Spring
4/3/2021,13,14,14891,Wind,93,Saturday,April,Spring
2/13/2021,17,18,6349,Wind,44,Saturday,February,Winter
12/26/2023,6,7,9160,Wind,360,Tuesday,December,Winter
3/13/2022,9,10,9151,Wind,72,Sunday,March,Spring
6/22/2024,1,2,5101,Wind,174,Saturday,June,Summer
1/15/2025,13,14,6285,Solar,15,Wednesday,January,Winter
8/14/2022,16,17,7767,Wind,226,Sunday,August,Summer
9/13/2021,21,22,2957,Wind,256,Monday,September,Fall
6/4/2020,14,15,5751,Wind,156,Thursday,June,Summer
10/6/2022,19,20,459,Wind,279,Thursday,October,Fall
12/19/2022,4,5,12566,Wind,353,Monday,December,Winter
3/4/2022,9,10,4002,Wind,63,Friday,March,Spring
5/23/2023,9,10,8084,Wind,143,Tuesday,May,Spring
10/12/2025,2,3,5142,Wind,285,Sunday,October,Fall
4/2/2022,5,6,9702,Wind,92,Saturday,April,Spring
3/7/2022,16,17,9049,Wind,66,Monday,March,Spring
11/23/2022,6,7,8193,Wind,327,Wednesday,November,Fall
1/24/2022,11,12,4385,Solar,24,Monday,January,Winter
1/31/2021,2,3,4875,Wind,31,Sunday,January,Winter
10/22/2025,13,14,7336,Solar,295,Wednesday,October,Fall
9/26/2024,6,7,12407,Wind,270,Thursday,September,Fall
8/17/2025,17,18,9585,Solar,229,Sunday,August,Summer
5/10/2023,3,4,7707,Wind,130,Wednesday,May,Spring
3/21/2021,15,16,8663,Wind,80,Sunday,March,Spring
1/2/2020,21,22,6813,Wind,2,Thursday,January,Winter
7/5/2023,13,14,12672,Wind,186,Wednesday,July,Summer
7/10/2022,21,22,4249,Wind,191,Sunday,July,Summer
11/19/2022,19,20,3365,Wind,323,Saturday,November,Fall
2/23/2024,0,1,15206,Wind,54,Friday,February,Winter
6/3/2021,22,23,1289,Wind,154,Thursday,June,Summer
4/17/2021,11,12,8185,Wind,107,Saturday,April,Spring
5/15/2024,18,19,4141,Solar,136,Wednesday,May,Spring
10/9/2022,1,2,4252,Wind,282,Sunday,October,Fall
12/28/2022,17,18,15714,Wind,362,Wednesday,December,Winter
5/17/2021,8,9,11934,Wind,137,Monday,May,Spring
3/10/2021,17,18,10787,Wind,69,Wednesday,March,Spring
3/29/2020,20,21,12637,Wind,89,Sunday,March,Spring
12/9/2022,11,12,3573,Wind,343,Friday,December,Winter
7/17/2022,17,18,6303,Solar,198,Sunday,July,Summer
2/23/2022,18,19,1715,Wind,54,Wednesday,February,Winter
5/1/2020,11,12,8478,Wind,122,Friday,May,Spring
2/20/2020,12,13,12752,Wind,51,Thursday,February,Winter
9/12/2023,3,4,1028,Wind,255,Tuesday,September,Fall
5/30/2022,8,9,2738,Solar,150,Monday,May,Spring
3/12/2020,22,23,8034,Wind,72,Thursday,March,Spring
12/16/2024,18,19,3165,Wind,351,Monday,December,Winter
2/8/2022,19,20,2613,Wind,39,Tuesday,February,Winter
2/10/2023,19,20,1779,Wind,41,Friday,February,Winter
12/10/2024,0,1,11211,Wind,345,Tuesday,December,Winter
3/25/2020,10,11,5257,Solar,85,Wednesday,March,Spring
1/23/2023,5,6,4215,Wind,23,Monday,January,Winter
3/31/2022,3,4,3308,Wind,90,Thursday,March,Spring
8/7/2020,23,0,2007,Wind,220,Friday,August,Summer
2/10/2025,18,19,6846,Wind,41,Monday,February,Winter
7/21/2021,15,16,6031,Solar,202,Wednesday,July,Summer
9/4/2021,10,11,2823,Solar,247,Saturday,September,Fall
6/23/2025,1,2,4846,Wind,174,Monday,June,Summer
2/23/2025,15,16,13530,Wind,54,Sunday,February,Winter
9/27/2024,20,21,10616,Wind,271,Friday,September,Fall
3/17/2025,0,1,5188,Wind,76,Monday,March,Spring
6/24/2025,1,2,2704,Wind,175,Tuesday,June,Summer
12/1/2024,19,20,7486,Wind,336,Sunday,December,Winter
7/26/2021,21,22,1779,Wind,207,Monday,July,Summer
1/15/2023,12,13,19266,Wind,15,Sunday,January,Winter
11/2/2020,3,4,9919,Wind,307,Monday,November,Fall
2/25/2022,20,21,2846,Wind,56,Friday,February,Winter
1/17/2025,13,14,5413,Solar,17,Friday,January,Winter
9/8/2020,23,0,895,Wind,252,Tuesday,September,Fall
4/12/2021,18,19,3967,Wind,102,Monday,April,Spring
7/27/2021,0,1,1566,Wind,208,Tuesday,July,Summer
12/17/2020,0,1,7100,Wind,352,Thursday,December,Winter
4/9/2023,0,1,4433,Wind,99,Sunday,April,Spring
5/1/2022,16,17,5604,Solar,121,Sunday,May,Spring
10/23/2023,15,16,7230,Wind,296,Monday,October,Fall
4/6/2024,16,17,6760,Wind,97,Saturday,April,Spring
3/25/2021,23,0,2424,Wind,84,Thursday,March,Spring
12/29/2020,11,12,4941,Wind,364,Tuesday,December,Winter
4/9/2020,3,4,746,Wind,100,Thursday,April,Spring
6/6/2022,8,9,3575,Wind,157,Monday,June,Summer
5/8/2020,21,22,2057,Wind,129,Friday,May,Spring
2/6/2023,10,11,7478,Wind,37,Monday,February,Winter
3/25/2024,1,2,1448,Wind,85,Monday,March,Spring
6/11/2023,1,2,1826,Wind,162,Sunday,June,Summer
1/14/2025,11,12,6088,Solar,14,Tuesday,January,Winter
2/15/2022,18,19,13036,Wind,46,Tuesday,February,Winter
2/6/2025,23,0,12066,Wind,37,Thursday,February,Winter
12/22/2023,19,20,15656,Wind,356,Friday,December,Winter
7/7/2020,8,9,2361,Solar,189,Tuesday,July,Summer
7/20/2021,1,2,4074,Wind,201,Tuesday,July,Summer
12/2/2021,21,22,4111,Wind,336,Thursday,December,Winter
10/19/2021,11,12,8741,Wind,292,Tuesday,October,Fall
2/2/2022,20,21,2853,Wind,33,Wednesday,February,Winter
8/14/2025,3,4,2267,Wind,226,Thursday,August,Summer
5/23/2023,8,9,6766,Wind,143,Tuesday,May,Spring
4/24/2023,18,19,6416,Wind,114,Monday,April,Spring
8/30/2021,21,22,5261,Wind,242,Monday,August,Summer
11/10/2020,11,12,2271,Solar,315,Tuesday,November,Fall
10/17/2023,10,11,6810,Wind,290,Tuesday,October,Fall
8/3/2024,12,13,8860,Solar,216,Saturday,August,Summer
9/16/2021,6,7,631,Wind,259,Thursday,September,Fall
5/23/2021,8,9,5138,Wind,143,Sunday,May,Spring
2/15/2020,7,8,6365,Wind,46,Saturday,February,Winter
3/16/2020,13,14,3587,Wind,76,Monday,March,Spring
4/9/2024,6,7,13710,Wind,100,Tuesday,April,Spring
5/18/2021,12,13,5550,Solar,138,Tuesday,May,Spring
8/4/2025,13,14,13010,Solar,216,Monday,August,Summer
1/5/2022,18,19,3791,Wind,5,Wednesday,January,Winter
12/1/2023,23,0,4345,Wind,335,Friday,December,Winter
7/28/2021,6,7,3178,Wind,209,Wednesday,July,Summer
2/24/2023,14,15,5858,Wind,55,Friday,February,Winter
7/26/2022,19,20,4218,Wind,207,Tuesday,July,Summer
3/18/2020,18,19,380,Wind,78,Wednesday,March,Spring
5/18/2025,7,8,3318,Wind,138,Sunday,May,Spring
9/30/2023,8,9,1568,Wind,273,Saturday,September,Fall
2/20/2020,8,9,7848,Wind,51,Thursday,February,Winter
5/16/2022,20,21,691,Wind,136,Monday,May,Spring
5/27/2021,3,4,1412,Wind,147,Thursday,May,Spring
2/12/2025,10,11,3450,Solar,43,Wednesday,February,Winter
9/13/2023,8,9,1595,Wind,256,Wednesday,September,Fall
6/24/2025,21,22,1094,Wind,175,Tuesday,June,Summer
8/21/2025,15,16,11238,Wind,233,Thursday,August,Summer
9/29/2022,20,21,1057,Wind,272,Thursday,September,Fall
5/1/2024,21,22,5445,Wind,122,Wednesday,May,Spring
12/9/2022,22,23,1529,Wind,343,Friday,December,Winter
11/25/2025,0,1,9734,Wind,329,Tuesday,November,Fall
10/23/2025,16,17,15398,Wind,296,Thursday,October,Fall
3/21/2024,5,6,2243,Wind,81,Thursday,March,Spring
5/3/2022,15,16,5540,Solar,123,Tuesday,May,Spring
1/14/2023,2,3,8733,Wind,14,Saturday,January,Winter
10/3/2022,18,19,1731,Wind,276,Monday,October,Fall
10/6/2021,4,5,8240,Wind,279,Wednesday,October,Fall
1/17/2025,22,23,1503,Wind,17,Friday,January,Winter
7/11/2024,22,23,3990,Wind,193,Thursday,July,Summer
2/19/2024,16,17,9227,Wind,50,Monday,February,Winter
3/8/2025,13,14,14741,Wind,67,Saturday,March,Spring
10/5/2022,15,16,14688,Wind,278,Wednesday,October,Fall
11/24/2024,6,7,18598,Wind,329,Sunday,November,Fall
5/6/2024,1,2,2849,Wind,127,Monday,May,Spring
4/10/2020,22,23,3686,Wind,101,Friday,April,Spring
7/22/2025,8,9,9162,Wind,203,Tuesday,July,Summer
10/23/2024,0,1,1780,Wind,297,Wednesday,October,Fall
11/6/2024,3,4,148,Wind,311,Wednesday,November,Fall
10/30/2022,14,15,5627,Solar,303,Sunday,October,Fall
2/16/2024,11,12,9141,Wind,47,Friday,February,Winter
10/29/2022,12,13,9218,Wind,302,Saturday,October,Fall
6/29/2024,17,18,5896,Wind,181,Saturday,June,Summer
10/28/2020,15,16,11856,Wind,302,Wednesday,October,Fall
11/23/2020,13,14,2770,Solar,328,Monday,November,Fall
8/7/2020,17,18,2939,Solar,220,Friday,August,Summer
4/28/2021,15,16,4461,Wind,118,Wednesday,April,Spring
10/8/2025,17,18,4242,Solar,281,Wednesday,October,Fall
9/16/2024,18,19,8604,Wind,260,Monday,September,Fall
9/1/2025,10,11,8188,Wind,244,Monday,September,Fall
4/5/2025,20,21,6463,Wind,95,Saturday,April,Spring
3/7/2022,17,18,7396,Wind,66,Monday,March,Spring
2/25/2023,18,19,8199,Wind,56,Saturday,February,Winter
1/31/2020,8,9,5824,Wind,31,Friday,January,Winter
8/9/2022,22,23,7621,Wind,221,Tuesday,August,Summer
4/26/2025,16,17,4158,Wind,116,Saturday,April,Spring
12/29/2023,22,23,10568,Wind,363,Friday,December,Winter
7/30/2025,15,16,9183,Solar,211,Wednesday,July,Summer
3/17/2023,17,18,8029,Wind,76,Friday,March,Spring
2/11/2025,1,2,5637,Wind,42,Tuesday,February,Winter
2/8/2021,8,9,1234,Wind,39,Monday,February,Winter
3/3/2024,3,4,2805,Wind,63,Sunday,March,Spring
2/2/2024,2,3,3042,Wind,33,Friday,February,Winter
8/30/2020,5,6,3412,Wind,243,Sunday,August,Summer
8/29/2024,12,13,6094,Solar,242,Thursday,August,Summer
11/8/2020,5,6,4481,Wind,313,Sunday,November,Fall
2/25/2024,10,11,11356,Wind,56,Sunday,February,Winter
11/30/2023,20,21,1743,Wind,334,Thursday,November,Fall
11/3/2022,14,15,10359,Wind,307,Thursday,November,Fall
1/29/2023,16,17,2807,Wind,29,Sunday,January,Winter
3/24/2025,17,18,3751,Wind,83,Monday,March,Spring
3/10/2024,11,12,4489,Solar,70,Sunday,March,Spring
7/22/2022,19,20,2905,Wind,203,Friday,July,Summer
2/9/2024,19,20,9829,Wind,40,Friday,February,Winter
12/19/2024,11,12,17655,Wind,354,Thursday,December,Winter
1/7/2024,5,6,7382,Wind,7,Sunday,January,Winter
12/3/2020,20,21,12392,Wind,338,Thursday,December,Winter
8/7/2025,3,4,930,Wind,219,Thursday,August,Summer
11/15/2025,3,4,4692,Wind,319,Saturday,November,Fall
11/2/2022,9,10,5751,Wind,306,Wednesday,November,Fall
5/12/2024,18,19,7203,Wind,133,Sunday,May,Spring
3/1/2021,20,21,4546,Wind,60,Monday,March,Spring
6/25/2025,14,15,9154,Solar,176,Wednesday,June,Summer
6/12/2022,19,20,4471,Wind,163,Sunday,June,Summer
8/9/2024,15,16,7538,Solar,222,Friday,August,Summer
7/17/2022,22,23,3664,Wind,198,Sunday,July,Summer
10/7/2023,4,5,1842,Wind,280,Saturday,October,Fall
10/26/2025,19,20,11977,Wind,299,Sunday,October,Fall
8/1/2024,13,14,7736,Solar,214,Thursday,August,Summer
11/14/2022,12,13,4986,Wind,318,Monday,November,Fall
9/6/2025,9,10,9528,Wind,249,Saturday,September,Fall
3/1/2023,0,1,7633,Wind,60,Wednesday,March,Spring
12/13/2024,21,22,718,Wind,348,Friday,December,Winter
9/26/2025,6,7,990,Wind,269,Friday,September,Fall
6/23/2025,4,5,5544,Wind,174,Monday,June,Summer
2/27/2023,16,17,16405,Wind,58,Monday,February,Winter
1/8/2022,14,15,15893,Wind,8,Saturday,January,Winter
1/23/2025,9,10,7687,Wind,23,Thursday,January,Winter
3/17/2022,15,16,5379,Wind,76,Thursday,March,Spring
12/25/2021,11,12,2139,Solar,359,Saturday,December,Winter
7/29/2025,15,16,11049,Solar,210,Tuesday,July,Summer
5/17/2022,7,8,3135,Wind,137,Tuesday,May,Spring
2/29/2024,5,6,7464,Wind,60,Thursday,February,Winter
12/13/2021,15,16,1959,Solar,347,Monday,December,Winter
1/7/2025,22,23,6904,Wind,7,Tuesday,January,Winter
6/15/2020,19,20,3068,Wind,167,Monday,June,Summer
2/1/2022,9,10,9308,Wind,32,Tuesday,February,Winter
7/24/2025,18,19,7239,Wind,205,Thursday,July,Summer
3/22/2022,12,13,8895,Solar,81,Tuesday,March,Spring
1/22/2024,5,6,16728,Wind,22,Monday,January,Winter
8/26/2024,22,23,1669,Wind,239,Monday,August,Summer
6/20/2024,12,13,5316,Solar,172,Thursday,June,Summer
5/27/2024,15,16,8313,Wind,148,Monday,May,Spring
3/27/2025,7,8,4075,Wind,86,Thursday,March,Spring
9/30/2024,14,15,17990,Wind,274,Monday,September,Fall
11/14/2022,21,22,6382,Wind,318,Monday,November,Fall
7/2/2023,8,9,2882,Wind,183,Sunday,July,Summer
8/7/2023,17,18,8202,Solar,219,Monday,August,Summer
4/3/2023,12,13,11111,Wind,93,Monday,April,Spring
7/8/2025,15,16,12184,Solar,189,Tuesday,July,Summer
9/16/2025,7,8,9343,Wind,259,Tuesday,September,Fall
4/13/2022,6,7,1107,Wind,103,Wednesday,April,Spring
6/26/2022,0,1,2699,Wind,177,Sunday,June,Summer
10/26/2024,5,6,2085,Wind,300,Saturday,October,Fall
5/15/2024,3,4,2598,Wind,136,Wednesday,May,Spring
8/4/2020,5,6,2214,Wind,217,Tuesday,August,Summer
9/16/2021,22,23,842,Wind,259,Thursday,September,Fall
10/29/2024,1,2,1733,Wind,303,Tuesday,October,Fall
2/20/2025,17,18,8149,Wind,51,Thursday,February,Winter
12/18/2023,8,9,2271,Wind,352,Monday,December,Winter
4/21/2025,21,22,2788,Wind,111,Monday,April,Spring
9/21/2022,16,17,6437,Solar,264,Wednesday,September,Fall
3/11/2025,16,17,6371,Wind,70,Tuesday,March,Spring
6/23/2023,11,12,7189,Solar,174,Friday,June,Summer
4/6/2023,9,10,4765,Wind,96,Thursday,April,Spring
6/7/2025,4,5,6797,Wind,158,Saturday,June,Summer
9/20/2025,19,20,10122,Wind,263,Saturday,September,Fall
11/30/2022,1,2,1058,Wind,334,Wednesday,November,Fall
10/30/2025,6,7,4783,Wind,303,Thursday,October,Fall
1/21/2025,8,9,2522,Wind,21,Tuesday,January,Winter
6/2/2024,15,16,5303,Wind,154,Sunday,June,Summer
3/23/2025,6,7,4373,Wind,82,Sunday,March,Spring
6/10/2024,4,5,3938,Wind,162,Monday,June,Summer
6/12/2025,14,15,5717,Solar,163,Thursday,June,Summer
1/2/2025,5,6,8804,Wind,2,Thursday,January,Winter
5/13/2021,15,16,5509,Solar,133,Thursday,May,Spring
6/17/2022,18,19,3404,Solar,168,Friday,June,Summer
10/13/2025,23,0,6944,Wind,286,Monday,October,Fall
9/16/2020,8,9,1013,Wind,260,Wednesday,September,Fall
12/18/2022,7,8,6542,Wind,352,Sunday,December,Winter
8/3/2024,5,6,3203,Wind,216,Saturday,August,Summer
9/26/2020,15,16,11741,Wind,270,Saturday,September,Fall
3/29/2020,6,7,11027,Wind,89,Sunday,March,Spring
7/1/2020,8,9,3679,Wind,183,Wednesday,July,Summer
6/19/2023,7,8,1807,Wind,170,Monday,June,Summer
11/2/2021,23,0,2889,Wind,306,Tuesday,November,Fall
3/1/2022,3,4,2612,Wind,60,Tuesday,March,Spring
3/17/2021,23,0,5240,Wind,76,Wednesday,March,Spring
4/26/2022,14,15,7982,Solar,116,Tuesday,April,Spring
11/15/2021,23,0,1107,Wind,319,Monday,November,Fall
8/18/2023,19,20,3018,Wind,230,Friday,August,Summer
8/15/2025,0,1,4269,Wind,227,Friday,August,Summer
7/9/2020,19,20,4573,Wind,191,Thursday,July,Summer
7/25/2022,21,22,7106,Wind,206,Monday,July,Summer
2/6/2023,12,13,9036,Solar,37,Monday,February,Winter
2/4/2025,3,4,1737,Wind,35,Tuesday,February,Winter
1/10/2020,5,6,7774,Wind,10,Friday,January,Winter
4/25/2023,7,8,2753,Wind,115,Tuesday,April,Spring
4/8/2024,23,0,9139,Wind,99,Monday,April,Spring
8/11/2020,16,17,3542,Solar,224,Tuesday,August,Summer
6/2/2025,8,9,2742,Wind,153,Monday,June,Summer
7/29/2022,21,22,2125,Wind,210,Friday,July,Summer
4/4/2024,13,14,20481,Wind,95,Thursday,April,Spring
3/1/2021,22,23,4978,Wind,60,Monday,March,Spring
2/20/2025,21,22,9773,Wind,51,Thursday,February,Winter
4/16/2020,19,20,1414,Wind,107,Thursday,April,Spring
3/28/2025,17,18,9362,Wind,87,Friday,March,Spring
5/21/2021,1,2,9817,Wind,141,Friday,May,Spring
7/13/2020,7,8,2341,Wind,195,Monday,July,Summer
8/31/2024,3,4,4579,Wind,244,Saturday,August,Summer
12/9/2024,9,10,15224,Wind,344,Monday,December,Winter
9/2/2023,13,14,6760,Solar,245,Saturday,September,Fall
4/14/2024,21,22,2636,Wind,105,Sunday,April,Spring
1/9/2020,0,1,6309,Wind,9,Thursday,January,Winter
10/19/2020,8,9,3178,Wind,293,Monday,October,Fall
6/29/2023,19,20,4840,Wind,180,Thursday,June,Summer
3/8/2022,19,20,4726,Wind,67,Tuesday,March,Spring
8/16/2025,4,5,7037,Wind,228,Saturday,August,Summer
1/6/2022,14,15,5505,Solar,6,Thursday,January,Winter
12/8/2021,22,23,5949,Wind,342,Wednesday,December,Winter
5/29/2023,5,6,8702,Wind,149,Monday,May,Spring
4/29/2022,19,20,4185,Wind,119,Friday,April,Spring
1/21/2024,13,14,15113,Wind,21,Sunday,January,Winter
10/28/2021,2,3,4894,Wind,301,Thursday,October,Fall
4/21/2025,19,20,4219,Wind,111,Monday,April,Spring
6/27/2020,6,7,3501,Wind,179,Saturday,June,Summer
3/18/2025,3,4,12324,Wind,77,Tuesday,March,Spring
6/15/2025,1,2,2950,Wind,166,Sunday,June,Summer
1/28/2023,16,17,4875,Wind,28,Saturday,January,Winter
10/21/2024,0,1,7969,Wind,295,Monday,October,Fall
2/7/2023,10,11,8915,Wind,38,Tuesday,February,Winter
2/12/2021,18,19,8474,Wind,43,Friday,February,Winter
11/6/2025,17,18,2204,Wind,310,Thursday,November,Fall
7/12/2025,17,18,7623,Solar,193,Saturday,July,Summer
10/6/2021,13,14,12605,Wind,279,Wednesday,October,Fall
11/10/2025,14,15,12527,Wind,314,Monday,November,Fall
1/10/2023,2,3,8206,Wind,10,Tuesday,January,Winter
5/8/2022,0,1,4571,Wind,128,Sunday,May,Spring
11/25/2024,20,21,6940,Wind,330,Monday,November,Fall
10/26/2020,21,22,7511,Wind,300,Monday,October,Fall
8/16/2022,0,1,994,Wind,228,Tuesday,August,Summer
4/25/2025,17,18,7637,Solar,115,Friday,April,Spring
10/6/2021,5,6,8206,Wind,279,Wednesday,October,Fall
11/1/2023,2,3,12791,Wind,305,Wednesday,November,Fall
3/27/2025,8,9,5016,Wind,86,Thursday,March,Spring
10/5/2024,2,3,2709,Wind,279,Saturday,October,Fall
2/26/2021,11,12,4537,Wind,57,Friday,February,Winter
10/8/2025,7,8,703,Wind,281,Wednesday,October,Fall
5/19/2022,9,10,5194,Wind,139,Thursday,May,Spring
9/17/2021,6,7,638,Wind,260,Friday,September,Fall
12/16/2021,20,21,5347,Wind,350,Thursday,December,Winter
6/24/2023,19,20,3126,Solar,175,Saturday,June,Summer
2/9/2023,11,12,5239,Solar,40,Thursday,February,Winter
5/13/2024,5,6,1791,Wind,134,Monday,May,Spring
10/4/2025,10,11,19412,Wind,277,Saturday,October,Fall
7/17/2025,8,9,3408,Solar,198,Thursday,July,Summer
7/6/2022,5,6,2998,Wind,187,Wednesday,July,Summer
2/11/2020,4,5,11863,Wind,42,Tuesday,February,Winter
8/20/2024,2,3,3228,Wind,233,Tuesday,August,Summer
8/29/2022,2,3,5234,Wind,241,Monday,August,Summer
8/21/2021,8,9,2289,Wind,233,Saturday,August,Summer
3/22/2022,4,5,4874,Wind,81,Tuesday,March,Spring
2/25/2024,5,6,7291,Wind,56,Sunday,February,Winter
1/17/2025,12,13,5260,Solar,17,Friday,January,Winter
12/8/2022,17,18,2074,Wind,342,Thursday,December,Winter
3/27/2024,1,2,5339,Wind,87,Wednesday,March,Spring
10/29/2022,20,21,5791,Wind,302,Saturday,October,Fall
9/25/2023,5,6,3360,Wind,268,Monday,September,Fall
5/29/2025,3,4,2576,Wind,149,Thursday,May,Spring
10/14/2021,3,4,1743,Wind,287,Thursday,October,Fall
10/11/2023,15,16,9015,Solar,284,Wednesday,October,Fall
5/20/2023,11,12,10266,Wind,140,Saturday,May,Spring
5/27/2022,10,11,5628,Solar,147,Friday,May,Spring
11/26/2020,1,2,2773,Wind,331,Thursday,November,Fall
6/29/2021,7,8,1489,Wind,180,Tuesday,June,Summer
9/30/2023,0,1,1029,Wind,273,Saturday,September,Fall
7/7/2023,13,14,10199,Solar,188,Friday,July,Summer
8/18/2021,5,6,2082,Wind,230,Wednesday,August,Summer
5/30/2020,13,14,7142,Solar,151,Saturday,May,Spring
12/3/2023,13,14,12003,Wind,337,Sunday,December,Winter
1/5/2024,9,10,7892,Wind,5,Friday,January,Winter
6/5/2024,18,19,6522,Solar,157,Wednesday,June,Summer
9/4/2020,3,4,1556,Wind,248,Friday,September,Fall
7/20/2023,19,20,3428,Wind,201,Thursday,July,Summer
5/15/2020,0,1,8261,Wind,136,Friday,May,Spring
11/23/2021,13,14,9773,Wind,327,Tuesday,November,Fall
12/22/2021,23,0,5802,Wind,356,Wednesday,December,Winter
11/13/2023,11,12,18876,Wind,317,Monday,November,Fall
11/25/2023,20,21,4410,Wind,329,Saturday,November,Fall
6/29/2023,7,8,1265,Solar,180,Thursday,June,Summer
6/1/2025,7,8,2320,Wind,152,Sunday,June,Summer
5/5/2023,2,3,2941,Wind,125,Friday,May,Spring
3/25/2021,14,15,4960,Solar,84,Thursday,March,Spring
7/7/2021,11,12,4779,Solar,188,Wednesday,July,Summer
1/6/2022,5,6,2049,Wind,6,Thursday,January,Winter
7/16/2024,1,2,8767,Wind,198,Tuesday,July,Summer
1/24/2024,2,3,17178,Wind,24,Wednesday,January,Winter
6/26/2020,0,1,3797,Wind,178,Friday,June,Summer
6/24/2020,12,13,6632,Solar,176,Wednesday,June,Summer
11/30/2023,16,17,1216,Wind,334,Thursday,November,Fall
2/6/2020,20,21,6009,Wind,37,Thursday,February,Winter
9/5/2022,0,1,5892,Wind,248,Monday,September,Fall
8/6/2025,17,18,6728,Solar,218,Wednesday,August,Summer
10/27/2023,4,5,9172,Wind,300,Friday,October,Fall
7/24/2023,11,12,10535,Wind,205,Monday,July,Summer
10/14/2021,22,23,1373,Wind,287,Thursday,October,Fall
1/12/2023,18,19,16129,Wind,12,Thursday,January,Winter
5/31/2021,0,1,5070,Wind,151,Monday,May,Spring
11/4/2021,19,20,4199,Wind,308,Thursday,November,Fall
6/20/2024,11,12,4899,Solar,172,Thursday,June,Summer
4/26/2023,18,19,2020,Solar,116,Wednesday,April,Spring
6/29/2025,23,0,4676,Wind,180,Sunday,June,Summer
1/23/2020,7,8,5287,Wind,23,Thursday,January,Winter
1/30/2022,2,3,4507,Wind,30,Sunday,January,Winter
8/3/2022,16,17,5552,Solar,215,Wednesday,August,Summer
9/13/2024,22,23,4252,Wind,257,Friday,September,Fall
4/25/2023,19,20,2273,Wind,115,Tuesday,April,Spring
9/25/2022,8,9,3110,Wind,268,Sunday,September,Fall
2/2/2025,20,21,1338,Wind,33,Sunday,February,Winter
2/16/2024,1,2,10687,Wind,47,Friday,February,Winter
8/28/2025,7,8,3117,Wind,240,Thursday,August,Summer
10/26/2023,18,19,4654,Wind,299,Thursday,October,Fall
5/18/2021,17,18,4730,Wind,138,Tuesday,May,Spring
7/18/2020,8,9,1804,Solar,200,Saturday,July,Summer
6/22/2024,12,13,7746,Solar,174,Saturday,June,Summer
3/17/2025,4,5,5414,Wind,76,Monday,March,Spring
6/25/2021,16,17,5149,Solar,176,Friday,June,Summer
7/26/2022,14,15,7335,Solar,207,Tuesday,July,Summer
6/10/2025,18,19,7100,Solar,161,Tuesday,June,Summer
2/16/2025,8,9,4873,Wind,47,Sunday,February,Winter
4/7/2022,13,14,17696,Wind,97,Thursday,April,Spring
2/3/2020,21,22,10771,Wind,34,Monday,February,Winter
10/17/2024,8,9,3165,Wind,291,Thursday,October,Fall
9/3/2024,13,14,5281,Solar,247,Tuesday,September,Fall
7/10/2024,6,7,3100,Wind,192,Wednesday,July,Summer
11/26/2023,13,14,6070,Solar,330,Sunday,November,Fall
8/13/2024,6,7,1141,Wind,226,Tuesday,August,Summer
6/7/2024,3,4,2329,Wind,159,Friday,June,Summer
4/29/2025,0,1,6877,Wind,119,Tuesday,April,Spring
5/23/2024,3,4,3036,Wind,144,Thursday,May,Spring
4/21/2021,14,15,5592,Solar,111,Wednesday,April,Spring
1/14/2020,15,16,13814,Wind,14,Tuesday,January,Winter
1/24/2025,21,22,11590,Wind,24,Friday,January,Winter
1/8/2020,16,17,3069,Wind,8,Wednesday,January,Winter
4/7/2023,20,21,2704,Wind,97,Friday,April,Spring
5/23/2020,6,7,2524,Wind,144,Saturday,May,Spring
2/11/2020,6,7,11631,Wind,42,Tuesday,February,Winter
10/6/2020,10,11,11206,Wind,280,Tuesday,October,Fall
2/24/2022,16,17,14179,Wind,55,Thursday,February,Winter
7/6/2023,7,8,1340,Solar,187,Thursday,July,Summer
6/6/2025,8,9,7508,Wind,157,Friday,June,Summer
4/6/2021,23,0,3992,Wind,96,Tuesday,April,Spring
9/14/2025,21,22,14751,Wind,257,Sunday,September,Fall
7/20/2023,22,23,2071,Wind,201,Thursday,July,Summer
10/24/2021,4,5,4056,Wind,297,Sunday,October,Fall
4/3/2025,3,4,10072,Wind,93,Thursday,April,Spring
3/12/2025,11,12,4529,Solar,71,Wednesday,March,Spring
11/27/2020,16,17,1662,Wind,332,Friday,November,Fall
4/15/2022,4,5,1294,Wind,105,Friday,April,Spring
4/25/2023,2,3,2620,Wind,115,Tuesday,April,Spring
4/30/2024,3,4,3529,Wind,121,Tuesday,April,Spring
2/21/2025,22,23,12234,Wind,52,Friday,February,Winter
3/10/2022,3,4,5858,Wind,69,Thursday,March,Spring
10/10/2023,16,17,5527,Solar,283,Tuesday,October,Fall
5/17/2025,1,2,7119,Wind,137,Saturday,May,Spring
9/29/2023,10,11,11544,Wind,272,Friday,September,Fall
3/12/2024,23,0,8268,Wind,72,Tuesday,March,Spring
4/24/2022,6,7,2801,Wind,114,Sunday,April,Spring
2/7/2025,20,21,9209,Wind,38,Friday,February,Winter
3/11/2022,1,2,8811,Wind,70,Friday,March,Spring
11/13/2021,0,1,6028,Wind,317,Saturday,November,Fall
11/21/2025,15,16,7003,Wind,325,Friday,November,Fall
3/26/2024,1,2,7721,Wind,86,Tuesday,March,Spring
3/21/2025,8,9,12665,Wind,80,Friday,March,Spring
8/15/2024,14,15,9758,Solar,228,Thursday,August,Summer
5/28/2025,17,18,17702,Wind,148,Wednesday,May,Spring
12/23/2023,21,22,14387,Wind,357,Saturday,December,Winter
9/17/2022,11,12,10410,Wind,260,Saturday,September,Fall
8/4/2024,10,11,6165,Solar,217,Sunday,August,Summer
2/1/2024,7,8,5460,Wind,32,Thursday,February,Winter
1/3/2023,6,7,4994,Wind,3,Tuesday,January,Winter
7/15/2022,17,18,6073,Solar,196,Friday,July,Summer
2/1/2020,2,3,8897,Wind,32,Saturday,February,Winter
8/26/2022,5,6,3140,Wind,238,Friday,August,Summer
11/25/2024,12,13,12182,Wind,330,Monday,November,Fall
3/30/2023,21,22,9358,Wind,89,Thursday,March,Spring
9/8/2025,15,16,6288,Solar,251,Monday,September,Fall
12/4/2020,10,11,7773,Wind,339,Friday,December,Winter
12/24/2024,22,23,2401,Wind,359,Tuesday,December,Winter
3/5/2023,7,8,1899,Wind,64,Sunday,March,Spring
8/11/2020,1,2,1697,Wind,224,Tuesday,August,Summer
8/26/2022,10,11,5642,Solar,238,Friday,August,Summer
7/6/2022,20,21,3478,Wind,187,Wednesday,July,Summer
8/22/2024,21,22,5770,Wind,235,Thursday,August,Summer
12/6/2022,3,4,1862,Wind,340,Tuesday,December,Winter
9/1/2020,6,7,1006,Wind,245,Tuesday,September,Fall
9/19/2023,12,13,15144,Wind,262,Tuesday,September,Fall
9/9/2021,15,16,5383,Wind,252,Thursday,September,Fall
11/2/2022,13,14,10158,Wind,306,Wednesday,November,Fall
3/5/2025,18,19,2008,Wind,64,Wednesday,March,Spring
7/22/2023,22,23,4175,Wind,203,Saturday,July,Summer
1/5/2020,14,15,2952,Solar,5,Sunday,January,Winter
6/26/2025,7,8,7668,Wind,177,Thursday,June,Summer
12/18/2023,4,5,1948,Wind,352,Monday,December,Winter
8/6/2025,23,0,1318,Wind,218,Wednesday,August,Summer
6/26/2021,12,13,4649,Solar,177,Saturday,June,Summer
2/2/2022,6,7,7485,Wind,33,Wednesday,February,Winter
9/18/2024,7,8,8921,Wind,262,Wednesday,September,Fall
2/25/2025,1,2,3638,Wind,56,Tuesday,February,Winter
3/14/2022,21,22,6052,Wind,73,Monday,March,Spring
10/29/2022,11,12,9396,Wind,302,Saturday,October,Fall
7/19/2024,17,18,6264,Solar,201,Friday,July,Summer
8/21/2022,16,17,4951,Solar,233,Sunday,August,Summer
4/10/2023,20,21,10159,Wind,100,Monday,April,Spring
11/28/2023,11,12,6161,Wind,332,Tuesday,November,Fall
11/4/2021,7,8,3133,Wind,308,Thursday,November,Fall
3/9/2020,23,0,9741,Wind,69,Monday,March,Spring
7/10/2020,17,18,4992,Wind,192,Friday,July,Summer
1/16/2025,10,11,7073,Wind,16,Thursday,January,Winter
5/19/2025,1,2,6109,Wind,139,Monday,May,Spring
7/7/2022,11,12,8621,Solar,188,Thursday,July,Summer
12/10/2020,13,14,4035,Wind,345,Thursday,December,Winter
10/12/2023,11,12,7762,Solar,285,Thursday,October,Fall
11/29/2024,15,16,5912,Wind,334,Friday,November,Fall
10/5/2021,1,2,7372,Wind,278,Tuesday,October,Fall
4/15/2025,16,17,8585,Wind,105,Tuesday,April,Spring
5/1/2021,23,0,3890,Wind,121,Saturday,May,Spring
11/16/2025,4,5,1691,Wind,320,Sunday,November,Fall
3/9/2023,12,13,17554,Wind,68,Thursday,March,Spring
8/27/2024,19,20,2062,Wind,240,Tuesday,August,Summer
11/3/2021,9,10,3955,Wind,307,Wednesday,November,Fall
3/5/2022,23,0,3949,Wind,64,Saturday,March,Spring
2/28/2020,22,23,11274,Wind,59,Friday,February,Winter
11/23/2023,10,11,6141,Wind,327,Thursday,November,Fall
10/27/2020,14,15,12379,Wind,301,Tuesday,October,Fall
11/24/2024,5,6,18615,Wind,329,Sunday,November,Fall
8/6/2021,5,6,6003,Wind,218,Friday,August,Summer
5/19/2020,23,0,4187,Wind,140,Tuesday,May,Spring
4/4/2025,6,7,6856,Wind,94,Friday,April,Spring
6/17/2025,0,1,3635,Wind,168,Tuesday,June,Summer
2/21/2025,10,11,15847,Wind,52,Friday,February,Winter
1/21/2022,23,0,3197,Wind,21,Friday,January,Winter
2/5/2024,15,16,9118,Wind,36,Monday,February,Winter
9/15/2021,17,18,3067,Wind,258,Wednesday,September,Fall
9/21/2025,8,9,2363,Wind,264,Sunday,September,Fall
9/6/2024,9,10,4227,Wind,250,Friday,September,Fall
1/18/2024,0,1,6778,Wind,18,Thursday,January,Winter
4/17/2020,19,20,2302,Wind,108,Friday,April,Spring
4/11/2023,5,6,8115,Wind,101,Tuesday,April,Spring
8/21/2023,20,21,1191,Wind,233,Monday,August,Summer
7/14/2023,13,14,13917,Solar,195,Friday,July,Summer
11/3/2025,5,6,7218,Wind,307,Monday,November,Fall
10/17/2021,21,22,2556,Wind,290,Sunday,October,Fall
11/30/2024,12,13,4832,Solar,335,Saturday,November,Fall
11/25/2023,21,22,4113,Wind,329,Saturday,November,Fall
1/31/2021,13,14,4830,Wind,31,Sunday,January,Winter
1/28/2023,4,5,5832,Wind,28,Saturday,January,Winter
5/26/2024,9,10,6474,Wind,147,Sunday,May,Spring
10/26/2024,20,21,1387,Wind,300,Saturday,October,Fall
3/23/2025,17,18,3278,Wind,82,Sunday,March,Spring
4/30/2022,7,8,4322,Wind,120,Saturday,April,Spring
4/20/2022,6,7,4805,Wind,110,Wednesday,April,Spring
6/2/2021,6,7,3681,Wind,153,Wednesday,June,Summer
1/24/2024,23,0,5801,Wind,24,Wednesday,January,Winter
1/1/2023,15,16,8841,Wind,1,Sunday,January,Winter
4/3/2023,10,11,9447,Wind,93,Monday,April,Spring
6/16/2024,23,0,2819,Wind,168,Sunday,June,Summer
8/3/2025,5,6,1935,Wind,215,Sunday,August,Summer
7/30/2023,11,12,8461,Wind,211,Sunday,July,Summer
11/18/2024,16,17,7512,Wind,323,Monday,November,Fall
12/24/2024,4,5,3896,Wind,359,Tuesday,December,Winter
11/18/2023,5,6,6173,Wind,322,Saturday,November,Fall
4/18/2023,10,11,9947,Wind,108,Tuesday,April,Spring
2/18/2020,10,11,8878,Wind,49,Tuesday,February,Winter
4/4/2025,9,10,8435,Wind,94,Friday,April,Spring
9/14/2022,1,2,2222,Wind,257,Wednesday,September,Fall
1/29/2020,6,7,7788,Wind,29,Wednesday,January,Winter
1/28/2024,2,3,7220,Wind,28,Sunday,January,Winter
4/10/2023,22,23,9987,Wind,100,Monday,April,Spring
11/26/2025,17,18,2667,Wind,330,Wednesday,November,Fall
11/14/2021,17,18,3983,Wind,318,Sunday,November,Fall
8/29/2020,23,0,3146,Wind,242,Saturday,August,Summer
10/20/2021,23,0,14105,Wind,293,Wednesday,October,Fall
12/18/2022,14,15,9866,Wind,352,Sunday,December,Winter
6/12/2023,23,0,2822,Wind,163,Monday,June,Summer
8/26/2020,2,3,9996,Wind,239,Wednesday,August,Summer
3/26/2024,16,17,5861,Wind,86,Tuesday,March,Spring
3/21/2021,13,14,9194,Wind,80,Sunday,March,Spring
7/17/2021,7,8,2997,Wind,198,Saturday,July,Summer
10/17/2021,13,14,5154,Solar,290,Sunday,October,Fall
3/26/2022,4,5,7484,Wind,85,Saturday,March,Spring
6/29/2022,16,17,5599,Solar,180,Wednesday,June,Summer
1/1/2020,19,20,1181,Wind,1,Wednesday,January,Winter
7/20/2024,5,6,1022,Wind,202,Saturday,July,Summer
2/14/2020,4,5,5436,Wind,45,Friday,February,Winter
9/10/2025,17,18,10232,Wind,253,Wednesday,September,Fall
4/25/2025,18,19,5940,Solar,115,Friday,April,Spring
10/20/2021,19,20,12501,Wind,293,Wednesday,October,Fall
4/16/2021,12,13,9475,Wind,106,Friday,April,Spring
2/21/2022,16,17,16981,Wind,52,Monday,February,Winter
9/3/2025,20,21,13651,Wind,246,Wednesday,September,Fall
6/7/2020,17,18,3557,Solar,159,Sunday,June,Summer
4/27/2023,11,12,6242,Solar,117,Thursday,April,Spring
4/10/2021,20,21,4730,Wind,100,Saturday,April,Spring
12/4/2021,10,11,10684,Wind,338,Saturday,December,Winter
2/24/2020,19,20,10886,Wind,55,Monday,February,Winter
9/9/2021,11,12,3730,Wind,252,Thursday,September,Fall
8/22/2020,1,2,4830,Wind,235,Saturday,August,Summer
7/22/2023,0,1,2780,Wind,203,Saturday,July,Summer
11/23/2022,3,4,6841,Wind,327,Wednesday,November,Fall
1/10/2024,10,11,2553,Wind,10,Wednesday,January,Winter
6/9/2025,2,3,1980,Wind,160,Monday,June,Summer
8/6/2022,22,23,7359,Wind,218,Saturday,August,Summer
5/24/2024,2,3,858,Wind,145,Friday,May,Spring
6/7/2025,5,6,7229,Wind,158,Saturday,June,Summer
6/4/2025,9,10,4864,Wind,155,Wednesday,June,Summer
7/7/2021,2,3,4008,Wind,188,Wednesday,July,Summer
1/21/2020,19,20,3804,Wind,21,Tuesday,January,Winter
11/18/2024,20,21,9698,Wind,323,Monday,November,Fall
7/15/2023,21,22,9590,Wind,196,Saturday,July,Summer
6/11/2020,16,17,5128,Wind,163,Thursday,June,Summer
8/31/2022,13,14,7007,Solar,243,Wednesday,August,Summer
1/23/2020,1,2,6776,Wind,23,Thursday,January,Winter
4/23/2023,20,21,10214,Wind,113,Sunday,April,Spring
9/14/2024,13,14,10425,Solar,258,Saturday,September,Fall
6/14/2025,8,9,5426,Wind,165,Saturday,June,Summer
5/10/2025,13,14,6944,Solar,130,Saturday,May,Spring
11/24/2025,18,19,11448,Wind,328,Monday,November,Fall
6/1/2023,14,15,9662,Solar,152,Thursday,June,Summer
7/16/2023,12,13,8159,Wind,197,Sunday,July,Summer
4/21/2022,7,8,3553,Wind,111,Thursday,April,Spring
10/13/2021,20,21,2169,Wind,286,Wednesday,October,Fall
9/12/2023,17,18,3541,Solar,255,Tuesday,September,Fall
3/3/2025,9,10,5647,Solar,62,Monday,March,Spring
11/18/2021,5,6,1363,Wind,322,Thursday,November,Fall
10/2/2025,9,10,5424,Solar,275,Thursday,October,Fall
8/15/2023,11,12,5290,Solar,227,Tuesday,August,Summer
8/21/2020,0,1,4957,Wind,234,Friday,August,Summer
1/18/2025,13,14,4165,Solar,18,Saturday,January,Winter
12/18/2020,6,7,6024,Wind,353,Friday,December,Winter
9/8/2020,7,8,1224,Wind,252,Tuesday,September,Fall
9/19/2022,18,19,4643,Wind,262,Monday,September,Fall
1/7/2021,16,17,1245,Wind,7,Thursday,January,Winter
10/15/2022,0,1,6877,Wind,288,Saturday,October,Fall
10/22/2020,23,0,3174,Wind,296,Thursday,October,Fall
5/10/2022,5,6,2336,Wind,130,Tuesday,May,Spring
11/19/2025,15,16,14209,Wind,323,Wednesday,November,Fall
4/22/2025,21,22,3114,Wind,112,Tuesday,April,Spring
9/19/2024,9,10,10053,Wind,263,Thursday,September,Fall
6/14/2022,17,18,4589,Solar,165,Tuesday,June,Summer
1/14/2021,3,4,7406,Wind,14,Thursday,January,Winter
4/14/2021,9,10,4051,Solar,104,Wednesday,April,Spring
12/17/2020,9,10,5050,Wind,352,Thursday,December,Winter
4/17/2024,18,19,10061,Wind,108,Wednesday,April,Spring
11/24/2023,14,15,14087,Wind,328,Friday,November,Fall
1/27/2024,9,10,4715,Wind,27,Saturday,January,Winter
11/28/2025,17,18,6838,Wind,332,Friday,November,Fall
11/29/2021,22,23,4680,Wind,333,Monday,November,Fall
2/15/2025,13,14,9563,Solar,46,Saturday,February,Winter
8/3/2024,3,4,3586,Wind,216,Saturday,August,Summer
2/26/2024,23,0,14028,Wind,57,Monday,February,Winter
10/15/2025,4,5,5192,Wind,288,Wednesday,October,Fall
1/25/2020,20,21,1912,Wind,25,Saturday,January,Winter
10/27/2020,19,20,11275,Wind,301,Tuesday,October,Fall
9/24/2020,15,16,9187,Wind,268,Thursday,September,Fall
5/11/2025,18,19,6079,Wind,131,Sunday,May,Spring
1/4/2020,19,20,2969,Wind,4,Saturday,January,Winter
9/5/2024,10,11,7511,Wind,249,Thursday,September,Fall
6/12/2024,19,20,3484,Wind,164,Wednesday,June,Summer
11/18/2025,13,14,8521,Solar,322,Tuesday,November,Fall
9/30/2021,13,14,8373,Solar,273,Thursday,September,Fall
1/18/2024,13,14,7406,Wind,18,Thursday,January,Winter
4/10/2025,2,3,9152,Wind,100,Thursday,April,Spring
1/21/2023,19,20,8905,Wind,21,Saturday,January,Winter
10/14/2020,19,20,5394,Wind,288,Wednesday,October,Fall
3/2/2021,17,18,2119,Wind,61,Tuesday,March,Spring
9/1/2023,8,9,6404,Wind,244,Friday,September,Fall
2/28/2021,8,9,7100,Wind,59,Sunday,February,Winter
6/5/2022,8,9,2905,Wind,156,Sunday,June,Summer
9/27/2020,9,10,12950,Wind,271,Sunday,September,Fall
11/29/2020,21,22,2581,Wind,334,Sunday,November,Fall
1/13/2023,17,18,12114,Wind,13,Friday,January,Winter
12/12/2020,3,4,5264,Wind,347,Saturday,December,Winter
6/10/2022,8,9,3451,Solar,161,Friday,June,Summer
9/5/2025,5,6,3073,Wind,248,Friday,September,Fall
5/28/2021,17,18,3776,Solar,148,Friday,May,Spring
8/13/2023,17,18,6313,Solar,225,Sunday,August,Summer
11/13/2024,21,22,5053,Wind,318,Wednesday,November,Fall
5/27/2021,21,22,1552,Wind,147,Thursday,May,Spring
3/14/2020,16,17,5134,Wind,74,Saturday,March,Spring
11/10/2021,1,2,576,Wind,314,Wednesday,November,Fall
3/13/2020,15,16,6501,Wind,73,Friday,March,Spring
7/9/2024,21,22,2789,Wind,191,Tuesday,July,Summer
8/1/2023,16,17,15715,Wind,213,Tuesday,August,Summer
1/28/2023,20,21,3066,Wind,28,Saturday,January,Winter
11/14/2025,5,6,12444,Wind,318,Friday,November,Fall
6/11/2020,20,21,3414,Wind,163,Thursday,June,Summer
7/14/2021,11,12,8011,Wind,195,Wednesday,July,Summer
4/2/2023,23,0,6236,Wind,92,Sunday,April,Spring
9/4/2024,14,15,4253,Solar,248,Wednesday,September,Fall
10/5/2020,19,20,9449,Wind,279,Monday,October,Fall
8/25/2024,23,0,2594,Wind,238,Sunday,August,Summer
10/10/2021,11,12,4221,Solar,283,Sunday,October,Fall
6/27/2024,22,23,3505,Wind,179,Thursday,June,Summer
11/4/2020,1,2,1716,Wind,309,Wednesday,November,Fall
7/20/2021,11,12,6377,Solar,201,Tuesday,July,Summer
8/2/2021,3,4,1116,Wind,214,Monday,August,Summer
9/23/2021,9,10,2760,Solar,266,Thursday,September,Fall
1/27/2024,8,9,3581,Wind,27,Saturday,January,Winter
12/30/2022,19,20,15334,Wind,364,Friday,December,Winter
11/18/2024,14,15,9122,Wind,323,Monday,November,Fall
12/4/2023,0,1,12629,Wind,338,Monday,December,Winter
1/2/2020,0,1,1267,Wind,2,Thursday,January,Winter
9/8/2021,4,5,5258,Wind,251,Wednesday,September,Fall
6/11/2025,22,23,6852,Wind,162,Wednesday,June,Summer
8/26/2025,4,5,4080,Wind,238,Tuesday,August,Summer
5/11/2024,9,10,6348,Solar,132,Saturday,May,Spring
5/18/2023,6,7,5477,Wind,138,Thursday,May,Spring
8/21/2025,0,1,3450,Wind,233,Thursday,August,Summer
10/15/2024,22,23,10680,Wind,289,Tuesday,October,Fall
5/15/2024,16,17,5901,Solar,136,Wednesday,May,Spring
5/12/2022,15,16,6042,Solar,132,Thursday,May,Spring
4/3/2020,7,8,1864,Wind,94,Friday,April,Spring
10/11/2021,16,17,5672,Solar,284,Monday,October,Fall
2/26/2023,9,10,17091,Wind,57,Sunday,February,Winter
3/17/2023,8,9,8681,Wind,76,Friday,March,Spring
10/23/2023,12,13,9170,Wind,296,Monday,October,Fall
4/29/2020,7,8,4629,Wind,120,Wednesday,April,Spring
10/12/2021,23,0,3559,Wind,285,Tuesday,October,Fall
12/14/2022,20,21,2282,Wind,348,Wednesday,December,Winter
11/30/2020,13,14,3638,Solar,335,Monday,November,Fall
2/15/2025,10,11,8954,Solar,46,Saturday,February,Winter
9/13/2020,22,23,2238,Wind,257,Sunday,September,Fall
5/20/2023,8,9,6405,Wind,140,Saturday,May,Spring
1/8/2022,8,9,7370,Wind,8,Saturday,January,Winter
2/13/2024,22,23,10458,Wind,44,Tuesday,February,Winter
8/28/2021,2,3,4282,Wind,240,Saturday,August,Summer
11/1/2022,16,17,11364,Wind,305,Tuesday,November,Fall
10/10/2021,7,8,1388,Wind,283,Sunday,October,Fall
11/25/2020,3,4,6472,Wind,330,Wednesday,November,Fall
6/24/2022,12,13,7951,Wind,175,Friday,June,Summer
9/21/2023,18,19,6345,Wind,264,Thursday,September,Fall
3/14/2021,22,23,10044,Wind,73,Sunday,March,Spring
9/13/2022,17,18,4288,Wind,256,Tuesday,September,Fall
9/13/2022,4,5,1837,Wind,256,Tuesday,September,Fall
10/13/2025,14,15,12354,Solar,286,Monday,October,Fall
1/11/2025,2,3,1684,Wind,11,Saturday,January,Winter
9/29/2020,4,5,1974,Wind,273,Tuesday,September,Fall
9/13/2022,13,14,6012,Solar,256,Tuesday,September,Fall
5/1/2022,12,13,6628,Solar,121,Sunday,May,Spring
4/18/2022,5,6,3161,Wind,108,Monday,April,Spring
12/23/2022,18,19,13842,Wind,357,Friday,December,Winter
6/26/2023,13,14,10406,Solar,177,Monday,June,Summer
8/25/2024,3,4,5857,Wind,238,Sunday,August,Summer
6/19/2022,13,14,10248,Solar,170,Sunday,June,Summer
7/7/2021,21,22,1885,Wind,188,Wednesday,July,Summer
8/30/2020,1,2,2748,Wind,243,Sunday,August,Summer
6/4/2022,21,22,4362,Wind,155,Saturday,June,Summer
3/28/2020,7,8,2548,Wind,88,Saturday,March,Spring
5/10/2024,12,13,11083,Solar,131,Friday,May,Spring
3/24/2020,2,3,6448,Wind,84,Tuesday,March,Spring
3/6/2023,6,7,1479,Wind,65,Monday,March,Spring
11/30/2021,0,1,6255,Wind,334,Tuesday,November,Fall
1/23/2023,12,13,7331,Wind,23,Monday,January,Winter
8/4/2023,18,19,7300,Wind,216,Friday,August,Summer
9/22/2025,14,15,8812,Wind,265,Monday,September,Fall
4/30/2024,1,2,3771,Wind,121,Tuesday,April,Spring
7/14/2020,22,23,1726,Wind,196,Tuesday,July,Summer
12/31/2023,15,16,18435,Wind,365,Sunday,December,Winter
3/4/2025,16,17,4702,Solar,63,Tuesday,March,Spring
1/2/2022,11,12,11203,Wind,2,Sunday,January,Winter
8/17/2021,6,7,1590,Wind,229,Tuesday,August,Summer
4/15/2023,7,8,7248,Wind,105,Saturday,April,Spring
9/22/2023,10,11,8885,Wind,265,Friday,September,Fall
12/6/2020,4,5,3287,Wind,341,Sunday,December,Winter
9/18/2023,5,6,6373,Wind,261,Monday,September,Fall
6/11/2020,23,0,4033,Wind,163,Thursday,June,Summer
8/9/2023,4,5,2396,Wind,221,Wednesday,August,Summer
8/29/2020,12,13,4482,Wind,242,Saturday,August,Summer
5/30/2024,17,18,12091,Wind,151,Thursday,May,Spring
6/9/2020,2,3,3597,Wind,161,Tuesday,June,Summer
9/12/2025,22,23,6097,Wind,255,Friday,September,Fall
2/15/2022,15,16,13655,Wind,46,Tuesday,February,Winter
11/17/2024,2,3,4894,Wind,322,Sunday,November,Fall
12/19/2023,8,9,8095,Wind,353,Tuesday,December,Winter
2/10/2024,19,20,7820,Wind,41,Saturday,February,Winter
10/24/2023,18,19,3772,Wind,297,Tuesday,October,Fall
6/23/2021,10,11,3755,Solar,174,Wednesday,June,Summer
1/9/2025,6,7,12685,Wind,9,Thursday,January,Winter
2/22/2024,20,21,17499,Wind,53,Thursday,February,Winter
6/6/2024,14,15,8522,Solar,158,Thursday,June,Summer
9/15/2024,1,2,3730,Wind,259,Sunday,September,Fall
12/15/2021,11,12,3503,Solar,349,Wednesday,December,Winter
10/6/2024,18,19,8023,Wind,280,Sunday,October,Fall
8/3/2023,21,22,4024,Wind,215,Thursday,August,Summer
10/20/2024,23,0,8964,Wind,294,Sunday,October,Fall
3/30/2021,19,20,1147,Wind,89,Tuesday,March,Spring
9/3/2020,7,8,2032,Wind,247,Thursday,September,Fall
10/6/2021,2,3,8433,Wind,279,Wednesday,October,Fall
1/7/2024,22,23,11747,Wind,7,Sunday,January,Winter
12/1/2023,6,7,2284,Wind,335,Friday,December,Winter
3/3/2021,21,22,1128,Wind,62,Wednesday,March,Spring
4/18/2020,21,22,1215,Wind,109,Saturday,April,Spring
4/11/2022,2,3,9774,Wind,101,Monday,April,Spring
12/12/2021,6,7,5111,Wind,346,Sunday,December,Winter
8/29/2021,18,19,6095,Wind,241,Sunday,August,Summer
3/18/2020,10,11,3175,Solar,78,Wednesday,March,Spring
6/25/2022,7,8,2159,Wind,176,Saturday,June,Summer
4/18/2023,11,12,11565,Wind,108,Tuesday,April,Spring
4/27/2021,20,21,1032,Wind,117,Tuesday,April,Spring
2/1/2020,16,17,11065,Wind,32,Saturday,February,Winter
9/20/2022,22,23,2922,Wind,263,Tuesday,September,Fall
1/29/2024,22,23,9034,Wind,29,Monday,January,Winter
9/13/2023,20,21,1390,Wind,256,Wednesday,September,Fall
10/30/2021,18,19,4389,Wind,303,Saturday,October,Fall
9/27/2022,2,3,6928,Wind,270,Tuesday,September,Fall
1/29/2025,9,10,13368,Wind,29,Wednesday,January,Winter
7/2/2024,0,1,3683,Wind,184,Tuesday,July,Summer
10/24/2020,3,4,6021,Wind,298,Saturday,October,Fall
6/21/2022,0,1,5789,Wind,172,Tuesday,June,Summer
2/16/2025,10,11,7270,Solar,47,Sunday,February,Winter
11/5/2025,17,18,12121,Wind,309,Wednesday,November,Fall
3/22/2025,7,8,8524,Wind,81,Saturday,March,Spring
11/8/2023,9,10,12232,Wind,312,Wednesday,November,Fall
10/10/2024,23,0,2319,Wind,284,Thursday,October,Fall
9/17/2024,10,11,14059,Wind,261,Tuesday,September,Fall
10/2/2023,19,20,5601,Wind,275,Monday,October,Fall
2/24/2021,12,13,8746,Wind,55,Wednesday,February,Winter
6/26/2023,9,10,6076,Solar,177,Monday,June,Summer
2/11/2023,14,15,5927,Solar,42,Saturday,February,Winter
6/25/2025,23,0,5491,Wind,176,Wednesday,June,Summer
8/28/2023,21,22,3213,Wind,240,Monday,August,Summer
1/26/2021,17,18,3944,Wind,26,Tuesday,January,Winter
12/30/2020,9,10,3287,Wind,365,Wednesday,December,Winter
12/7/2021,1,2,8851,Wind,341,Tuesday,December,Winter
4/13/2020,20,21,10314,Wind,104,Monday,April,Spring
8/2/2024,22,23,4700,Wind,215,Friday,August,Summer
12/12/2021,22,23,1910,Wind,346,Sunday,December,Winter
5/3/2025,22,23,5299,Wind,123,Saturday,May,Spring
11/26/2024,16,17,3695,Wind,331,Tuesday,November,Fall
6/4/2025,8,9,3666,Wind,155,Wednesday,June,Summer
5/16/2021,6,7,4293,Wind,136,Sunday,May,Spring
9/21/2025,1,2,7088,Wind,264,Sunday,September,Fall
6/25/2022,21,22,2133,Wind,176,Saturday,June,Summer
4/10/2024,3,4,6344,Wind,101,Wednesday,April,Spring
6/5/2024,23,0,1730,Wind,157,Wednesday,June,Summer
9/3/2024,16,17,4492,Solar,247,Tuesday,September,Fall
1/20/2024,20,21,8001,Wind,20,Saturday,January,Winter
12/30/2023,12,13,12265,Wind,364,Saturday,December,Winter
10/8/2021,10,11,5294,Solar,281,Friday,October,Fall
11/27/2024,3,4,11127,Wind,332,Wednesday,November,Fall
12/29/2020,9,10,4426,Wind,364,Tuesday,December,Winter
1/20/2020,15,16,6593,Wind,20,Monday,January,Winter
5/10/2024,5,6,4594,Wind,131,Friday,May,Spring
6/21/2021,16,17,4701,Solar,172,Monday,June,Summer
1/28/2022,22,23,3521,Wind,28,Friday,January,Winter
6/15/2020,11,12,4552,Solar,167,Monday,June,Summer
10/10/2025,21,22,4056,Wind,283,Friday,October,Fall
4/23/2021,20,21,5369,Wind,113,Friday,April,Spring
2/1/2025,13,14,6105,Solar,32,Saturday,February,Winter
3/11/2023,8,9,4389,Wind,70,Saturday,March,Spring
3/26/2020,15,16,8343,Wind,86,Thursday,March,Spring
11/18/2023,23,0,11947,Wind,322,Saturday,November,Fall
5/19/2020,14,15,5795,Solar,140,Tuesday,May,Spring
2/10/2023,6,7,629,Wind,41,Friday,February,Winter
5/5/2021,17,18,10312,Wind,125,Wednesday,May,Spring
9/22/2024,20,21,2722,Wind,266,Sunday,September,Fall
12/29/2020,12,13,5039,Wind,364,Tuesday,December,Winter
3/25/2020,12,13,5870,Solar,85,Wednesday,March,Spring
10/4/2020,17,18,11028,Wind,278,Sunday,October,Fall
4/9/2024,11,12,11478,Wind,100,Tuesday,April,Spring
12/29/2021,9,10,8302,Wind,363,Wednesday,December,Winter
6/22/2024,11,12,7321,Solar,174,Saturday,June,Summer
2/23/2025,21,22,11852,Wind,54,Sunday,February,Winter
3/4/2024,23,0,5856,Wind,64,Monday,March,Spring
8/7/2021,8,9,4137,Wind,219,Saturday,August,Summer
1/27/2024,13,14,5520,Solar,27,Saturday,January,Winter
3/4/2024,6,7,3881,Wind,64,Monday,March,Spring
11/20/2024,23,0,6132,Wind,325,Wednesday,November,Fall
5/19/2020,10,11,4412,Solar,140,Tuesday,May,Spring
5/24/2021,10,11,9548,Wind,144,Monday,May,Spring
3/6/2024,8,9,2257,Solar,66,Wednesday,March,Spring
11/2/2022,2,3,9453,Wind,306,Wednesday,November,Fall
12/1/2024,1,2,4016,Wind,336,Sunday,December,Winter
9/9/2024,19,20,7981,Wind,253,Monday,September,Fall
11/29/2024,1,2,5147,Wind,334,Friday,November,Fall
11/29/2023,20,21,2256,Wind,333,Wednesday,November,Fall
12/29/2022,14,15,11907,Wind,363,Thursday,December,Winter
4/14/2025,11,12,7730,Solar,104,Monday,April,Spring
6/30/2023,5,6,2493,Wind,181,Friday,June,Summer
5/4/2022,3,4,2101,Wind,124,Wednesday,May,Spring
2/23/2020,1,2,8085,Wind,54,Sunday,February,Winter
11/27/2020,12,13,2867,Solar,332,Friday,November,Fall
12/31/2023,2,3,16903,Wind,365,Sunday,December,Winter
12/13/2022,4,5,6726,Wind,347,Tuesday,December,Winter
6/8/2025,3,4,11586,Wind,159,Sunday,June,Summer
1/28/2021,2,3,7021,Wind,28,Thursday,January,Winter
9/6/2020,12,13,4167,Solar,250,Sunday,September,Fall
10/30/2020,14,15,6293,Wind,304,Friday,October,Fall
7/15/2023,4,5,6081,Wind,196,Saturday,July,Summer
9/19/2020,9,10,3664,Wind,263,Saturday,September,Fall
2/22/2021,21,22,5226,Wind,53,Monday,February,Winter
4/7/2022,12,13,17815,Wind,97,Thursday,April,Spring
5/10/2022,1,2,787,Wind,130,Tuesday,May,Spring
10/26/2022,19,20,2435,Wind,299,Wednesday,October,Fall
6/19/2024,12,13,10246,Solar,171,Wednesday,June,Summer
1/16/2021,11,12,6320,Wind,16,Saturday,January,Winter
5/28/2022,18,19,8846,Wind,148,Saturday,May,Spring
10/29/2025,17,18,8855,Wind,302,Wednesday,October,Fall
5/10/2024,14,15,11009,Solar,131,Friday,May,Spring
3/5/2024,3,4,5593,Wind,65,Tuesday,March,Spring
2/8/2021,20,21,2080,Wind,39,Monday,February,Winter
4/5/2021,9,10,7362,Wind,95,Monday,April,Spring
10/25/2024,17,18,3111,Wind,299,Friday,October,Fall
8/9/2025,14,15,5192,Solar,221,Saturday,August,Summer
8/13/2024,22,23,1520,Wind,226,Tuesday,August,Summer
6/17/2024,10,11,6256,Solar,169,Monday,June,Summer
4/16/2023,4,5,5339,Wind,106,Sunday,April,Spring
7/2/2023,17,18,7678,Wind,183,Sunday,July,Summer
6/26/2022,23,0,1151,Wind,177,Sunday,June,Summer
9/17/2024,9,10,11852,Wind,261,Tuesday,September,Fall
12/31/2021,9,10,6180,Wind,365,Friday,December,Winter
12/20/2021,15,16,3926,Wind,354,Monday,December,Winter
9/30/2022,16,17,9086,Wind,273,Friday,September,Fall
11/4/2025,14,15,12790,Wind,308,Tuesday,November,Fall
3/19/2022,22,23,8847,Wind,78,Saturday,March,Spring
5/29/2022,19,20,5235,Wind,149,Sunday,May,Spring
9/24/2024,12,13,12247,Wind,268,Tuesday,September,Fall
12/16/2023,18,19,2464,Wind,350,Saturday,December,Winter
11/3/2024,6,7,2638,Wind,308,Sunday,November,Fall
11/29/2020,18,19,2915,Wind,334,Sunday,November,Fall
9/16/2021,9,10,1244,Solar,259,Thursday,September,Fall
3/29/2025,4,5,9879,Wind,88,Saturday,March,Spring
7/10/2023,9,10,3808,Solar,191,Monday,July,Summer
12/28/2023,18,19,13143,Wind,362,Thursday,December,Winter
12/2/2020,18,19,1702,Wind,337,Wednesday,December,Winter
9/11/2021,2,3,1693,Wind,254,Saturday,September,Fall
10/20/2025,11,12,17289,Wind,293,Monday,October,Fall
10/4/2020,19,20,9887,Wind,278,Sunday,October,Fall
5/22/2022,8,9,3176,Wind,142,Sunday,May,Spring
4/21/2025,18,19,5746,Wind,111,Monday,April,Spring
4/29/2023,9,10,2584,Solar,119,Saturday,April,Spring
11/13/2020,13,14,6261,Wind,318,Friday,November,Fall
4/26/2020,6,7,1181,Wind,117,Sunday,April,Spring
11/18/2021,20,21,1523,Wind,322,Thursday,November,Fall
11/4/2023,5,6,12917,Wind,308,Saturday,November,Fall
1/6/2020,12,13,5508,Wind,6,Monday,January,Winter
2/11/2025,0,1,6544,Wind,42,Tuesday,February,Winter
9/23/2024,22,23,5320,Wind,267,Monday,September,Fall
7/24/2021,6,7,3849,Wind,205,Saturday,July,Summer
5/25/2022,4,5,2759,Wind,145,Wednesday,May,Spring
10/2/2020,4,5,10200,Wind,276,Friday,October,Fall
6/16/2024,5,6,8312,Wind,168,Sunday,June,Summer
3/17/2022,7,8,4859,Wind,76,Thursday,March,Spring
7/25/2021,20,21,2703,Wind,206,Sunday,July,Summer
8/14/2020,1,2,2099,Wind,227,Friday,August,Summer
2/5/2021,9,10,2001,Wind,36,Friday,February,Winter
10/23/2021,14,15,5243,Solar,296,Saturday,October,Fall
10/14/2023,13,14,6935,Wind,287,Saturday,October,Fall
1/9/2024,12,13,7316,Wind,9,Tuesday,January,Winter
6/1/2022,21,22,2633,Wind,152,Wednesday,June,Summer
11/13/2025,7,8,10177,Wind,317,Thursday,November,Fall
12/23/2020,18,19,12555,Wind,358,Wednesday,December,Winter
3/28/2020,21,22,11009,Wind,88,Saturday,March,Spring
3/22/2023,19,20,12608,Wind,81,Wednesday,March,Spring
12/14/2020,20,21,6605,Wind,349,Monday,December,Winter
10/16/2022,7,8,2775,Wind,289,Sunday,October,Fall
12/25/2022,7,8,5233,Wind,359,Sunday,December,Winter
5/28/2022,21,22,6221,Wind,148,Saturday,May,Spring
7/29/2021,8,9,3787,Wind,210,Thursday,July,Summer
6/9/2021,18,19,3406,Solar,160,Wednesday,June,Summer
6/29/2023,22,23,2982,Wind,180,Thursday,June,Summer
11/28/2021,21,22,5528,Wind,332,Sunday,November,Fall
9/6/2025,15,16,7432,Solar,249,Saturday,September,Fall
11/22/2025,19,20,10661,Wind,326,Saturday,November,Fall
8/21/2023,7,8,1897,Wind,233,Monday,August,Summer
10/1/2025,0,1,2823,Wind,274,Wednesday,October,Fall
6/20/2025,12,13,11247,Solar,171,Friday,June,Summer
1/31/2025,19,20,5419,Wind,31,Friday,January,Winter
7/2/2024,11,12,6880,Solar,184,Tuesday,July,Summer
2/3/2021,20,21,9043,Wind,34,Wednesday,February,Winter
1/25/2021,5,6,6084,Wind,25,Monday,January,Winter
3/3/2025,0,1,4216,Wind,62,Monday,March,Spring
5/4/2024,17,18,5803,Wind,125,Saturday,May,Spring
9/9/2024,18,19,9916,Wind,253,Monday,September,Fall
9/16/2024,3,4,2943,Wind,260,Monday,September,Fall
7/12/2024,21,22,2752,Wind,194,Friday,July,Summer
11/28/2022,14,15,4538,Wind,332,Monday,November,Fall
3/22/2020,10,11,11238,Wind,82,Sunday,March,Spring
2/5/2020,18,19,1769,Wind,36,Wednesday,February,Winter
11/5/2024,8,9,2186,Wind,310,Tuesday,November,Fall
8/15/2020,6,7,457,Wind,228,Saturday,August,Summer
9/19/2020,5,6,4265,Wind,263,Saturday,September,Fall
9/30/2022,10,11,4255,Solar,273,Friday,September,Fall
11/23/2020,17,18,620,Wind,328,Monday,November,Fall
7/22/2024,13,14,10243,Solar,204,Monday,July,Summer
5/18/2024,6,7,761,Wind,139,Saturday,May,Spring
8/9/2022,1,2,7181,Wind,221,Tuesday,August,Summer
9/19/2024,20,21,7802,Wind,263,Thursday,September,Fall
5/16/2025,18,19,10928,Wind,136,Friday,May,Spring
8/29/2021,1,2,4508,Wind,241,Sunday,August,Summer
5/26/2025,6,7,5453,Wind,146,Monday,May,Spring
2/27/2021,8,9,6414,Wind,58,Saturday,February,Winter
2/1/2023,14,15,11735,Wind,32,Wednesday,February,Winter
11/19/2021,8,9,1628,Wind,323,Friday,November,Fall
9/3/2022,8,9,2057,Wind,246,Saturday,September,Fall
10/19/2024,8,9,6338,Wind,293,Saturday,October,Fall
6/8/2022,22,23,6493,Wind,159,Wednesday,June,Summer
6/25/2021,18,19,3314,Solar,176,Friday,June,Summer
9/29/2023,4,5,8331,Wind,272,Friday,September,Fall
9/26/2023,0,1,1382,Wind,269,Tuesday,September,Fall
3/23/2024,21,22,9466,Wind,83,Saturday,March,Spring
6/24/2023,10,11,6886,Solar,175,Saturday,June,Summer
8/30/2020,9,10,4184,Wind,243,Sunday,August,Summer
9/25/2021,13,14,4377,Solar,268,Saturday,September,Fall
2/9/2024,3,4,16390,Wind,40,Friday,February,Winter
7/28/2020,19,20,5024,Wind,210,Tuesday,July,Summer
8/12/2020,7,8,2071,Wind,225,Wednesday,August,Summer
5/22/2025,5,6,5212,Wind,142,Thursday,May,Spring
10/19/2024,9,10,7672,Wind,293,Saturday,October,Fall
11/20/2025,19,20,4026,Wind,324,Thursday,November,Fall
7/18/2025,13,14,9011,Solar,199,Friday,July,Summer
1/3/2021,22,23,2226,Wind,3,Sunday,January,Winter
6/26/2021,8,9,1519,Solar,177,Saturday,June,Summer
11/18/2024,10,11,9491,Wind,323,Monday,November,Fall
8/1/2022,0,1,2712,Wind,213,Monday,August,Summer
4/19/2021,21,22,789,Wind,109,Monday,April,Spring
6/29/2020,12,13,8685,Wind,181,Monday,June,Summer
6/7/2024,13,14,6670,Solar,159,Friday,June,Summer
10/1/2023,11,12,6703,Solar,274,Sunday,October,Fall
5/19/2025,5,6,5266,Wind,139,Monday,May,Spring
7/6/2025,22,23,6434,Wind,187,Sunday,July,Summer
6/30/2020,7,8,3596,Wind,182,Tuesday,June,Summer
3/6/2025,7,8,9579,Wind,65,Thursday,March,Spring
4/17/2021,19,20,6158,Wind,107,Saturday,April,Spring
4/19/2023,9,10,7649,Wind,109,Wednesday,April,Spring
2/28/2021,18,19,5701,Wind,59,Sunday,February,Winter
1/15/2020,21,22,4745,Wind,15,Wednesday,January,Winter
10/28/2020,23,0,11043,Wind,302,Wednesday,October,Fall
10/12/2020,16,17,3991,Wind,286,Monday,October,Fall
1/6/2023,23,0,8096,Wind,6,Friday,January,Winter
6/2/2020,18,19,2473,Solar,154,Tuesday,June,Summer
7/16/2025,14,15,16316,Solar,197,Wednesday,July,Summer
4/7/2020,15,16,5040,Solar,98,Tuesday,April,Spring
8/17/2020,20,21,1498,Wind,230,Monday,August,Summer
9/27/2023,4,5,480,Wind,270,Wednesday,September,Fall
4/28/2022,0,1,7345,Wind,118,Thursday,April,Spring
5/15/2023,4,5,2885,Wind,135,Monday,May,Spring
3/30/2022,16,17,3581,Wind,89,Wednesday,March,Spring
5/15/2025,0,1,6342,Wind,135,Thursday,May,Spring
12/31/2021,6,7,5824,Wind,365,Friday,December,Winter
6/2/2025,13,14,6203,Solar,153,Monday,June,Summer
11/30/2021,15,16,12500,Wind,334,Tuesday,November,Fall
5/28/2022,19,20,8020,Wind,148,Saturday,May,Spring
12/19/2024,16,17,15633,Wind,354,Thursday,December,Winter
4/20/2024,5,6,6858,Wind,111,Saturday,April,Spring
7/4/2021,23,0,2638,Wind,185,Sunday,July,Summer
10/24/2021,2,3,4189,Wind,297,Sunday,October,Fall
11/29/2025,21,22,7062,Wind,333,Saturday,November,Fall
3/25/2024,23,0,8777,Wind,85,Monday,March,Spring
6/5/2022,23,0,3380,Wind,156,Sunday,June,Summer
12/21/2020,12,13,12640,Wind,356,Monday,December,Winter
10/18/2021,4,5,2664,Wind,291,Monday,October,Fall
8/17/2022,10,11,3428,Solar,229,Wednesday,August,Summer
5/8/2022,11,12,7322,Solar,128,Sunday,May,Spring
4/30/2025,0,1,7318,Wind,120,Wednesday,April,Spring
1/31/2022,22,23,8147,Wind,31,Monday,January,Winter
5/19/2022,2,3,4815,Wind,139,Thursday,May,Spring
12/15/2020,2,3,5470,Wind,350,Tuesday,December,Winter
5/1/2024,15,16,2385,Wind,122,Wednesday,May,Spring
10/14/2022,12,13,8105,Wind,287,Friday,October,Fall
9/12/2024,1,2,4725,Wind,256,Thursday,September,Fall
7/17/2021,1,2,2929,Wind,198,Saturday,July,Summer
4/23/2023,17,18,16075,Wind,113,Sunday,April,Spring
9/25/2022,12,13,6161,Solar,268,Sunday,September,Fall
12/1/2024,12,13,10028,Wind,336,Sunday,December,Winter
1/21/2024,21,22,16235,Wind,21,Sunday,January,Winter
12/31/2024,23,0,10602,Wind,366,Tuesday,December,Winter
8/2/2025,0,1,4160,Wind,214,Saturday,August,Summer
11/9/2022,12,13,7650,Wind,313,Wednesday,November,Fall
6/16/2024,22,23,2549,Wind,168,Sunday,June,Summer
5/28/2020,14,15,7591,Solar,149,Thursday,May,Spring
11/24/2025,17,18,11121,Wind,328,Monday,November,Fall
6/23/2021,3,4,2688,Wind,174,Wednesday,June,Summer
9/4/2022,9,10,4056,Solar,247,Sunday,September,Fall
11/21/2021,6,7,569,Wind,325,Sunday,November,Fall
5/27/2023,17,18,6146,Solar,147,Saturday,May,Spring
9/16/2025,21,22,3074,Wind,259,Tuesday,September,Fall
3/7/2020,3,4,3332,Wind,67,Saturday,March,Spring
9/16/2022,20,21,4896,Wind,259,Friday,September,Fall
4/1/2025,12,13,18978,Wind,91,Tuesday,April,Spring
3/20/2024,12,13,7394,Solar,80,Wednesday,March,Spring
4/9/2020,15,16,4576,Solar,100,Thursday,April,Spring
5/18/2024,13,14,3058,Solar,139,Saturday,May,Spring
10/28/2021,6,7,5836,Wind,301,Thursday,October,Fall
3/23/2021,23,0,1340,Wind,82,Tuesday,March,Spring
5/22/2023,22,23,5407,Wind,142,Monday,May,Spring
6/25/2022,18,19,4491,Wind,176,Saturday,June,Summer
4/17/2024,14,15,13351,Wind,108,Wednesday,April,Spring
7/18/2021,23,0,6890,Wind,199,Sunday,July,Summer
4/19/2020,15,16,3193,Wind,110,Sunday,April,Spring
10/12/2023,6,7,4319,Wind,285,Thursday,October,Fall
3/15/2022,18,19,2580,Wind,74,Tuesday,March,Spring
1/11/2025,19,20,2507,Wind,11,Saturday,January,Winter
10/13/2023,15,16,17641,Wind,286,Friday,October,Fall
3/12/2021,8,9,10511,Wind,71,Friday,March,Spring
4/20/2022,5,6,4689,Wind,110,Wednesday,April,Spring
11/17/2025,16,17,8101,Wind,321,Monday,November,Fall
4/28/2025,13,14,4939,Solar,118,Monday,April,Spring
5/17/2020,22,23,2263,Wind,138,Sunday,May,Spring
4/2/2024,21,22,8880,Wind,93,Tuesday,April,Spring
5/19/2022,16,17,7748,Solar,139,Thursday,May,Spring
12/14/2023,4,5,7008,Wind,348,Thursday,December,Winter
7/20/2025,4,5,4069,Wind,201,Sunday,July,Summer
7/8/2020,10,11,5097,Solar,190,Wednesday,July,Summer
4/26/2024,22,23,3763,Wind,117,Friday,April,Spring
8/29/2023,17,18,5120,Solar,241,Tuesday,August,Summer
11/17/2022,23,0,8902,Wind,321,Thursday,November,Fall
11/20/2025,4,5,7695,Wind,324,Thursday,November,Fall
7/11/2023,4,5,1935,Wind,192,Tuesday,July,Summer
1/27/2021,18,19,4009,Wind,27,Wednesday,January,Winter
10/9/2020,11,12,4222,Wind,283,Friday,October,Fall
11/25/2021,14,15,3710,Wind,329,Thursday,November,Fall
12/13/2020,14,15,7343,Wind,348,Sunday,December,Winter
6/24/2020,19,20,3291,Wind,176,Wednesday,June,Summer
10/18/2020,8,9,1059,Wind,292,Sunday,October,Fall
4/17/2020,0,1,2220,Wind,108,Friday,April,Spring
10/25/2022,2,3,5694,Wind,298,Tuesday,October,Fall
3/24/2023,15,16,17590,Wind,83,Friday,March,Spring
9/30/2022,19,20,6940,Wind,273,Friday,September,Fall
6/1/2024,5,6,5758,Wind,153,Saturday,June,Summer
11/10/2025,16,17,9768,Wind,314,Monday,November,Fall
2/22/2024,9,10,17056,Wind,53,Thursday,February,Winter
9/24/2021,16,17,3933,Solar,267,Friday,September,Fall
11/8/2023,19,20,14862,Wind,312,Wednesday,November,Fall
7/15/2022,8,9,3844,Wind,196,Friday,July,Summer
4/4/2024,16,17,18160,Wind,95,Thursday,April,Spring
8/3/2025,6,7,1968,Wind,215,Sunday,August,Summer
8/16/2020,0,1,1831,Wind,229,Sunday,August,Summer
10/26/2023,6,7,5403,Wind,299,Thursday,October,Fall
7/2/2023,7,8,2703,Wind,183,Sunday,July,Summer
12/11/2022,18,19,1499,Wind,345,Sunday,December,Winter
12/7/2022,0,1,2427,Wind,341,Wednesday,December,Winter
5/28/2025,9,10,14628,Wind,148,Wednesday,May,Spring
7/4/2024,11,12,11596,Wind,186,Thursday,July,Summer
6/20/2020,14,15,4334,Solar,172,Saturday,June,Summer
10/27/2025,19,20,9625,Wind,300,Monday,October,Fall
2/21/2021,12,13,9016,Wind,52,Sunday,February,Winter
1/3/2025,14,15,5219,Wind,3,Friday,January,Winter
2/13/2025,0,1,1016,Wind,44,Thursday,February,Winter
6/23/2021,17,18,4314,Wind,174,Wednesday,June,Summer
8/17/2020,0,1,2055,Wind,230,Monday,August,Summer
8/12/2023,12,13,7944,Solar,224,Saturday,August,Summer
1/22/2025,11,12,6748,Wind,22,Wednesday,January,Winter
9/14/2025,14,15,7618,Wind,257,Sunday,September,Fall
11/8/2021,10,11,3832,Solar,312,Monday,November,Fall
1/3/2021,23,0,2060,Wind,3,Sunday,January,Winter
6/15/2021,6,7,1647,Wind,166,Tuesday,June,Summer
11/1/2024,16,17,1612,Solar,306,Friday,November,Fall
11/25/2024,11,12,12852,Wind,330,Monday,November,Fall
2/21/2021,17,18,5918,Wind,52,Sunday,February,Winter
5/15/2020,16,17,5825,Wind,136,Friday,May,Spring
11/19/2023,5,6,11783,Wind,323,Sunday,November,Fall
6/10/2021,21,22,1475,Wind,161,Thursday,June,Summer
7/18/2022,15,16,7346,Solar,199,Monday,July,Summer
11/22/2021,4,5,8247,Wind,326,Monday,November,Fall
1/18/2022,15,16,4530,Wind,18,Tuesday,January,Winter
7/16/2025,3,4,7222,Wind,197,Wednesday,July,Summer
1/27/2022,20,21,3833,Wind,27,Thursday,January,Winter
3/29/2024,3,4,10394,Wind,89,Friday,March,Spring
8/23/2025,18,19,5153,Solar,235,Saturday,August,Summer
3/4/2023,19,20,3414,Wind,63,Saturday,March,Spring
4/25/2022,4,5,3390,Wind,115,Monday,April,Spring
5/25/2020,21,22,2713,Wind,146,Monday,May,Spring
6/6/2025,12,13,7272,Wind,157,Friday,June,Summer
1/6/2020,0,1,2280,Wind,6,Monday,January,Winter
6/30/2023,18,19,8277,Wind,181,Friday,June,Summer
9/3/2024,8,9,1421,Solar,247,Tuesday,September,Fall
8/10/2024,12,13,4442,Solar,223,Saturday,August,Summer
2/12/2024,20,21,3368,Wind,43,Monday,February,Winter
7/16/2023,23,0,2997,Wind,197,Sunday,July,Summer
4/5/2025,19,20,6203,Wind,95,Saturday,April,Spring
8/15/2022,16,17,7560,Solar,227,Monday,August,Summer
3/28/2021,21,22,2629,Wind,87,Sunday,March,Spring
7/2/2024,21,22,3140,Wind,184,Tuesday,July,Summer
10/14/2021,9,10,3533,Wind,287,Thursday,October,Fall
3/22/2020,22,23,9398,Wind,82,Sunday,March,Spring
4/12/2021,13,14,6529,Solar,102,Monday,April,Spring
4/3/2020,1,2,2592,Wind,94,Friday,April,Spring
11/28/2022,12,13,4959,Wind,332,Monday,November,Fall
10/22/2020,9,10,5024,Wind,296,Thursday,October,Fall
3/15/2021,3,4,10923,Wind,74,Monday,March,Spring
11/13/2025,20,21,12001,Wind,317,Thursday,November,Fall
4/5/2022,5,6,6452,Wind,95,Tuesday,April,Spring
4/28/2021,14,15,4079,Solar,118,Wednesday,April,Spring
7/24/2022,6,7,969,Wind,205,Sunday,July,Summer
9/14/2020,7,8,2828,Wind,258,Monday,September,Fall
6/15/2020,4,5,2126,Wind,167,Monday,June,Summer
11/1/2020,19,20,11879,Wind,306,Sunday,November,Fall
8/16/2022,9,10,2904,Solar,228,Tuesday,August,Summer
7/26/2021,4,5,1922,Wind,207,Monday,July,Summer
4/4/2022,18,19,11731,Wind,94,Monday,April,Spring
12/13/2024,14,15,2515,Solar,348,Friday,December,Winter
5/28/2020,15,16,7608,Wind,149,Thursday,May,Spring
9/18/2022,6,7,2221,Wind,261,Sunday,September,Fall
8/22/2024,12,13,7995,Solar,235,Thursday,August,Summer
5/26/2022,12,13,6717,Solar,146,Thursday,May,Spring
9/14/2025,3,4,4181,Wind,257,Sunday,September,Fall
9/14/2020,8,9,3313,Wind,258,Monday,September,Fall
3/16/2025,19,20,5740,Wind,75,Sunday,March,Spring
10/1/2021,20,21,4953,Wind,274,Friday,October,Fall
4/21/2023,1,2,3355,Wind,111,Friday,April,Spring
9/6/2022,12,13,6967,Solar,249,Tuesday,September,Fall
3/13/2020,21,22,1697,Wind,73,Friday,March,Spring
4/10/2022,2,3,1338,Wind,100,Sunday,April,Spring
1/30/2022,10,11,2888,Solar,30,Sunday,January,Winter
10/21/2022,15,16,8982,Wind,294,Friday,October,Fall
3/4/2021,9,10,1941,Solar,63,Thursday,March,Spring
1/22/2024,15,16,16804,Wind,22,Monday,January,Winter
1/16/2025,0,1,3652,Wind,16,Thursday,January,Winter
11/13/2021,12,13,5041,Wind,317,Saturday,November,Fall
6/23/2022,20,21,1923,Wind,174,Thursday,June,Summer
12/16/2023,14,15,4910,Solar,350,Saturday,December,Winter
4/11/2022,3,4,9882,Wind,101,Monday,April,Spring
10/29/2021,14,15,11979,Wind,302,Friday,October,Fall
7/9/2020,7,8,1479,Wind,191,Thursday,July,Summer
4/25/2021,15,16,8987,Wind,115,Sunday,April,Spring
10/9/2020,19,20,2696,Wind,283,Friday,October,Fall
11/19/2021,13,14,3762,Solar,323,Friday,November,Fall
12/30/2022,6,7,11436,Wind,364,Friday,December,Winter
6/13/2023,23,0,5004,Wind,164,Tuesday,June,Summer
3/10/2020,2,3,12278,Wind,70,Tuesday,March,Spring
4/14/2025,10,11,6031,Solar,104,Monday,April,Spring
4/30/2024,11,12,7683,Solar,121,Tuesday,April,Spring
9/12/2022,16,17,5140,Solar,255,Monday,September,Fall
10/20/2022,14,15,8558,Wind,293,Thursday,October,Fall
11/30/2023,0,1,2128,Wind,334,Thursday,November,Fall
1/6/2020,23,0,5850,Wind,6,Monday,January,Winter
6/13/2021,18,19,3933,Solar,164,Sunday,June,Summer
12/7/2024,15,16,19810,Wind,342,Saturday,December,Winter
4/10/2025,1,2,10031,Wind,100,Thursday,April,Spring
2/21/2021,10,11,9217,Wind,52,Sunday,February,Winter
9/20/2022,4,5,2045,Wind,263,Tuesday,September,Fall
9/14/2025,23,0,15838,Wind,257,Sunday,September,Fall
6/25/2020,13,14,5081,Solar,177,Thursday,June,Summer
3/10/2022,18,19,4082,Wind,69,Thursday,March,Spring
6/14/2025,10,11,4291,Solar,165,Saturday,June,Summer
10/20/2021,0,1,10970,Wind,293,Wednesday,October,Fall
8/8/2021,21,22,3163,Wind,220,Sunday,August,Summer
2/5/2023,5,6,4222,Wind,36,Sunday,February,Winter
8/9/2021,2,3,2945,Wind,221,Monday,August,Summer
5/12/2025,8,9,3901,Solar,132,Monday,May,Spring
4/19/2024,1,2,5665,Wind,110,Friday,April,Spring
4/18/2025,23,0,9612,Wind,108,Friday,April,Spring
1/6/2023,16,17,6433,Wind,6,Friday,January,Winter
7/17/2020,19,20,2771,Wind,199,Friday,July,Summer
7/26/2023,23,0,3577,Wind,207,Wednesday,July,Summer
1/23/2024,2,3,12747,Wind,23,Tuesday,January,Winter
6/25/2020,10,11,3414,Solar,177,Thursday,June,Summer
6/1/2024,16,17,6915,Wind,153,Saturday,June,Summer
4/23/2024,8,9,4892,Wind,114,Tuesday,April,Spring
7/16/2020,6,7,1388,Wind,198,Thursday,July,Summer
5/28/2020,6,7,3981,Wind,149,Thursday,May,Spring
4/5/2020,7,8,7671,Wind,96,Sunday,April,Spring
1/11/2020,6,7,2912,Wind,11,Saturday,January,Winter
6/25/2021,13,14,5806,Solar,176,Friday,June,Summer
1/27/2020,14,15,9340,Wind,27,Monday,January,Winter
6/12/2022,9,10,3891,Solar,163,Sunday,June,Summer
9/5/2024,11,12,7606,Solar,249,Thursday,September,Fall
10/12/2021,1,2,3046,Wind,285,Tuesday,October,Fall
5/29/2025,21,22,1207,Wind,149,Thursday,May,Spring
5/31/2022,1,2,2019,Wind,151,Tuesday,May,Spring
10/18/2025,21,22,6350,Wind,291,Saturday,October,Fall
2/23/2021,10,11,9360,Wind,54,Tuesday,February,Winter
7/5/2021,11,12,7031,Solar,186,Monday,July,Summer
9/13/2025,17,18,12059,Wind,256,Saturday,September,Fall
3/22/2024,8,9,4072,Solar,82,Friday,March,Spring
12/24/2024,7,8,3075,Wind,359,Tuesday,December,Winter
6/9/2024,3,4,3734,Wind,161,Sunday,June,Summer
1/9/2021,13,14,6317,Wind,9,Saturday,January,Winter
6/5/2020,12,13,13242,Wind,157,Friday,June,Summer
9/4/2025,13,14,14863,Wind,247,Thursday,September,Fall
12/18/2023,16,17,2994,Wind,352,Monday,December,Winter
7/9/2025,6,7,1676,Wind,190,Wednesday,July,Summer
9/14/2024,17,18,7606,Solar,258,Saturday,September,Fall
6/20/2025,19,20,4544,Wind,171,Friday,June,Summer
2/11/2022,18,19,1753,Wind,42,Friday,February,Winter
4/14/2020,16,17,8019,Wind,105,Tuesday,April,Spring
11/23/2023,11,12,7232,Solar,327,Thursday,November,Fall
5/6/2023,8,9,2948,Solar,126,Saturday,May,Spring
6/9/2021,1,2,1569,Wind,160,Wednesday,June,Summer
8/25/2020,6,7,3959,Wind,238,Tuesday,August,Summer
2/28/2022,15,16,5659,Solar,59,Monday,February,Winter
3/12/2024,17,18,10459,Wind,72,Tuesday,March,Spring
7/23/2024,21,22,2927,Wind,205,Tuesday,July,Summer
7/19/2024,0,1,1662,Wind,201,Friday,July,Summer
2/23/2024,14,15,15612,Wind,54,Friday,February,Winter
9/3/2022,10,11,4020,Solar,246,Saturday,September,Fall
3/13/2023,1,2,14233,Wind,72,Monday,March,Spring
4/13/2024,7,8,2307,Wind,104,Saturday,April,Spring
7/30/2021,20,21,8655,Wind,211,Friday,July,Summer
1/22/2025,9,10,6315,Wind,22,Wednesday,January,Winter
11/6/2022,23,0,11081,Wind,310,Sunday,November,Fall
5/15/2022,9,10,5538,Solar,135,Sunday,May,Spring
10/9/2024,10,11,11747,Wind,283,Wednesday,October,Fall
3/24/2020,18,19,4898,Wind,84,Tuesday,March,Spring
12/29/2023,13,14,15847,Wind,363,Friday,December,Winter
7/1/2024,0,1,2760,Wind,183,Monday,July,Summer
11/24/2021,19,20,2095,Wind,328,Wednesday,November,Fall
7/13/2024,23,0,334,Wind,195,Saturday,July,Summer
12/1/2021,14,15,11647,Wind,335,Wednesday,December,Winter
4/26/2020,22,23,457,Wind,117,Sunday,April,Spring
8/16/2024,23,0,1612,Wind,229,Friday,August,Summer
4/14/2025,14,15,9083,Solar,104,Monday,April,Spring
5/17/2021,17,18,13497,Wind,137,Monday,May,Spring
9/19/2021,15,16,5286,Solar,262,Sunday,September,Fall
10/24/2025,23,0,14144,Wind,297,Friday,October,Fall
10/2/2023,16,17,7676,Solar,275,Monday,October,Fall
4/14/2020,6,7,6514,Wind,105,Tuesday,April,Spring
2/5/2020,13,14,3963,Solar,36,Wednesday,February,Winter
10/21/2025,22,23,6166,Wind,294,Tuesday,October,Fall
4/1/2022,7,8,9016,Wind,91,Friday,April,Spring
3/21/2020,4,5,7299,Wind,81,Saturday,March,Spring
1/2/2023,11,12,6422,Wind,2,Monday,January,Winter
2/20/2021,21,22,12255,Wind,51,Saturday,February,Winter
8/24/2025,10,11,4112,Solar,236,Sunday,August,Summer
5/6/2022,11,12,6911,Solar,126,Friday,May,Spring
11/12/2024,7,8,10329,Wind,317,Tuesday,November,Fall
12/8/2022,7,8,1250,Wind,342,Thursday,December,Winter
4/30/2020,19,20,11566,Wind,121,Thursday,April,Spring
5/8/2021,22,23,5551,Wind,128,Saturday,May,Spring
4/20/2020,1,2,5535,Wind,111,Monday,April,Spring
1/18/2022,2,3,2430,Wind,18,Tuesday,January,Winter
2/9/2025,0,1,3868,Wind,40,Sunday,February,Winter
12/28/2023,7,8,13513,Wind,362,Thursday,December,Winter
1/29/2022,11,12,9867,Wind,29,Saturday,January,Winter
11/23/2022,8,9,9532,Wind,327,Wednesday,November,Fall
10/19/2025,10,11,10350,Wind,292,Sunday,October,Fall
5/14/2025,7,8,1719,Solar,134,Wednesday,May,Spring
11/19/2023,1,2,11829,Wind,323,Sunday,November,Fall
10/22/2022,10,11,5156,Wind,295,Saturday,October,Fall
7/28/2025,3,4,4437,Wind,209,Monday,July,Summer
8/19/2023,5,6,3735,Wind,231,Saturday,August,Summer
12/15/2024,0,1,4485,Wind,350,Sunday,December,Winter
1/11/2021,5,6,2139,Wind,11,Monday,January,Winter
5/2/2021,19,20,1824,Wind,122,Sunday,May,Spring
11/12/2022,10,11,5330,Solar,316,Saturday,November,Fall
5/18/2024,11,12,4830,Solar,139,Saturday,May,Spring
1/24/2020,3,4,2178,Wind,24,Friday,January,Winter
8/7/2024,12,13,7806,Solar,220,Wednesday,August,Summer
12/19/2023,7,8,7637,Wind,353,Tuesday,December,Winter
7/29/2022,9,10,1886,Solar,210,Friday,July,Summer
4/10/2024,7,8,3567,Wind,101,Wednesday,April,Spring
1/8/2021,21,22,934,Wind,8,Friday,January,Winter
11/10/2024,4,5,728,Wind,315,Sunday,November,Fall
3/23/2021,3,4,2297,Wind,82,Tuesday,March,Spring
3/18/2024,7,8,2408,Wind,78,Monday,March,Spring
7/18/2023,7,8,3248,Wind,199,Tuesday,July,Summer
5/15/2025,19,20,11522,Wind,135,Thursday,May,Spring
5/6/2022,14,15,6812,Solar,126,Friday,May,Spring
5/17/2025,12,13,5378,Solar,137,Saturday,May,Spring
1/25/2023,19,20,1865,Wind,25,Wednesday,January,Winter
11/6/2023,20,21,9476,Wind,310,Monday,November,Fall
6/4/2023,10,11,7001,Solar,155,Sunday,June,Summer
4/17/2023,13,14,10082,Solar,107,Monday,April,Spring
2/21/2021,15,16,7525,Wind,52,Sunday,February,Winter
2/15/2021,9,10,11289,Wind,46,Monday,February,Winter
8/3/2023,5,6,12714,Wind,215,Thursday,August,Summer
5/27/2025,9,10,13251,Wind,147,Tuesday,May,Spring
5/24/2023,5,6,6672,Wind,144,Wednesday,May,Spring
12/16/2024,7,8,7127,Wind,351,Monday,December,Winter
9/2/2022,5,6,1940,Wind,245,Friday,September,Fall
4/16/2025,13,14,7798,Solar,106,Wednesday,April,Spring
6/6/2020,13,14,10873,Wind,158,Saturday,June,Summer
8/20/2024,9,10,6256,Solar,233,Tuesday,August,Summer
11/13/2024,18,19,5201,Wind,318,Wednesday,November,Fall
3/21/2023,4,5,4145,Wind,80,Tuesday,March,Spring
4/29/2022,12,13,6673,Solar,119,Friday,April,Spring
3/18/2023,14,15,10327,Wind,77,Saturday,March,Spring
5/27/2020,14,15,6923,Solar,148,Wednesday,May,Spring
11/8/2020,15,16,2718,Wind,313,Sunday,November,Fall
9/14/2022,2,3,1837,Wind,257,Wednesday,September,Fall
12/15/2021,1,2,1197,Wind,349,Wednesday,December,Winter
12/8/2020,22,23,2543,Wind,343,Tuesday,December,Winter
7/29/2025,6,7,2489,Wind,210,Tuesday,July,Summer
12/26/2020,0,1,3607,Wind,361,Saturday,December,Winter
11/6/2020,4,5,6681,Wind,311,Friday,November,Fall
3/31/2023,13,14,21624,Wind,90,Friday,March,Spring
4/2/2023,21,22,7144,Wind,92,Sunday,April,Spring
1/11/2022,2,3,2621,Wind,11,Tuesday,January,Winter
3/16/2020,20,21,1348,Wind,76,Monday,March,Spring
8/26/2021,13,14,8454,Solar,238,Thursday,August,Summer
7/5/2023,9,10,10340,Wind,186,Wednesday,July,Summer
5/3/2022,8,9,3293,Wind,123,Tuesday,May,Spring
8/10/2021,4,5,1235,Wind,222,Tuesday,August,Summer
8/22/2020,14,15,11599,Wind,235,Saturday,August,Summer
5/6/2022,3,4,3327,Wind,126,Friday,May,Spring
8/26/2025,13,14,10719,Solar,238,Tuesday,August,Summer
9/24/2021,17,18,2890,Solar,267,Friday,September,Fall
1/3/2023,17,18,8994,Wind,3,Tuesday,January,Winter
10/9/2023,7,8,1140,Wind,282,Monday,October,Fall
3/15/2022,23,0,4205,Wind,74,Tuesday,March,Spring
10/25/2022,18,19,4686,Wind,298,Tuesday,October,Fall
12/30/2024,11,12,2963,Solar,365,Monday,December,Winter
3/10/2023,17,18,11697,Wind,69,Friday,March,Spring
5/6/2023,13,14,7109,Solar,126,Saturday,May,Spring
10/10/2020,9,10,2717,Wind,284,Saturday,October,Fall
2/19/2023,18,19,2222,Wind,50,Sunday,February,Winter
9/13/2022,14,15,5433,Solar,256,Tuesday,September,Fall
10/15/2023,3,4,2777,Wind,288,Sunday,October,Fall
1/1/2022,1,2,3210,Wind,1,Saturday,January,Winter
5/14/2021,12,13,7647,Wind,134,Friday,May,Spring
11/4/2025,23,0,12730,Wind,308,Tuesday,November,Fall
1/29/2024,3,4,7443,Wind,29,Monday,January,Winter
1/13/2025,10,11,7719,Wind,13,Monday,January,Winter
7/6/2023,21,22,868,Wind,187,Thursday,July,Summer
3/14/2020,21,22,3347,Wind,74,Saturday,March,Spring
12/24/2023,15,16,17075,Wind,358,Sunday,December,Winter
4/6/2025,1,2,9135,Wind,96,Sunday,April,Spring
10/3/2024,3,4,5240,Wind,277,Thursday,October,Fall
3/6/2022,22,23,7705,Wind,65,Sunday,March,Spring
9/7/2022,18,19,4483,Wind,250,Wednesday,September,Fall
1/4/2024,17,18,11934,Wind,4,Thursday,January,Winter
3/24/2021,8,9,2756,Solar,83,Wednesday,March,Spring
3/31/2023,11,12,20332,Wind,90,Friday,March,Spring
2/14/2021,16,17,9781,Wind,45,Sunday,February,Winter
11/29/2020,22,23,2194,Wind,334,Sunday,November,Fall
5/23/2025,3,4,3654,Wind,143,Friday,May,Spring
2/28/2024,18,19,3872,Wind,59,Wednesday,February,Winter
8/13/2020,8,9,1977,Wind,226,Thursday,August,Summer
2/10/2022,7,8,5427,Wind,41,Thursday,February,Winter
5/22/2020,20,21,2791,Wind,143,Friday,May,Spring
3/7/2020,5,6,2626,Wind,67,Saturday,March,Spring
2/28/2025,22,23,7187,Wind,59,Friday,February,Winter
6/17/2023,10,11,5207,Solar,168,Saturday,June,Summer
10/8/2022,21,22,2338,Wind,281,Saturday,October,Fall
4/26/2020,16,17,2886,Solar,117,Sunday,April,Spring
1/21/2025,23,0,7139,Wind,21,Tuesday,January,Winter
5/18/2024,17,18,5382,Solar,139,Saturday,May,Spring
10/24/2023,20,21,5052,Wind,297,Tuesday,October,Fall
9/27/2025,1,2,475,Wind,270,Saturday,September,Fall
6/2/2025,1,2,3073,Wind,153,Monday,June,Summer
10/13/2021,23,0,2129,Wind,286,Wednesday,October,Fall
2/25/2022,15,16,8739,Wind,56,Friday,February,Winter
12/24/2023,10,11,17796,Wind,358,Sunday,December,Winter
11/19/2025,7,8,11799,Wind,323,Wednesday,November,Fall
4/29/2023,21,22,2588,Wind,119,Saturday,April,Spring
4/23/2023,13,14,15150,Wind,113,Sunday,April,Spring
9/13/2021,10,11,3635,Solar,256,Monday,September,Fall
8/17/2020,4,5,1804,Wind,230,Monday,August,Summer
3/13/2020,16,17,5262,Wind,73,Friday,March,Spring
7/18/2021,18,19,9318,Wind,199,Sunday,July,Summer
9/1/2025,17,18,10390,Wind,244,Monday,September,Fall
5/25/2020,16,17,5450,Solar,146,Monday,May,Spring
11/10/2024,17,18,1524,Wind,315,Sunday,November,Fall
9/30/2022,13,14,7262,Solar,273,Friday,September,Fall
5/18/2021,19,20,3940,Wind,138,Tuesday,May,Spring
8/10/2024,20,21,1226,Wind,223,Saturday,August,Summer
3/25/2021,4,5,1928,Wind,84,Thursday,March,Spring
10/30/2025,11,12,9665,Solar,303,Thursday,October,Fall
10/26/2022,1,2,7207,Wind,299,Wednesday,October,Fall
8/27/2020,13,14,6251,Solar,240,Thursday,August,Summer
4/27/2021,14,15,3324,Solar,117,Tuesday,April,Spring
5/7/2025,8,9,7619,Wind,127,Wednesday,May,Spring
6/26/2024,11,12,6737,Solar,178,Wednesday,June,Summer
8/9/2023,7,8,1969,Wind,221,Wednesday,August,Summer
1/25/2022,17,18,267,Solar,25,Tuesday,January,Winter
9/3/2020,2,3,978,Wind,247,Thursday,September,Fall
2/11/2020,23,0,9400,Wind,42,Tuesday,February,Winter
7/9/2022,1,2,3653,Wind,190,Saturday,July,Summer
8/4/2024,13,14,4818,Solar,217,Sunday,August,Summer
6/25/2022,4,5,3209,Wind,176,Saturday,June,Summer
12/7/2024,4,5,18556,Wind,342,Saturday,December,Winter
9/4/2020,8,9,1720,Wind,248,Friday,September,Fall
1/1/2022,19,20,5238,Wind,1,Saturday,January,Winter
5/8/2023,2,3,1701,Wind,128,Monday,May,Spring
4/22/2021,19,20,5590,Wind,112,Thursday,April,Spring
2/17/2021,0,1,9265,Wind,48,Wednesday,February,Winter
3/3/2020,6,7,4440,Wind,63,Tuesday,March,Spring
11/8/2023,15,16,16223,Wind,312,Wednesday,November,Fall
8/14/2023,2,3,1693,Wind,226,Monday,August,Summer
1/10/2023,5,6,7343,Wind,10,Tuesday,January,Winter
12/22/2021,20,21,5561,Wind,356,Wednesday,December,Winter
8/10/2024,2,3,1755,Wind,223,Saturday,August,Summer
11/14/2023,14,15,16988,Wind,318,Tuesday,November,Fall
3/17/2024,15,16,6096,Solar,77,Sunday,March,Spring
9/7/2021,16,17,6840,Wind,250,Tuesday,September,Fall
11/16/2025,21,22,4414,Wind,320,Sunday,November,Fall
7/15/2020,22,23,1874,Wind,197,Wednesday,July,Summer
10/8/2025,21,22,2608,Wind,281,Wednesday,October,Fall
6/9/2025,23,0,605,Wind,160,Monday,June,Summer
7/14/2020,3,4,2443,Wind,196,Tuesday,July,Summer
10/9/2022,6,7,4887,Wind,282,Sunday,October,Fall
5/28/2020,1,2,5340,Wind,149,Thursday,May,Spring
12/25/2021,15,16,1223,Solar,359,Saturday,December,Winter
8/2/2023,21,22,15855,Wind,214,Wednesday,August,Summer
1/9/2021,23,0,5323,Wind,9,Saturday,January,Winter
2/7/2022,22,23,4802,Wind,38,Monday,February,Winter
10/24/2022,23,0,7058,Wind,297,Monday,October,Fall
5/24/2025,16,17,14446,Wind,144,Saturday,May,Spring
1/11/2022,8,9,2912,Wind,11,Tuesday,January,Winter
12/21/2022,3,4,5032,Wind,355,Wednesday,December,Winter
12/17/2024,10,11,5491,Wind,352,Tuesday,December,Winter
1/30/2021,13,14,8786,Wind,30,Saturday,January,Winter
10/4/2020,16,17,11664,Wind,278,Sunday,October,Fall
5/29/2025,17,18,8272,Solar,149,Thursday,May,Spring
11/25/2024,10,11,12969,Wind,330,Monday,November,Fall
1/26/2020,13,14,4437,Wind,26,Sunday,January,Winter
3/3/2023,22,23,5574,Wind,62,Friday,March,Spring
6/2/2025,14,15,6266,Solar,153,Monday,June,Summer
6/24/2022,3,4,1971,Wind,175,Friday,June,Summer
3/20/2024,0,1,1924,Wind,80,Wednesday,March,Spring
10/12/2023,17,18,5820,Wind,285,Thursday,October,Fall
9/24/2022,1,2,1028,Wind,267,Saturday,September,Fall
2/6/2020,21,22,5819,Wind,37,Thursday,February,Winter
6/9/2024,2,3,3682,Wind,161,Sunday,June,Summer
4/19/2020,10,11,2602,Wind,110,Sunday,April,Spring
9/28/2022,14,15,6080,Wind,271,Wednesday,September,Fall
11/28/2025,14,15,8799,Wind,332,Friday,November,Fall
10/5/2024,23,0,8967,Wind,279,Saturday,October,Fall
7/24/2020,21,22,1760,Wind,206,Friday,July,Summer
10/16/2022,16,17,6721,Wind,289,Sunday,October,Fall
11/6/2020,22,23,7139,Wind,311,Friday,November,Fall
7/2/2021,23,0,1585,Wind,183,Friday,July,Summer
4/13/2022,15,16,3628,Solar,103,Wednesday,April,Spring
8/2/2025,14,15,12313,Solar,214,Saturday,August,Summer
6/25/2023,22,23,5338,Wind,176,Sunday,June,Summer
11/30/2024,7,8,3505,Wind,335,Saturday,November,Fall
10/2/2023,0,1,2764,Wind,275,Monday,October,Fall
4/14/2021,21,22,5104,Wind,104,Wednesday,April,Spring
11/7/2025,15,16,6222,Wind,311,Friday,November,Fall
2/1/2020,21,22,9608,Wind,32,Saturday,February,Winter
4/5/2020,14,15,8682,Wind,96,Sunday,April,Spring
12/27/2022,4,5,4483,Wind,361,Tuesday,December,Winter
12/28/2022,3,4,11901,Wind,362,Wednesday,December,Winter
1/6/2024,10,11,6893,Wind,6,Saturday,January,Winter
3/22/2021,11,12,6284,Solar,81,Monday,March,Spring
11/26/2022,19,20,6123,Wind,330,Saturday,November,Fall
6/9/2025,15,16,4475,Solar,160,Monday,June,Summer
11/1/2021,2,3,8845,Wind,305,Monday,November,Fall
7/18/2023,12,13,6978,Solar,199,Tuesday,July,Summer
1/22/2022,16,17,3284,Wind,22,Saturday,January,Winter
6/2/2021,3,4,4114,Wind,153,Wednesday,June,Summer
9/30/2025,19,20,2032,Wind,273,Tuesday,September,Fall
12/5/2022,15,16,2037,Solar,339,Monday,December,Winter
2/25/2022,1,2,7621,Wind,56,Friday,February,Winter
11/5/2021,6,7,2977,Wind,309,Friday,November,Fall
2/20/2025,12,13,12416,Wind,51,Thursday,February,Winter
4/30/2024,23,0,3046,Wind,121,Tuesday,April,Spring
10/4/2024,9,10,5064,Wind,278,Friday,October,Fall
4/30/2022,13,14,8450,Solar,120,Saturday,April,Spring
2/9/2020,0,1,7722,Wind,40,Sunday,February,Winter
3/9/2024,3,4,10327,Wind,69,Saturday,March,Spring
6/24/2025,13,14,6338,Solar,175,Tuesday,June,Summer
6/21/2020,7,8,2762,Wind,173,Sunday,June,Summer
4/22/2022,2,3,5531,Wind,112,Friday,April,Spring
10/26/2025,9,10,10764,Wind,299,Sunday,October,Fall
12/9/2024,2,3,13556,Wind,344,Monday,December,Winter
1/2/2024,12,13,18685,Wind,2,Tuesday,January,Winter
5/1/2023,0,1,1652,Wind,121,Monday,May,Spring
5/10/2020,8,9,2008,Wind,131,Sunday,May,Spring
11/1/2025,22,23,9691,Wind,305,Saturday,November,Fall
7/4/2023,23,0,10440,Wind,185,Tuesday,July,Summer
5/13/2023,14,15,10482,Wind,133,Saturday,May,Spring
6/25/2020,9,10,2861,Solar,177,Thursday,June,Summer
1/9/2020,12,13,12336,Wind,9,Thursday,January,Winter
8/28/2024,6,7,2229,Wind,241,Wednesday,August,Summer
2/28/2022,7,8,3898,Wind,59,Monday,February,Winter
7/13/2021,10,11,5260,Wind,194,Tuesday,July,Summer
12/5/2020,17,18,6409,Wind,340,Saturday,December,Winter
3/12/2020,7,8,8370,Wind,72,Thursday,March,Spring
4/30/2021,3,4,1412,Wind,120,Friday,April,Spring
9/18/2022,9,10,4392,Solar,261,Sunday,September,Fall
10/29/2025,9,10,7423,Wind,302,Wednesday,October,Fall
4/16/2023,23,0,3665,Wind,106,Sunday,April,Spring
5/9/2024,23,0,5021,Wind,130,Thursday,May,Spring
9/30/2020,18,19,3257,Wind,274,Wednesday,September,Fall
4/29/2022,17,18,5493,Solar,119,Friday,April,Spring
11/10/2023,9,10,15079,Wind,314,Friday,November,Fall
8/18/2025,0,1,7156,Wind,230,Monday,August,Summer
5/12/2020,7,8,4993,Wind,133,Tuesday,May,Spring
9/3/2022,1,2,1685,Wind,246,Saturday,September,Fall
8/9/2021,18,19,5509,Wind,221,Monday,August,Summer
3/13/2020,13,14,7874,Wind,73,Friday,March,Spring
5/12/2022,18,19,3488,Wind,132,Thursday,May,Spring
8/8/2024,14,15,9623,Solar,221,Thursday,August,Summer
10/30/2025,15,16,8417,Wind,303,Thursday,October,Fall
9/15/2021,23,0,1024,Wind,258,Wednesday,September,Fall
4/12/2024,14,15,4676,Solar,103,Friday,April,Spring
6/9/2020,8,9,3222,Wind,161,Tuesday,June,Summer
11/12/2021,18,19,4225,Wind,316,Friday,November,Fall
3/1/2025,4,5,6922,Wind,60,Saturday,March,Spring
5/21/2022,18,19,2628,Solar,141,Saturday,May,Spring
8/28/2025,1,2,2454,Wind,240,Thursday,August,Summer
7/27/2025,5,6,1786,Wind,208,Sunday,July,Summer
7/20/2021,16,17,5834,Solar,201,Tuesday,July,Summer
6/28/2022,6,7,1388,Wind,179,Tuesday,June,Summer
9/21/2025,4,5,5062,Wind,264,Sunday,September,Fall
11/3/2024,2,3,3552,Wind,308,Sunday,November,Fall
11/19/2024,9,10,18956,Wind,324,Tuesday,November,Fall
10/22/2024,1,2,3568,Wind,296,Tuesday,October,Fall
4/22/2020,18,19,2865,Wind,113,Wednesday,April,Spring
10/13/2023,10,11,15112,Wind,286,Friday,October,Fall
10/12/2023,12,13,8411,Solar,285,Thursday,October,Fall
5/5/2022,14,15,6026,Solar,125,Thursday,May,Spring
12/22/2020,16,17,6752,Wind,357,Tuesday,December,Winter
7/7/2024,10,11,5126,Solar,189,Sunday,July,Summer
4/28/2022,22,23,5002,Wind,118,Thursday,April,Spring
3/19/2022,21,22,9680,Wind,78,Saturday,March,Spring
2/5/2025,19,20,3259,Wind,36,Wednesday,February,Winter
3/30/2020,16,17,12305,Wind,90,Monday,March,Spring
10/6/2024,20,21,8224,Wind,280,Sunday,October,Fall
7/18/2025,23,0,3802,Wind,199,Friday,July,Summer
6/22/2021,13,14,7084,Wind,173,Tuesday,June,Summer
3/9/2025,20,21,2682,Wind,68,Sunday,March,Spring
7/6/2020,3,4,5654,Wind,188,Monday,July,Summer
1/21/2023,0,1,5918,Wind,21,Saturday,January,Winter
10/20/2025,3,4,11753,Wind,293,Monday,October,Fall
5/9/2021,14,15,11238,Wind,129,Sunday,May,Spring
9/10/2023,21,22,2358,Wind,253,Sunday,September,Fall
8/4/2024,6,7,1962,Wind,217,Sunday,August,Summer
2/20/2023,8,9,3465,Wind,51,Monday,February,Winter
10/6/2025,9,10,4871,Solar,279,Monday,October,Fall
10/31/2020,0,1,1716,Wind,305,Saturday,October,Fall
6/2/2022,3,4,4245,Wind,153,Thursday,June,Summer
7/1/2021,20,21,1001,Wind,182,Thursday,July,Summer
10/5/2024,11,12,8795,Solar,279,Saturday,October,Fall
8/21/2023,12,13,6981,Solar,233,Monday,August,Summer
10/31/2023,15,16,10888,Wind,304,Tuesday,October,Fall
12/24/2020,17,18,9299,Wind,359,Thursday,December,Winter
10/29/2024,0,1,2034,Wind,303,Tuesday,October,Fall
1/20/2020,6,7,5969,Wind,20,Monday,January,Winter
7/27/2022,2,3,2863,Wind,208,Wednesday,July,Summer
9/23/2023,22,23,1134,Wind,266,Saturday,September,Fall
5/17/2023,21,22,7154,Wind,137,Wednesday,May,Spring
5/15/2021,13,14,10329,Wind,135,Saturday,May,Spring
10/24/2021,0,1,3903,Wind,297,Sunday,October,Fall
5/23/2025,7,8,3940,Wind,143,Friday,May,Spring
7/31/2023,17,18,16164,Wind,212,Monday,July,Summer
10/11/2023,7,8,2966,Wind,284,Wednesday,October,Fall
5/1/2022,18,19,3553,Solar,121,Sunday,May,Spring
7/10/2025,7,8,2663,Wind,191,Thursday,July,Summer
1/5/2024,5,6,10179,Wind,5,Friday,January,Winter
9/8/2020,0,1,1596,Wind,252,Tuesday,September,Fall
3/23/2023,20,21,13963,Wind,82,Thursday,March,Spring
4/1/2023,2,3,16591,Wind,91,Saturday,April,Spring
2/18/2025,15,16,9155,Wind,49,Tuesday,February,Winter
10/14/2020,12,13,5761,Wind,288,Wednesday,October,Fall
8/21/2024,0,1,7150,Wind,234,Wednesday,August,Summer
11/13/2025,4,5,11401,Wind,317,Thursday,November,Fall
9/19/2022,15,16,7972,Solar,262,Monday,September,Fall
7/26/2023,22,23,2678,Wind,207,Wednesday,July,Summer
1/14/2021,7,8,7248,Wind,14,Thursday,January,Winter
12/1/2020,2,3,7535,Wind,336,Tuesday,December,Winter
2/27/2024,6,7,11867,Wind,58,Tuesday,February,Winter
1/13/2020,5,6,2719,Wind,13,Monday,January,Winter
1/7/2022,0,1,9092,Wind,7,Friday,January,Winter
10/3/2022,15,16,5116,Solar,276,Monday,October,Fall
11/15/2022,0,1,6758,Wind,319,Tuesday,November,Fall
9/1/2022,5,6,2865,Wind,244,Thursday,September,Fall
7/27/2021,2,3,1685,Wind,208,Tuesday,July,Summer
7/11/2021,13,14,5042,Solar,192,Sunday,July,Summer
3/29/2022,10,11,3254,Solar,88,Tuesday,March,Spring
4/3/2024,13,14,18128,Wind,94,Wednesday,April,Spring
4/19/2023,7,8,6823,Wind,109,Wednesday,April,Spring
10/25/2021,3,4,2690,Wind,298,Monday,October,Fall
6/18/2023,20,21,4451,Wind,169,Sunday,June,Summer
2/14/2023,21,22,4662,Wind,45,Tuesday,February,Winter
3/23/2025,22,23,1259,Wind,82,Sunday,March,Spring
6/27/2025,17,18,9125,Solar,178,Friday,June,Summer
8/28/2022,12,13,8898,Solar,240,Sunday,August,Summer
7/11/2023,5,6,1999,Wind,192,Tuesday,July,Summer
9/9/2020,8,9,1078,Wind,253,Wednesday,September,Fall
6/28/2024,18,19,4290,Solar,180,Friday,June,Summer
7/29/2020,9,10,2120,Solar,211,Wednesday,July,Summer
7/9/2023,16,17,6674,Solar,190,Sunday,July,Summer
3/16/2024,18,19,1211,Wind,76,Saturday,March,Spring
5/14/2023,10,11,6013,Solar,134,Sunday,May,Spring
6/13/2025,2,3,1801,Wind,164,Friday,June,Summer
11/9/2022,5,6,8441,Wind,313,Wednesday,November,Fall
4/6/2022,6,7,5141,Wind,96,Wednesday,April,Spring
8/8/2025,15,16,4706,Solar,220,Friday,August,Summer
10/4/2025,7,8,17338,Wind,277,Saturday,October,Fall
10/25/2020,2,3,10696,Wind,299,Sunday,October,Fall
7/18/2021,8,9,4398,Wind,199,Sunday,July,Summer
8/13/2021,18,19,2862,Solar,225,Friday,August,Summer
11/4/2023,22,23,14865,Wind,308,Saturday,November,Fall
10/27/2020,20,21,10606,Wind,301,Tuesday,October,Fall
3/5/2023,21,22,1000,Wind,64,Sunday,March,Spring
11/14/2022,0,1,3434,Wind,318,Monday,November,Fall
9/10/2020,22,23,2229,Wind,254,Thursday,September,Fall
4/20/2024,15,16,8412,Wind,111,Saturday,April,Spring
2/15/2021,11,12,12188,Wind,46,Monday,February,Winter
4/24/2024,11,12,9813,Wind,115,Wednesday,April,Spring
3/14/2023,9,10,17911,Wind,73,Tuesday,March,Spring
2/8/2022,16,17,4263,Wind,39,Tuesday,February,Winter
1/8/2025,15,16,12406,Wind,8,Wednesday,January,Winter
12/4/2023,2,3,13067,Wind,338,Monday,December,Winter
6/29/2025,21,22,2788,Wind,180,Sunday,June,Summer
11/21/2025,0,1,4327,Wind,325,Friday,November,Fall
7/18/2021,11,12,7976,Solar,199,Sunday,July,Summer
12/18/2024,5,6,13902,Wind,353,Wednesday,December,Winter
12/28/2024,11,12,4030,Solar,363,Saturday,December,Winter
8/4/2020,13,14,5530,Solar,217,Tuesday,August,Summer
9/21/2024,11,12,7327,Solar,265,Saturday,September,Fall
3/25/2020,2,3,6439,Wind,85,Wednesday,March,Spring
5/9/2021,17,18,11507,Wind,129,Sunday,May,Spring
7/30/2023,17,18,12058,Wind,211,Sunday,July,Summer
7/4/2022,13,14,5745,Solar,185,Monday,July,Summer
7/5/2021,9,10,4747,Wind,186,Monday,July,Summer
2/13/2023,13,14,6722,Solar,44,Monday,February,Winter
9/27/2020,5,6,11489,Wind,271,Sunday,September,Fall
8/26/2025,22,23,2770,Wind,238,Tuesday,August,Summer
1/28/2025,19,20,19186,Wind,28,Tuesday,January,Winter
9/5/2023,20,21,1711,Wind,248,Tuesday,September,Fall
6/6/2020,19,20,7194,Wind,158,Saturday,June,Summer
9/21/2023,0,1,11271,Wind,264,Thursday,September,Fall
1/6/2021,4,5,1309,Wind,6,Wednesday,January,Winter
6/21/2021,17,18,4642,Solar,172,Monday,June,Summer
4/30/2020,1,2,6717,Wind,121,Thursday,April,Spring
12/5/2024,6,7,11663,Wind,340,Thursday,December,Winter
8/11/2022,6,7,4434,Wind,223,Thursday,August,Summer
4/3/2023,17,18,10376,Wind,93,Monday,April,Spring
10/9/2024,2,3,11147,Wind,283,Wednesday,October,Fall
11/5/2021,14,15,3837,Solar,309,Friday,November,Fall
2/19/2020,15,16,7030,Wind,50,Wednesday,February,Winter
3/21/2024,15,16,6064,Solar,81,Thursday,March,Spring
5/4/2021,3,4,13060,Wind,124,Tuesday,May,Spring
7/20/2020,2,3,2745,Wind,202,Monday,July,Summer
4/21/2020,12,13,5274,Wind,112,Tuesday,April,Spring
9/28/2021,22,23,5083,Wind,271,Tuesday,September,Fall
11/16/2023,8,9,8890,Wind,320,Thursday,November,Fall
11/16/2023,10,11,10601,Wind,320,Thursday,November,Fall
9/5/2021,12,13,4826,Solar,248,Sunday,September,Fall
10/30/2024,10,11,4815,Solar,304,Wednesday,October,Fall
10/14/2021,7,8,1998,Wind,287,Thursday,October,Fall
11/27/2024,11,12,18995,Wind,332,Wednesday,November,Fall
7/19/2022,14,15,11456,Solar,200,Tuesday,July,Summer
3/18/2020,7,8,920,Wind,78,Wednesday,March,Spring
8/2/2020,20,21,3476,Wind,215,Sunday,August,Summer
10/8/2023,22,23,914,Wind,281,Sunday,October,Fall
1/18/2021,0,1,2046,Wind,18,Monday,January,Winter
5/1/2023,5,6,2281,Wind,121,Monday,May,Spring
3/27/2023,13,14,7984,Solar,86,Monday,March,Spring
9/12/2024,17,18,9890,Wind,256,Thursday,September,Fall
6/27/2021,11,12,2797,Solar,178,Sunday,June,Summer
4/29/2023,10,11,3294,Solar,119,Saturday,April,Spring
2/14/2020,20,21,5101,Wind,45,Friday,February,Winter
5/28/2020,20,21,4584,Wind,149,Thursday,May,Spring
10/23/2020,21,22,5272,Wind,297,Friday,October,Fall
2/9/2021,11,12,3261,Wind,40,Tuesday,February,Winter
5/18/2020,17,18,4683,Solar,139,Monday,May,Spring
2/16/2020,5,6,11933,Wind,47,Sunday,February,Winter
1/17/2021,5,6,5132,Wind,17,Sunday,January,Winter
8/22/2020,15,16,11377,Wind,235,Saturday,August,Summer
12/2/2023,15,16,3287,Wind,336,Saturday,December,Winter
11/19/2024,6,7,17507,Wind,324,Tuesday,November,Fall
1/20/2022,23,0,5476,Wind,20,Thursday,January,Winter
8/12/2021,4,5,537,Wind,224,Thursday,August,Summer
4/12/2022,23,0,2391,Wind,102,Tuesday,April,Spring
9/20/2024,1,2,6934,Wind,264,Friday,September,Fall
7/24/2020,6,7,1623,Wind,206,Friday,July,Summer
7/31/2023,8,9,10483,Wind,212,Monday,July,Summer
5/7/2021,15,16,5300,Solar,127,Friday,May,Spring
6/19/2022,15,16,12780,Wind,170,Sunday,June,Summer
4/26/2020,21,22,507,Wind,117,Sunday,April,Spring
5/2/2023,9,10,5328,Solar,122,Tuesday,May,Spring
11/6/2021,10,11,4862,Solar,310,Saturday,November,Fall
1/11/2022,9,10,3441,Wind,11,Tuesday,January,Winter
5/26/2023,12,13,12036,Solar,146,Friday,May,Spring
9/22/2024,9,10,3944,Wind,266,Sunday,September,Fall
9/4/2023,9,10,7654,Wind,247,Monday,September,Fall
5/3/2022,0,1,5334,Wind,123,Tuesday,May,Spring
6/15/2025,12,13,3841,Solar,166,Sunday,June,Summer
12/18/2021,6,7,6087,Wind,352,Saturday,December,Winter
8/2/2021,11,12,4320,Solar,214,Monday,August,Summer
8/16/2025,6,7,7143,Wind,228,Saturday,August,Summer
6/29/2025,14,15,4565,Solar,180,Sunday,June,Summer
2/21/2022,7,8,14866,Wind,52,Monday,February,Winter
6/7/2025,21,22,11062,Wind,158,Saturday,June,Summer
4/20/2025,15,16,4558,Wind,110,Sunday,April,Spring
7/23/2023,2,3,9075,Wind,204,Sunday,July,Summer
2/21/2025,15,16,15714,Wind,52,Friday,February,Winter
10/19/2022,19,20,7944,Wind,292,Wednesday,October,Fall
1/27/2024,0,1,1873,Wind,27,Saturday,January,Winter
2/11/2021,8,9,6113,Wind,42,Thursday,February,Winter
2/13/2023,21,22,2677,Wind,44,Monday,February,Winter
12/6/2024,8,9,13192,Wind,341,Friday,December,Winter
1/29/2023,5,6,1135,Wind,29,Sunday,January,Winter
4/22/2023,5,6,4828,Wind,112,Saturday,April,Spring
2/14/2025,16,17,7129,Wind,45,Friday,February,Winter
10/24/2021,23,0,3283,Wind,297,Sunday,October,Fall
9/29/2025,8,9,2578,Wind,272,Monday,September,Fall
1/20/2020,10,11,6095,Wind,20,Monday,January,Winter
1/26/2022,13,14,3768,Solar,26,Wednesday,January,Winter
4/6/2020,0,1,7724,Wind,97,Monday,April,Spring
1/31/2020,3,4,7998,Wind,31,Friday,January,Winter
8/31/2022,5,6,2234,Wind,243,Wednesday,August,Summer
4/1/2023,1,2,16915,Wind,91,Saturday,April,Spring
11/1/2022,15,16,13662,Wind,305,Tuesday,November,Fall
7/30/2024,22,23,2503,Wind,212,Tuesday,July,Summer
4/8/2025,19,20,2749,Wind,98,Tuesday,April,Spring
9/10/2024,20,21,11651,Wind,254,Tuesday,September,Fall
10/31/2020,9,10,8194,Wind,305,Saturday,October,Fall
5/7/2024,9,10,5090,Solar,128,Tuesday,May,Spring
4/19/2021,0,1,1780,Wind,109,Monday,April,Spring
3/12/2023,18,19,9795,Wind,71,Sunday,March,Spring
11/19/2023,9,10,13588,Wind,323,Sunday,November,Fall
2/14/2023,14,15,6281,Solar,45,Tuesday,February,Winter
10/8/2020,23,0,3679,Wind,282,Thursday,October,Fall
12/4/2024,18,19,3938,Wind,339,Wednesday,December,Winter
8/2/2022,5,6,1216,Wind,214,Tuesday,August,Summer
9/5/2021,2,3,570,Wind,248,Sunday,September,Fall
1/3/2024,20,21,17729,Wind,3,Wednesday,January,Winter
6/2/2023,11,12,10821,Solar,153,Friday,June,Summer
12/5/2024,14,15,16998,Wind,340,Thursday,December,Winter
5/29/2022,2,3,6015,Wind,149,Sunday,May,Spring
8/3/2023,17,18,9503,Wind,215,Thursday,August,Summer
8/31/2020,11,12,4591,Solar,244,Monday,August,Summer
1/27/2021,13,14,5439,Wind,27,Wednesday,January,Winter
8/1/2020,8,9,2389,Wind,214,Saturday,August,Summer
7/13/2021,5,6,2739,Wind,194,Tuesday,July,Summer
12/5/2021,4,5,7154,Wind,339,Sunday,December,Winter
11/4/2022,20,21,6038,Wind,308,Friday,November,Fall
10/10/2022,11,12,4346,Solar,283,Monday,October,Fall
12/8/2023,6,7,4441,Wind,342,Friday,December,Winter
11/19/2023,23,0,12031,Wind,323,Sunday,November,Fall
2/19/2024,22,23,4808,Wind,50,Monday,February,Winter
3/11/2024,18,19,6774,Wind,71,Monday,March,Spring
12/2/2022,21,22,6439,Wind,336,Friday,December,Winter
9/15/2024,13,14,6509,Solar,259,Sunday,September,Fall
5/13/2025,12,13,4040,Solar,133,Tuesday,May,Spring
8/16/2024,3,4,3495,Wind,229,Friday,August,Summer
7/4/2022,18,19,4726,Solar,185,Monday,July,Summer
12/17/2021,22,23,7175,Wind,351,Friday,December,Winter
5/3/2022,17,18,4686,Wind,123,Tuesday,May,Spring
11/1/2022,19,20,11571,Wind,305,Tuesday,November,Fall
10/23/2025,1,2,18781,Wind,296,Thursday,October,Fall
6/2/2020,7,8,1582,Wind,154,Tuesday,June,Summer
7/30/2023,6,7,5034,Wind,211,Sunday,July,Summer
10/18/2024,10,11,3726,Wind,292,Friday,October,Fall
1/24/2021,17,18,7785,Wind,24,Sunday,January,Winter
6/7/2024,18,19,3850,Solar,159,Friday,June,Summer
9/17/2022,6,7,5298,Wind,260,Saturday,September,Fall
8/1/2023,14,15,16261,Wind,213,Tuesday,August,Summer
8/9/2024,2,3,4379,Wind,222,Friday,August,Summer
4/1/2025,0,1,10918,Wind,91,Tuesday,April,Spring
10/12/2020,8,9,1885,Wind,286,Monday,October,Fall
12/29/2021,17,18,13972,Wind,363,Wednesday,December,Winter
9/20/2025,13,14,14676,Wind,263,Saturday,September,Fall
1/20/2023,11,12,5568,Wind,20,Friday,January,Winter
10/16/2025,3,4,4675,Wind,289,Thursday,October,Fall
10/24/2024,9,10,6471,Wind,298,Thursday,October,Fall
11/19/2021,20,21,1780,Wind,323,Friday,November,Fall
12/16/2021,12,13,5603,Wind,350,Thursday,December,Winter
5/8/2022,7,8,3729,Wind,128,Sunday,May,Spring
11/18/2024,8,9,8868,Wind,323,Monday,November,Fall
7/22/2024,3,4,3600,Wind,204,Monday,July,Summer
11/10/2021,9,10,1404,Solar,314,Wednesday,November,Fall
4/30/2021,21,22,1194,Wind,120,Friday,April,Spring
11/15/2024,23,0,1734,Wind,320,Friday,November,Fall
6/4/2021,5,6,1719,Wind,155,Friday,June,Summer
3/16/2020,22,23,1639,Wind,76,Monday,March,Spring
1/20/2022,20,21,5362,Wind,20,Thursday,January,Winter
3/12/2022,7,8,6226,Wind,71,Saturday,March,Spring
10/29/2025,18,19,8314,Wind,302,Wednesday,October,Fall
9/26/2021,5,6,2237,Wind,269,Sunday,September,Fall
7/8/2022,15,16,9095,Solar,189,Friday,July,Summer
12/4/2021,0,1,9482,Wind,338,Saturday,December,Winter
10/13/2023,23,0,14400,Wind,286,Friday,October,Fall
11/18/2023,22,23,12095,Wind,322,Saturday,November,Fall
11/7/2023,6,7,6851,Wind,311,Tuesday,November,Fall
9/2/2022,19,20,1443,Wind,245,Friday,September,Fall
2/23/2024,9,10,15039,Wind,54,Friday,February,Winter
9/5/2020,4,5,2634,Wind,249,Saturday,September,Fall
11/1/2025,6,7,14454,Wind,305,Saturday,November,Fall
11/18/2025,19,20,7882,Wind,322,Tuesday,November,Fall
5/27/2021,17,18,3912,Solar,147,Thursday,May,Spring
2/11/2021,15,16,8683,Wind,42,Thursday,February,Winter
8/31/2022,20,21,2951,Wind,243,Wednesday,August,Summer
6/21/2023,15,16,4753,Solar,172,Wednesday,June,Summer
8/30/2022,22,23,3271,Wind,242,Tuesday,August,Summer
10/11/2021,20,21,3153,Wind,284,Monday,October,Fall
10/7/2023,23,0,3526,Wind,280,Saturday,October,Fall
8/27/2020,23,0,7497,Wind,240,Thursday,August,Summer
7/22/2021,9,10,2992,Solar,203,Thursday,July,Summer
8/1/2024,1,2,1611,Wind,214,Thursday,August,Summer
6/1/2021,21,22,3763,Wind,152,Tuesday,June,Summer
9/21/2021,14,15,5163,Solar,264,Tuesday,September,Fall
9/9/2024,5,6,8521,Wind,253,Monday,September,Fall
1/31/2025,12,13,8937,Wind,31,Friday,January,Winter
6/3/2025,6,7,2426,Wind,154,Tuesday,June,Summer
6/25/2021,12,13,5768,Solar,176,Friday,June,Summer
6/18/2022,7,8,2323,Wind,169,Saturday,June,Summer
2/26/2023,18,19,15728,Wind,57,Sunday,February,Winter
3/11/2022,21,22,10519,Wind,70,Friday,March,Spring
6/1/2022,17,18,5214,Solar,152,Wednesday,June,Summer
6/19/2022,7,8,6948,Wind,170,Sunday,June,Summer
9/8/2022,10,11,8695,Wind,251,Thursday,September,Fall
8/2/2022,1,2,1310,Wind,214,Tuesday,August,Summer
11/26/2024,1,2,6445,Wind,331,Tuesday,November,Fall
12/13/2023,6,7,7828,Wind,347,Wednesday,December,Winter
7/12/2025,20,21,3909,Wind,193,Saturday,July,Summer
10/16/2022,18,19,4704,Wind,289,Sunday,October,Fall
4/12/2020,21,22,2322,Wind,103,Sunday,April,Spring
12/25/2023,16,17,12230,Wind,359,Monday,December,Winter
6/18/2021,17,18,9367,Wind,169,Friday,June,Summer
10/18/2023,1,2,10499,Wind,291,Wednesday,October,Fall
1/12/2022,11,12,4584,Solar,12,Wednesday,January,Winter
4/29/2023,22,23,2714,Wind,119,Saturday,April,Spring
9/21/2021,23,0,3306,Wind,264,Tuesday,September,Fall
8/8/2023,12,13,9733,Solar,220,Tuesday,August,Summer
8/1/2021,4,5,2348,Wind,213,Sunday,August,Summer
2/10/2020,21,22,12959,Wind,41,Monday,February,Winter
10/31/2020,4,5,3069,Wind,305,Saturday,October,Fall
12/31/2024,17,18,9036,Wind,366,Tuesday,December,Winter
10/28/2023,4,5,11930,Wind,301,Saturday,October,Fall
7/19/2025,1,2,4635,Wind,200,Saturday,July,Summer
9/15/2023,19,20,2659,Wind,258,Friday,September,Fall
7/12/2021,7,8,2324,Wind,193,Monday,July,Summer
11/28/2020,13,14,3710,Wind,333,Saturday,November,Fall
1/10/2023,14,15,15777,Wind,10,Tuesday,January,Winter
12/13/2021,1,2,1678,Wind,347,Monday,December,Winter
12/23/2021,13,14,8130,Wind,357,Thursday,December,Winter
12/13/2024,9,10,2960,Wind,348,Friday,December,Winter
4/19/2022,3,4,2818,Wind,109,Tuesday,April,Spring
8/30/2023,23,0,3483,Wind,242,Wednesday,August,Summer
3/14/2023,22,23,5023,Wind,73,Tuesday,March,Spring
5/6/2022,18,19,4837,Wind,126,Friday,May,Spring
3/23/2025,8,9,5996,Wind,82,Sunday,March,Spring
1/16/2022,3,4,1801,Wind,16,Sunday,January,Winter
8/26/2023,0,1,2861,Wind,238,Saturday,August,Summer
4/17/2025,3,4,2565,Wind,107,Thursday,April,Spring
4/10/2025,10,11,10273,Solar,100,Thursday,April,Spring
8/23/2021,21,22,5030,Wind,235,Monday,August,Summer
11/21/2023,15,16,7176,Wind,325,Tuesday,November,Fall
8/18/2024,19,20,5352,Wind,231,Sunday,August,Summer
11/4/2024,3,4,2776,Wind,309,Monday,November,Fall
8/7/2021,2,3,3294,Wind,219,Saturday,August,Summer
11/27/2022,15,16,6839,Wind,331,Sunday,November,Fall
3/27/2021,2,3,9516,Wind,86,Saturday,March,Spring
3/12/2022,22,23,9748,Wind,71,Saturday,March,Spring
10/17/2025,5,6,5096,Wind,290,Friday,October,Fall
4/10/2025,17,18,10743,Solar,100,Thursday,April,Spring
8/21/2022,0,1,791,Wind,233,Sunday,August,Summer
2/11/2021,6,7,5196,Wind,42,Thursday,February,Winter
3/31/2021,23,0,1435,Wind,90,Wednesday,March,Spring
6/19/2020,6,7,1906,Wind,171,Friday,June,Summer
2/26/2020,13,14,13169,Wind,57,Wednesday,February,Winter
10/21/2023,11,12,20374,Wind,294,Saturday,October,Fall
11/7/2023,8,9,8207,Wind,311,Tuesday,November,Fall
7/29/2025,0,1,3104,Wind,210,Tuesday,July,Summer
2/19/2020,10,11,7379,Wind,50,Wednesday,February,Winter
4/3/2023,13,14,11458,Wind,93,Monday,April,Spring
2/25/2021,19,20,1854,Wind,56,Thursday,February,Winter
2/25/2021,2,3,5371,Wind,56,Thursday,February,Winter
9/28/2024,11,12,8533,Solar,272,Saturday,September,Fall
2/22/2023,14,15,3581,Wind,53,Wednesday,February,Winter
3/5/2025,11,12,9526,Solar,64,Wednesday,March,Spring
9/11/2023,1,2,2249,Wind,254,Monday,September,Fall
12/6/2020,20,21,1761,Wind,341,Sunday,December,Winter
10/3/2025,14,15,11497,Wind,276,Friday,October,Fall
11/28/2022,4,5,4489,Wind,332,Monday,November,Fall
5/3/2020,22,23,705,Wind,124,Sunday,May,Spring
2/19/2021,13,14,8744,Wind,50,Friday,February,Winter
1/16/2020,16,17,9123,Wind,16,Thursday,January,Winter
11/18/2021,13,14,3746,Solar,322,Thursday,November,Fall
12/13/2022,6,7,6219,Wind,347,Tuesday,December,Winter
5/26/2021,12,13,10892,Wind,146,Wednesday,May,Spring
5/28/2020,22,23,6074,Wind,149,Thursday,May,Spring
5/16/2022,22,23,599,Wind,136,Monday,May,Spring
2/8/2021,10,11,2084,Wind,39,Monday,February,Winter
8/25/2022,12,13,6443,Solar,237,Thursday,August,Summer
3/12/2024,0,1,5402,Wind,72,Tuesday,March,Spring
3/8/2022,21,22,5703,Wind,67,Tuesday,March,Spring
4/6/2025,22,23,10147,Wind,96,Sunday,April,Spring
12/1/2023,21,22,5091,Wind,335,Friday,December,Winter
2/1/2024,13,14,3991,Wind,32,Thursday,February,Winter
3/19/2021,5,6,5515,Wind,78,Friday,March,Spring
11/22/2020,2,3,2036,Wind,327,Sunday,November,Fall
1/29/2023,6,7,1089,Wind,29,Sunday,January,Winter
2/3/2020,23,0,10296,Wind,34,Monday,February,Winter
8/22/2025,22,23,3100,Wind,234,Friday,August,Summer
12/30/2023,21,22,14946,Wind,364,Saturday,December,Winter
6/14/2020,6,7,2981,Wind,166,Sunday,June,Summer
5/20/2025,11,12,7909,Solar,140,Tuesday,May,Spring
5/27/2021,19,20,1951,Solar,147,Thursday,May,Spring
11/28/2024,12,13,5112,Solar,333,Thursday,November,Fall
6/12/2025,20,21,2592,Wind,163,Thursday,June,Summer
12/2/2021,4,5,6595,Wind,336,Thursday,December,Winter
4/6/2023,1,2,1240,Wind,96,Thursday,April,Spring
8/29/2022,21,22,5149,Wind,241,Monday,August,Summer
4/22/2024,2,3,7693,Wind,113,Monday,April,Spring
4/7/2022,21,22,13300,Wind,97,Thursday,April,Spring
8/17/2020,8,9,2329,Wind,230,Monday,August,Summer
4/8/2020,0,1,3294,Wind,99,Wednesday,April,Spring
6/27/2022,2,3,1132,Wind,178,Monday,June,Summer
11/8/2022,13,14,13921,Wind,312,Tuesday,November,Fall
7/27/2024,1,2,418,Wind,209,Saturday,July,Summer
8/5/2025,16,17,7613,Wind,217,Tuesday,August,Summer
5/1/2020,10,11,8012,Wind,122,Friday,May,Spring
6/22/2022,5,6,3322,Wind,173,Wednesday,June,Summer
1/10/2020,0,1,9719,Wind,10,Friday,January,Winter
2/26/2024,3,4,9462,Wind,57,Monday,February,Winter
8/3/2023,18,19,7651,Wind,215,Thursday,August,Summer
11/6/2020,0,1,7462,Wind,311,Friday,November,Fall
5/12/2025,18,19,4886,Solar,132,Monday,May,Spring
2/4/2023,6,7,2724,Wind,35,Saturday,February,Winter
9/8/2021,16,17,5846,Wind,251,Wednesday,September,Fall
2/16/2023,19,20,7525,Wind,47,Thursday,February,Winter
5/12/2022,8,9,1922,Solar,132,Thursday,May,Spring
11/12/2025,0,1,13071,Wind,316,Wednesday,November,Fall
7/7/2020,11,12,4694,Solar,189,Tuesday,July,Summer
3/18/2021,13,14,6015,Wind,77,Thursday,March,Spring
8/2/2020,7,8,2829,Wind,215,Sunday,August,Summer
1/28/2020,8,9,12847,Wind,28,Tuesday,January,Winter
10/6/2023,0,1,1366,Wind,279,Friday,October,Fall
6/27/2024,10,11,5860,Solar,179,Thursday,June,Summer
8/30/2024,12,13,8694,Solar,243,Friday,August,Summer
11/22/2025,5,6,4673,Wind,326,Saturday,November,Fall
1/8/2024,13,14,11588,Wind,8,Monday,January,Winter
8/10/2025,12,13,4763,Solar,222,Sunday,August,Summer
4/30/2024,10,11,6800,Wind,121,Tuesday,April,Spring
9/5/2024,12,13,7713,Solar,249,Thursday,September,Fall
6/18/2024,5,6,2850,Wind,170,Tuesday,June,Summer
8/11/2020,22,23,1326,Wind,224,Tuesday,August,Summer
11/18/2024,4,5,9025,Wind,323,Monday,November,Fall
3/3/2025,21,22,4149,Wind,62,Monday,March,Spring
6/16/2020,9,10,2228,Solar,168,Tuesday,June,Summer
11/5/2023,11,12,19077,Wind,309,Sunday,November,Fall
7/10/2020,9,10,4371,Wind,192,Friday,July,Summer
10/29/2023,18,19,12320,Wind,302,Sunday,October,Fall
6/25/2020,1,2,3877,Wind,177,Thursday,June,Summer
11/27/2023,2,3,7464,Wind,331,Monday,November,Fall
9/10/2023,22,23,2837,Wind,253,Sunday,September,Fall
3/25/2024,22,23,8875,Wind,85,Monday,March,Spring
11/11/2021,2,3,1151,Wind,315,Thursday,November,Fall
9/21/2020,10,11,1691,Solar,265,Monday,September,Fall
1/17/2021,21,22,2503,Wind,17,Sunday,January,Winter
6/16/2024,20,21,3886,Wind,168,Sunday,June,Summer
5/25/2020,5,6,2382,Wind,146,Monday,May,Spring
9/30/2025,6,7,1558,Wind,273,Tuesday,September,Fall
2/19/2025,6,7,8798,Wind,50,Wednesday,February,Winter
11/18/2022,22,23,3150,Wind,322,Friday,November,Fall
1/4/2021,10,11,2038,Wind,4,Monday,January,Winter
6/4/2022,13,14,5744,Solar,155,Saturday,June,Summer
12/14/2021,10,11,2182,Solar,348,Tuesday,December,Winter
6/14/2025,2,3,5142,Wind,165,Saturday,June,Summer
7/11/2024,8,9,2417,Solar,193,Thursday,July,Summer
3/31/2025,13,14,12362,Solar,90,Monday,March,Spring
1/6/2025,6,7,18722,Wind,6,Monday,January,Winter
12/16/2021,8,9,2732,Wind,350,Thursday,December,Winter
6/12/2021,22,23,2432,Wind,163,Saturday,June,Summer
7/9/2020,17,18,6646,Wind,191,Thursday,July,Summer
2/18/2022,18,19,13238,Wind,49,Friday,February,Winter
2/13/2021,14,15,9991,Wind,44,Saturday,February,Winter
12/16/2021,7,8,2497,Wind,350,Thursday,December,Winter
12/15/2024,8,9,6048,Wind,350,Sunday,December,Winter
7/10/2021,10,11,3276,Solar,191,Saturday,July,Summer
11/29/2025,18,19,10196,Wind,333,Saturday,November,Fall
2/10/2021,21,22,4420,Wind,41,Wednesday,February,Winter
7/29/2024,12,13,10129,Solar,211,Monday,July,Summer
1/20/2023,9,10,3401,Wind,20,Friday,January,Winter
9/10/2022,16,17,7701,Solar,253,Saturday,September,Fall
12/23/2022,16,17,15011,Wind,357,Friday,December,Winter
12/9/2023,4,5,9880,Wind,343,Saturday,December,Winter
3/19/2023,16,17,6813,Wind,78,Sunday,March,Spring
11/30/2020,4,5,1329,Wind,335,Monday,November,Fall
5/24/2021,4,5,8666,Wind,144,Monday,May,Spring
1/27/2022,9,10,5055,Wind,27,Thursday,January,Winter
10/19/2022,0,1,5532,Wind,292,Wednesday,October,Fall
1/17/2023,19,20,4973,Wind,17,Tuesday,January,Winter
10/13/2025,18,19,7387,Wind,286,Monday,October,Fall
5/1/2025,12,13,5191,Solar,121,Thursday,May,Spring
7/2/2020,21,22,3656,Wind,184,Thursday,July,Summer
5/14/2022,11,12,5901,Solar,134,Saturday,May,Spring
9/4/2024,1,2,1022,Wind,248,Wednesday,September,Fall
5/16/2021,3,4,4872,Wind,136,Sunday,May,Spring
2/24/2022,9,10,9070,Wind,55,Thursday,February,Winter
11/6/2025,3,4,8939,Wind,310,Thursday,November,Fall
1/28/2023,17,18,3752,Wind,28,Saturday,January,Winter
4/5/2023,1,2,2623,Wind,95,Wednesday,April,Spring
3/8/2024,18,19,9798,Wind,68,Friday,March,Spring
9/9/2022,5,6,8652,Wind,252,Friday,September,Fall
6/23/2025,11,12,7643,Wind,174,Monday,June,Summer
3/4/2024,2,3,3900,Wind,64,Monday,March,Spring
2/21/2025,8,9,13537,Wind,52,Friday,February,Winter
10/31/2023,10,11,9320,Wind,304,Tuesday,October,Fall
8/11/2024,2,3,3520,Wind,224,Sunday,August,Summer
12/12/2023,14,15,11858,Wind,346,Tuesday,December,Winter
1/18/2021,6,7,2493,Wind,18,Monday,January,Winter
8/3/2024,4,5,3502,Wind,216,Saturday,August,Summer
5/17/2025,9,10,6696,Solar,137,Saturday,May,Spring
11/14/2021,18,19,4424,Wind,318,Sunday,November,Fall
6/20/2023,4,5,3307,Wind,171,Tuesday,June,Summer
3/21/2022,7,8,4387,Wind,80,Monday,March,Spring
4/19/2020,13,14,3115,Wind,110,Sunday,April,Spring
7/6/2024,4,5,8305,Wind,188,Saturday,July,Summer
5/14/2023,23,0,4043,Wind,134,Sunday,May,Spring
12/19/2022,2,3,12288,Wind,353,Monday,December,Winter
9/23/2020,14,15,8545,Wind,267,Wednesday,September,Fall
4/20/2024,4,5,6904,Wind,111,Saturday,April,Spring
7/21/2020,21,22,4406,Wind,203,Tuesday,July,Summer
4/25/2020,3,4,1779,Wind,116,Saturday,April,Spring
6/10/2023,4,5,2713,Wind,161,Saturday,June,Summer
2/11/2024,17,18,12006,Wind,42,Sunday,February,Winter
7/6/2022,12,13,7683,Solar,187,Wednesday,July,Summer
2/5/2022,19,20,9947,Wind,36,Saturday,February,Winter
5/28/2020,23,0,6736,Wind,149,Thursday,May,Spring
9/17/2025,2,3,2575,Wind,260,Wednesday,September,Fall
8/8/2025,8,9,3228,Solar,220,Friday,August,Summer
3/9/2020,22,23,8872,Wind,69,Monday,March,Spring
3/11/2024,21,22,6066,Wind,71,Monday,March,Spring
5/14/2025,17,18,7679,Solar,134,Wednesday,May,Spring
2/4/2020,1,2,10533,Wind,35,Tuesday,February,Winter
8/11/2020,18,19,2040,Solar,224,Tuesday,August,Summer
10/13/2023,17,18,15965,Wind,286,Friday,October,Fall
6/16/2022,19,20,1895,Solar,167,Thursday,June,Summer
12/8/2020,8,9,2188,Wind,343,Tuesday,December,Winter
3/29/2021,14,15,5986,Solar,88,Monday,March,Spring
6/15/2025,9,10,3778,Solar,166,Sunday,June,Summer
1/20/2024,12,13,6835,Solar,20,Saturday,January,Winter
2/17/2025,23,0,3993,Wind,48,Monday,February,Winter
12/3/2021,7,8,6171,Wind,337,Friday,December,Winter
5/30/2023,8,9,9640,Wind,150,Tuesday,May,Spring
2/3/2020,15,16,8538,Wind,34,Monday,February,Winter
1/22/2025,12,13,6417,Wind,22,Wednesday,January,Winter
12/27/2021,21,22,12569,Wind,361,Monday,December,Winter
11/8/2020,11,12,3996,Wind,313,Sunday,November,Fall
9/20/2023,21,22,10365,Wind,263,Wednesday,September,Fall
3/11/2024,17,18,8030,Wind,71,Monday,March,Spring
7/16/2024,9,10,11662,Wind,198,Tuesday,July,Summer
3/26/2025,19,20,3745,Wind,85,Wednesday,March,Spring
2/18/2023,1,2,5595,Wind,49,Saturday,February,Winter
7/18/2024,16,17,7212,Solar,200,Thursday,July,Summer
5/8/2020,4,5,2082,Wind,129,Friday,May,Spring
9/18/2023,16,17,14252,Wind,261,Monday,September,Fall
8/10/2023,12,13,7330,Solar,222,Thursday,August,Summer
9/7/2020,19,20,2004,Wind,251,Monday,September,Fall
10/3/2020,16,17,6727,Wind,277,Saturday,October,Fall
5/26/2021,2,3,5529,Wind,146,Wednesday,May,Spring
1/23/2022,4,5,1749,Wind,23,Sunday,January,Winter
6/14/2022,9,10,4214,Solar,165,Tuesday,June,Summer
1/20/2021,9,10,12999,Wind,20,Wednesday,January,Winter
4/1/2025,6,7,10967,Wind,91,Tuesday,April,Spring
2/15/2020,12,13,11448,Wind,46,Saturday,February,Winter
3/24/2022,10,11,5742,Solar,83,Thursday,March,Spring
9/5/2025,1,2,4105,Wind,248,Friday,September,Fall
1/12/2023,12,13,18306,Wind,12,Thursday,January,Winter
11/6/2022,19,20,11005,Wind,310,Sunday,November,Fall
3/8/2022,17,18,3785,Wind,67,Tuesday,March,Spring
12/24/2020,22,23,7846,Wind,359,Thursday,December,Winter
9/10/2020,15,16,2992,Solar,254,Thursday,September,Fall
4/28/2024,1,2,10254,Wind,119,Sunday,April,Spring
5/9/2020,0,1,2676,Wind,130,Saturday,May,Spring
12/3/2020,12,13,9711,Wind,338,Thursday,December,Winter
7/20/2024,0,1,1818,Wind,202,Saturday,July,Summer
8/10/2021,0,1,1225,Wind,222,Tuesday,August,Summer
4/25/2024,14,15,7534,Solar,116,Thursday,April,Spring
10/12/2021,19,20,3353,Wind,285,Tuesday,October,Fall
6/13/2020,11,12,4955,Wind,165,Saturday,June,Summer
7/31/2023,7,8,9176,Wind,212,Monday,July,Summer
2/7/2020,15,16,5046,Wind,38,Friday,February,Winter
4/8/2025,3,4,2900,Wind,98,Tuesday,April,Spring
10/29/2022,16,17,6799,Wind,302,Saturday,October,Fall
3/17/2020,13,14,2613,Solar,77,Tuesday,March,Spring
7/16/2025,19,20,7811,Wind,197,Wednesday,July,Summer
11/9/2025,21,22,5570,Wind,313,Sunday,November,Fall
8/15/2021,18,19,8013,Wind,227,Sunday,August,Summer
8/31/2020,8,9,2550,Wind,244,Monday,August,Summer
2/10/2020,7,8,11091,Wind,41,Monday,February,Winter
3/20/2022,3,4,5262,Wind,79,Sunday,March,Spring
2/16/2022,6,7,14791,Wind,47,Wednesday,February,Winter
10/17/2022,22,23,1822,Wind,290,Monday,October,Fall
3/28/2025,2,3,2114,Wind,87,Friday,March,Spring
6/7/2020,1,2,3654,Wind,159,Sunday,June,Summer
8/17/2020,5,6,1922,Wind,230,Monday,August,Summer
4/22/2025,8,9,2305,Solar,112,Tuesday,April,Spring
9/6/2021,3,4,1319,Wind,249,Monday,September,Fall
9/4/2024,0,1,1181,Wind,248,Wednesday,September,Fall
1/20/2025,20,21,1179,Wind,20,Monday,January,Winter
7/13/2020,13,14,4705,Solar,195,Monday,July,Summer
6/3/2021,15,16,3805,Solar,154,Thursday,June,Summer
4/9/2025,8,9,5564,Wind,99,Wednesday,April,Spring
7/25/2024,15,16,9796,Solar,207,Thursday,July,Summer
9/13/2020,21,22,1634,Wind,257,Sunday,September,Fall
7/18/2024,3,4,2282,Wind,200,Thursday,July,Summer
6/16/2024,11,12,7228,Wind,168,Sunday,June,Summer
1/15/2025,7,8,2998,Wind,15,Wednesday,January,Winter
4/12/2023,10,11,11551,Wind,102,Wednesday,April,Spring
9/30/2023,15,16,6238,Solar,273,Saturday,September,Fall
10/31/2025,12,13,13978,Wind,304,Friday,October,Fall
2/20/2025,15,16,10442,Wind,51,Thursday,February,Winter
12/7/2021,4,5,5875,Wind,341,Tuesday,December,Winter
12/19/2021,2,3,3858,Wind,353,Sunday,December,Winter
9/11/2021,6,7,1304,Wind,254,Saturday,September,Fall
7/13/2022,3,4,1284,Wind,194,Wednesday,July,Summer
7/26/2025,1,2,2898,Wind,207,Saturday,July,Summer
5/6/2025,13,14,15086,Wind,126,Tuesday,May,Spring
12/20/2022,7,8,13290,Wind,354,Tuesday,December,Winter
8/28/2020,23,0,2992,Wind,241,Friday,August,Summer
1/20/2023,7,8,2459,Wind,20,Friday,January,Winter
2/19/2024,20,21,5970,Wind,50,Monday,February,Winter
6/26/2021,13,14,4853,Solar,177,Saturday,June,Summer
5/29/2024,15,16,11061,Wind,150,Wednesday,May,Spring
6/13/2021,2,3,3335,Wind,164,Sunday,June,Summer
8/26/2024,2,3,2474,Wind,239,Monday,August,Summer
6/10/2021,20,21,1433,Wind,161,Thursday,June,Summer
9/12/2020,21,22,1498,Wind,256,Saturday,September,Fall
2/14/2022,2,3,13708,Wind,45,Monday,February,Winter
7/14/2022,15,16,9365,Solar,195,Thursday,July,Summer
9/1/2022,2,3,3710,Wind,244,Thursday,September,Fall
7/25/2023,8,9,6136,Wind,206,Tuesday,July,Summer
6/27/2025,15,16,11359,Solar,178,Friday,June,Summer
5/26/2024,3,4,4941,Wind,147,Sunday,May,Spring
4/4/2022,0,1,1493,Wind,94,Monday,April,Spring
10/24/2021,3,4,4122,Wind,297,Sunday,October,Fall
11/11/2021,21,22,870,Wind,315,Thursday,November,Fall
12/15/2020,3,4,4872,Wind,350,Tuesday,December,Winter
1/8/2022,17,18,15073,Wind,8,Saturday,January,Winter
7/23/2020,22,23,1571,Wind,205,Thursday,July,Summer
7/18/2020,22,23,1461,Wind,200,Saturday,July,Summer
12/12/2021,16,17,2570,Wind,346,Sunday,December,Winter
4/5/2022,9,10,6905,Wind,95,Tuesday,April,Spring
7/17/2023,5,6,2324,Wind,198,Monday,July,Summer
4/20/2020,7,8,5618,Wind,111,Monday,April,Spring
1/18/2021,7,8,2566,Wind,18,Monday,January,Winter
8/24/2021,18,19,11067,Wind,236,Tuesday,August,Summer
1/28/2021,8,9,13948,Wind,28,Thursday,January,Winter
2/27/2020,21,22,7033,Wind,58,Thursday,February,Winter
5/4/2025,15,16,7299,Wind,124,Sunday,May,Spring
9/1/2020,9,10,2103,Solar,245,Tuesday,September,Fall
11/11/2024,7,8,3528,Wind,316,Monday,November,Fall
10/24/2021,11,12,6109,Solar,297,Sunday,October,Fall
11/11/2022,5,6,3169,Wind,315,Friday,November,Fall
1/8/2020,1,2,5852,Wind,8,Wednesday,January,Winter
1/13/2021,4,5,3236,Wind,13,Wednesday,January,Winter
8/10/2021,14,15,5787,Solar,222,Tuesday,August,Summer
4/2/2025,2,3,15114,Wind,92,Wednesday,April,Spring
3/1/2021,17,18,3239,Wind,60,Monday,March,Spring
11/30/2022,9,10,2060,Wind,334,Wednesday,November,Fall
1/14/2020,18,19,12733,Wind,14,Tuesday,January,Winter
10/12/2020,10,11,3235,Solar,286,Monday,October,Fall
3/29/2024,20,21,5982,Wind,89,Friday,March,Spring
10/12/2025,15,16,11438,Solar,285,Sunday,October,Fall
12/21/2020,3,4,6804,Wind,356,Monday,December,Winter
9/16/2024,15,16,10670,Solar,260,Monday,September,Fall
4/7/2023,12,13,7303,Solar,97,Friday,April,Spring
7/21/2024,16,17,8390,Wind,203,Sunday,July,Summer
10/31/2024,13,14,4724,Solar,305,Thursday,October,Fall
2/21/2020,13,14,8359,Wind,52,Friday,February,Winter
9/1/2021,19,20,6601,Wind,244,Wednesday,September,Fall
3/10/2024,20,21,1487,Wind,70,Sunday,March,Spring
8/12/2020,16,17,3514,Wind,225,Wednesday,August,Summer
8/26/2023,4,5,3719,Wind,238,Saturday,August,Summer
3/2/2022,9,10,3208,Wind,61,Wednesday,March,Spring
1/3/2022,8,9,9363,Wind,3,Monday,January,Winter
2/13/2025,11,12,4235,Solar,44,Thursday,February,Winter
4/10/2024,8,9,3966,Wind,101,Wednesday,April,Spring
3/22/2021,19,20,2676,Wind,81,Monday,March,Spring
1/10/2025,10,11,5399,Wind,10,Friday,January,Winter
10/6/2023,15,16,6868,Solar,279,Friday,October,Fall
4/29/2024,15,16,7027,Solar,120,Monday,April,Spring
7/13/2024,5,6,896,Wind,195,Saturday,July,Summer
11/14/2021,15,16,4245,Wind,318,Sunday,November,Fall
12/10/2023,10,11,14883,Wind,344,Sunday,December,Winter
6/13/2022,19,20,2895,Wind,164,Monday,June,Summer
9/21/2024,7,8,3743,Wind,265,Saturday,September,Fall
7/9/2025,2,3,1777,Wind,190,Wednesday,July,Summer
8/18/2024,13,14,10781,Solar,231,Sunday,August,Summer
2/3/2023,7,8,6517,Wind,34,Friday,February,Winter
12/12/2021,17,18,2137,Wind,346,Sunday,December,Winter
5/10/2021,1,2,7851,Wind,130,Monday,May,Spring
6/24/2022,20,21,6156,Wind,175,Friday,June,Summer
3/17/2020,3,4,1308,Wind,77,Tuesday,March,Spring
7/24/2024,8,9,2606,Solar,206,Wednesday,July,Summer
10/27/2023,3,4,8707,Wind,300,Friday,October,Fall
8/17/2025,10,11,9267,Solar,229,Sunday,August,Summer
9/17/2020,16,17,8119,Wind,261,Thursday,September,Fall
9/30/2025,5,6,1392,Wind,273,Tuesday,September,Fall
10/3/2024,7,8,7039,Wind,277,Thursday,October,Fall
3/28/2021,7,8,3564,Wind,87,Sunday,March,Spring
7/17/2025,23,0,1610,Wind,198,Thursday,July,Summer
2/26/2022,10,11,7670,Solar,57,Saturday,February,Winter
7/3/2025,15,16,9564,Solar,184,Thursday,July,Summer
3/7/2025,18,19,5888,Wind,66,Friday,March,Spring
8/8/2024,4,5,1215,Wind,221,Thursday,August,Summer
9/23/2023,8,9,3488,Wind,266,Saturday,September,Fall
4/28/2021,11,12,2519,Solar,118,Wednesday,April,Spring
9/10/2022,14,15,8766,Solar,253,Saturday,September,Fall
3/31/2025,8,9,5433,Wind,90,Monday,March,Spring
7/16/2024,4,5,8021,Wind,198,Tuesday,July,Summer
8/20/2025,11,12,7286,Wind,232,Wednesday,August,Summer
1/6/2023,13,14,8675,Wind,6,Friday,January,Winter
8/17/2023,20,21,1803,Wind,229,Thursday,August,Summer
3/15/2024,5,6,9919,Wind,75,Friday,March,Spring
12/4/2020,0,1,12195,Wind,339,Friday,December,Winter
12/21/2021,4,5,2850,Wind,355,Tuesday,December,Winter
6/9/2024,22,23,5084,Wind,161,Sunday,June,Summer
6/14/2022,8,9,3413,Solar,165,Tuesday,June,Summer
8/27/2023,6,7,2812,Wind,239,Sunday,August,Summer
1/6/2025,12,13,18898,Wind,6,Monday,January,Winter
3/6/2020,20,21,4508,Wind,66,Friday,March,Spring
12/30/2021,12,13,9277,Wind,364,Thursday,December,Winter
12/6/2022,6,7,1632,Wind,340,Tuesday,December,Winter
6/21/2024,1,2,1325,Wind,173,Friday,June,Summer
2/1/2025,21,22,4191,Wind,32,Saturday,February,Winter
7/14/2020,18,19,4409,Wind,196,Tuesday,July,Summer
7/1/2020,19,20,5201,Wind,183,Wednesday,July,Summer
3/21/2023,22,23,8110,Wind,80,Tuesday,March,Spring
4/14/2025,8,9,2139,Solar,104,Monday,April,Spring
2/27/2022,12,13,10044,Wind,58,Sunday,February,Winter
11/5/2020,13,14,6887,Wind,310,Thursday,November,Fall
3/10/2020,5,6,12041,Wind,70,Tuesday,March,Spring
6/1/2025,17,18,3175,Solar,152,Sunday,June,Summer
1/26/2025,2,3,9972,Wind,26,Sunday,January,Winter
4/30/2020,13,14,11987,Wind,121,Thursday,April,Spring
12/14/2024,2,3,1157,Wind,349,Saturday,December,Winter
4/15/2025,15,16,7968,Wind,105,Tuesday,April,Spring
10/30/2020,2,3,7489,Wind,304,Friday,October,Fall
2/8/2021,0,1,1406,Wind,39,Monday,February,Winter
3/9/2022,4,5,3581,Wind,68,Wednesday,March,Spring
2/22/2022,15,16,14388,Wind,53,Tuesday,February,Winter
1/16/2024,19,20,3128,Wind,16,Tuesday,January,Winter
11/30/2023,11,12,2419,Wind,334,Thursday,November,Fall
1/21/2022,14,15,6986,Wind,21,Friday,January,Winter
10/13/2022,2,3,1361,Wind,286,Thursday,October,Fall
6/17/2022,23,0,1592,Wind,168,Friday,June,Summer
11/17/2024,6,7,3941,Wind,322,Sunday,November,Fall
7/18/2020,2,3,1339,Wind,200,Saturday,July,Summer
9/25/2024,8,9,5967,Wind,269,Wednesday,September,Fall
3/29/2022,5,6,2891,Wind,88,Tuesday,March,Spring
6/17/2020,19,20,2095,Wind,169,Wednesday,June,Summer
6/29/2024,18,19,6554,Wind,181,Saturday,June,Summer
10/30/2020,10,11,7419,Wind,304,Friday,October,Fall
2/19/2021,19,20,7404,Wind,50,Friday,February,Winter
1/1/2024,4,5,8838,Wind,1,Monday,January,Winter
12/27/2022,6,7,4019,Wind,361,Tuesday,December,Winter
11/1/2021,10,11,10079,Wind,305,Monday,November,Fall
8/28/2020,21,22,3247,Wind,241,Friday,August,Summer
8/27/2020,19,20,6475,Wind,240,Thursday,August,Summer
10/5/2022,20,21,7845,Wind,278,Wednesday,October,Fall
2/6/2020,4,5,2972,Wind,37,Thursday,February,Winter
2/9/2024,11,12,13564,Wind,40,Friday,February,Winter
5/17/2024,23,0,679,Wind,138,Friday,May,Spring
4/8/2021,10,11,3570,Solar,98,Thursday,April,Spring
11/4/2025,1,2,8203,Wind,308,Tuesday,November,Fall
11/18/2022,6,7,7697,Wind,322,Friday,November,Fall
3/24/2020,6,7,5924,Wind,84,Tuesday,March,Spring
2/24/2020,3,4,3562,Wind,55,Monday,February,Winter
9/9/2020,0,1,935,Wind,253,Wednesday,September,Fall
8/3/2025,12,13,6177,Solar,215,Sunday,August,Summer
1/24/2023,18,19,2989,Wind,24,Tuesday,January,Winter
10/31/2020,3,4,2492,Wind,305,Saturday,October,Fall
8/14/2024,14,15,6071,Solar,227,Wednesday,August,Summer
4/27/2024,15,16,11873,Wind,118,Saturday,April,Spring
4/26/2024,23,0,4435,Wind,117,Friday,April,Spring
5/11/2020,1,2,9243,Wind,132,Monday,May,Spring
7/2/2022,6,7,1275,Wind,183,Saturday,July,Summer
11/2/2023,15,16,15875,Wind,306,Thursday,November,Fall
8/15/2021,16,17,8032,Wind,227,Sunday,August,Summer
7/10/2020,16,17,5447,Wind,192,Friday,July,Summer
2/18/2020,9,10,8247,Wind,49,Tuesday,February,Winter
1/17/2025,2,3,2010,Wind,17,Friday,January,Winter
9/29/2025,14,15,9018,Solar,272,Monday,September,Fall
2/10/2025,3,4,3590,Wind,41,Monday,February,Winter
11/2/2024,0,1,1203,Wind,307,Saturday,November,Fall
1/7/2023,20,21,14522,Wind,7,Saturday,January,Winter
12/30/2022,7,8,13456,Wind,364,Friday,December,Winter
2/29/2020,23,0,11760,Wind,60,Saturday,February,Winter
3/17/2021,20,21,5952,Wind,76,Wednesday,March,Spring
4/15/2025,20,21,9714,Wind,105,Tuesday,April,Spring
6/20/2023,20,21,1917,Wind,171,Tuesday,June,Summer
2/20/2021,17,18,12274,Wind,51,Saturday,February,Winter
5/25/2022,19,20,8041,Wind,145,Wednesday,May,Spring
12/27/2021,8,9,7212,Wind,361,Monday,December,Winter
10/20/2024,1,2,3018,Wind,294,Sunday,October,Fall
5/14/2025,21,22,6080,Wind,134,Wednesday,May,Spring
2/20/2022,12,13,17314,Wind,51,Sunday,February,Winter
4/18/2021,1,2,4779,Wind,108,Sunday,April,Spring
1/30/2024,0,1,8113,Wind,30,Tuesday,January,Winter
2/7/2021,1,2,5123,Wind,38,Sunday,February,Winter
10/31/2025,6,7,9628,Wind,304,Friday,October,Fall
7/3/2025,7,8,4571,Wind,184,Thursday,July,Summer
5/26/2022,21,22,4299,Wind,146,Thursday,May,Spring
4/9/2024,5,6,9097,Wind,100,Tuesday,April,Spring
8/13/2020,14,15,4931,Wind,226,Thursday,August,Summer
10/31/2024,19,20,1060,Wind,305,Thursday,October,Fall
4/25/2025,14,15,10245,Solar,115,Friday,April,Spring
12/11/2024,13,14,7435,Wind,346,Wednesday,December,Winter
5/20/2022,7,8,3605,Wind,140,Friday,May,Spring
5/31/2020,11,12,8533,Wind,152,Sunday,May,Spring
12/21/2024,7,8,7750,Wind,356,Saturday,December,Winter
11/1/2022,9,10,11756,Wind,305,Tuesday,November,Fall
6/12/2022,3,4,3211,Wind,163,Sunday,June,Summer
1/3/2022,18,19,7791,Wind,3,Monday,January,Winter
8/13/2025,18,19,3943,Wind,225,Wednesday,August,Summer
7/6/2021,5,6,9578,Wind,187,Tuesday,July,Summer
10/12/2025,13,14,12629,Solar,285,Sunday,October,Fall
6/7/2024,21,22,1472,Wind,159,Friday,June,Summer
12/9/2022,12,13,3667,Wind,343,Friday,December,Winter
3/15/2021,20,21,5856,Wind,74,Monday,March,Spring
2/8/2023,13,14,6888,Solar,39,Wednesday,February,Winter
7/9/2022,10,11,5963,Solar,190,Saturday,July,Summer
3/2/2025,15,16,9877,Solar,61,Sunday,March,Spring
7/16/2023,6,7,5414,Wind,197,Sunday,July,Summer
1/6/2022,9,10,2549,Wind,6,Thursday,January,Winter
8/29/2022,9,10,4856,Wind,241,Monday,August,Summer
4/21/2025,2,3,4052,Wind,111,Monday,April,Spring
8/14/2025,2,3,2821,Wind,226,Thursday,August,Summer
11/2/2023,17,18,15676,Wind,306,Thursday,November,Fall
5/2/2024,10,11,9667,Wind,123,Thursday,May,Spring
8/3/2023,10,11,12494,Wind,215,Thursday,August,Summer
3/5/2020,0,1,5038,Wind,65,Thursday,March,Spring
1/6/2024,19,20,8024,Wind,6,Saturday,January,Winter
5/19/2022,6,7,3839,Wind,139,Thursday,May,Spring
1/28/2024,8,9,9911,Wind,28,Sunday,January,Winter
1/23/2021,9,10,6788,Wind,23,Saturday,January,Winter
1/5/2024,3,4,11144,Wind,5,Friday,January,Winter
3/29/2020,17,18,13938,Wind,89,Sunday,March,Spring
11/13/2020,14,15,5605,Wind,318,Friday,November,Fall
8/30/2025,4,5,4869,Wind,242,Saturday,August,Summer
8/17/2022,19,20,2033,Wind,229,Wednesday,August,Summer
5/31/2022,8,9,1676,Solar,151,Tuesday,May,Spring
10/18/2022,9,10,3002,Wind,291,Tuesday,October,Fall
12/3/2020,8,9,5211,Wind,338,Thursday,December,Winter
1/11/2022,13,14,5143,Solar,11,Tuesday,January,Winter
2/24/2022,3,4,4329,Wind,55,Thursday,February,Winter
9/2/2021,9,10,5745,Wind,245,Thursday,September,Fall
9/10/2020,0,1,1794,Wind,254,Thursday,September,Fall
5/2/2022,11,12,6127,Solar,122,Monday,May,Spring
3/8/2025,5,6,10697,Wind,67,Saturday,March,Spring
10/16/2024,1,2,11010,Wind,290,Wednesday,October,Fall
7/17/2025,20,21,1801,Wind,198,Thursday,July,Summer
12/1/2023,10,11,3234,Wind,335,Friday,December,Winter
11/12/2023,14,15,9888,Wind,316,Sunday,November,Fall
9/3/2023,18,19,6935,Wind,246,Sunday,September,Fall
1/17/2022,15,16,2716,Solar,17,Monday,January,Winter
4/26/2023,8,9,2693,Wind,116,Wednesday,April,Spring
4/1/2021,17,18,6463,Wind,91,Thursday,April,Spring
5/28/2023,9,10,5108,Solar,148,Sunday,May,Spring
3/27/2022,14,15,6871,Solar,86,Sunday,March,Spring
4/13/2025,2,3,9132,Wind,103,Sunday,April,Spring
10/18/2021,21,22,4845,Wind,291,Monday,October,Fall
9/9/2022,22,23,5803,Wind,252,Friday,September,Fall
11/14/2025,6,7,12793,Wind,318,Friday,November,Fall
2/27/2020,3,4,5876,Wind,58,Thursday,February,Winter
7/7/2020,13,14,5278,Solar,189,Tuesday,July,Summer
12/18/2023,15,16,3980,Wind,352,Monday,December,Winter
9/28/2023,1,2,4548,Wind,271,Thursday,September,Fall
6/28/2024,7,8,2990,Wind,180,Friday,June,Summer
10/20/2020,5,6,9659,Wind,294,Tuesday,October,Fall
4/27/2021,3,4,4738,Wind,117,Tuesday,April,Spring
4/6/2024,15,16,8363,Wind,97,Saturday,April,Spring
4/28/2021,16,17,4670,Wind,118,Wednesday,April,Spring
10/2/2025,17,18,4982,Solar,275,Thursday,October,Fall
9/14/2020,14,15,5167,Solar,258,Monday,September,Fall
6/24/2023,6,7,2771,Wind,175,Saturday,June,Summer
10/21/2020,11,12,15183,Wind,295,Wednesday,October,Fall
8/1/2025,17,18,11333,Wind,213,Friday,August,Summer
2/23/2022,23,0,3212,Wind,54,Wednesday,February,Winter
7/24/2021,12,13,5662,Solar,205,Saturday,July,Summer
12/10/2023,4,5,14688,Wind,344,Sunday,December,Winter
4/19/2020,5,6,2422,Wind,110,Sunday,April,Spring
4/24/2021,3,4,7172,Wind,114,Saturday,April,Spring
4/21/2020,9,10,5012,Wind,112,Tuesday,April,Spring
10/12/2023,16,17,8100,Wind,285,Thursday,October,Fall
11/16/2025,2,3,2155,Wind,320,Sunday,November,Fall
1/7/2022,13,14,12803,Wind,7,Friday,January,Winter
11/16/2023,5,6,4723,Wind,320,Thursday,November,Fall
6/18/2020,1,2,1643,Wind,170,Thursday,June,Summer
8/3/2024,6,7,2972,Wind,216,Saturday,August,Summer
6/24/2024,8,9,4072,Solar,176,Monday,June,Summer
5/18/2023,16,17,9570,Wind,138,Thursday,May,Spring
4/24/2020,17,18,3015,Solar,115,Friday,April,Spring
9/19/2024,23,0,8303,Wind,263,Thursday,September,Fall
12/18/2021,18,19,6095,Wind,352,Saturday,December,Winter
8/9/2024,8,9,6545,Wind,222,Friday,August,Summer
1/31/2025,14,15,9041,Wind,31,Friday,January,Winter
3/28/2021,15,16,6562,Solar,87,Sunday,March,Spring
6/8/2024,20,21,3640,Wind,160,Saturday,June,Summer
10/16/2024,19,20,10396,Wind,290,Wednesday,October,Fall
3/3/2020,13,14,2627,Wind,63,Tuesday,March,Spring
11/21/2024,22,23,6234,Wind,326,Thursday,November,Fall
12/6/2020,7,8,2388,Wind,341,Sunday,December,Winter
4/21/2022,13,14,7316,Solar,111,Thursday,April,Spring
9/1/2023,13,14,9763,Solar,244,Friday,September,Fall
1/29/2023,13,14,4709,Solar,29,Sunday,January,Winter
4/27/2022,13,14,9899,Solar,117,Wednesday,April,Spring
12/6/2023,12,13,4011,Solar,340,Wednesday,December,Winter
2/11/2023,4,5,1810,Wind,42,Saturday,February,Winter
5/23/2021,19,20,7087,Wind,143,Sunday,May,Spring
1/13/2023,13,14,17620,Wind,13,Friday,January,Winter
10/21/2020,8,9,12602,Wind,295,Wednesday,October,Fall
11/11/2021,9,10,2291,Solar,315,Thursday,November,Fall
2/28/2023,21,22,6877,Wind,59,Tuesday,February,Winter
3/10/2023,12,13,20267,Wind,69,Friday,March,Spring
11/15/2021,1,2,3350,Wind,319,Monday,November,Fall
8/27/2022,13,14,7247,Solar,239,Saturday,August,Summer
9/26/2025,19,20,408,Wind,269,Friday,September,Fall
10/18/2025,11,12,10166,Solar,291,Saturday,October,Fall
9/4/2022,6,7,2242,Wind,247,Sunday,September,Fall
5/14/2020,22,23,8480,Wind,135,Thursday,May,Spring
11/20/2021,21,22,256,Wind,324,Saturday,November,Fall
3/19/2022,2,3,11653,Wind,78,Saturday,March,Spring
7/27/2023,19,20,7081,Wind,208,Thursday,July,Summer
9/29/2022,16,17,3391,Solar,272,Thursday,September,Fall
10/30/2020,20,21,2316,Wind,304,Friday,October,Fall
1/18/2020,17,18,1821,Wind,18,Saturday,January,Winter
11/18/2023,8,9,10478,Wind,322,Saturday,November,Fall
4/28/2025,19,20,4874,Wind,118,Monday,April,Spring
8/25/2022,1,2,2568,Wind,237,Thursday,August,Summer
1/29/2020,10,11,8131,Wind,29,Wednesday,January,Winter
2/28/2024,4,5,2938,Wind,59,Wednesday,February,Winter
8/14/2021,7,8,1499,Wind,226,Saturday,August,Summer
2/1/2025,4,5,3300,Wind,32,Saturday,February,Winter
1/8/2025,17,18,15551,Wind,8,Wednesday,January,Winter
7/19/2020,5,6,717,Wind,201,Sunday,July,Summer
4/15/2024,1,2,2526,Wind,106,Monday,April,Spring
10/7/2020,3,4,8655,Wind,281,Wednesday,October,Fall
5/13/2021,9,10,6445,Wind,133,Thursday,May,Spring
8/21/2024,6,7,3751,Wind,234,Wednesday,August,Summer
1/9/2023,11,12,16471,Wind,9,Monday,January,Winter
7/12/2021,12,13,4206,Solar,193,Monday,July,Summer
7/17/2021,3,4,2660,Wind,198,Saturday,July,Summer
2/8/2021,14,15,2189,Wind,39,Monday,February,Winter
12/21/2024,17,18,17785,Wind,356,Saturday,December,Winter
8/11/2023,18,19,4743,Solar,223,Friday,August,Summer
10/26/2025,4,5,9938,Wind,299,Sunday,October,Fall
10/17/2020,19,20,554,Wind,291,Saturday,October,Fall
11/11/2025,6,7,7784,Wind,315,Tuesday,November,Fall
4/25/2021,4,5,8220,Wind,115,Sunday,April,Spring
8/13/2022,22,23,3130,Wind,225,Saturday,August,Summer
10/23/2023,5,6,5937,Wind,296,Monday,October,Fall
6/8/2021,0,1,1392,Wind,159,Tuesday,June,Summer
2/7/2021,14,15,6165,Wind,38,Sunday,February,Winter
5/12/2025,16,17,4127,Solar,132,Monday,May,Spring
1/20/2024,1,2,3446,Wind,20,Saturday,January,Winter
4/5/2022,15,16,10520,Wind,95,Tuesday,April,Spring
6/9/2023,14,15,7100,Solar,160,Friday,June,Summer
4/5/2025,23,0,9012,Wind,95,Saturday,April,Spring
11/22/2025,14,15,12287,Wind,326,Saturday,November,Fall
7/22/2025,17,18,11630,Wind,203,Tuesday,July,Summer
11/5/2022,2,3,3089,Wind,309,Saturday,November,Fall
9/17/2021,3,4,696,Wind,260,Friday,September,Fall
10/13/2020,14,15,6661,Wind,287,Tuesday,October,Fall
4/8/2025,21,22,4246,Wind,98,Tuesday,April,Spring
3/8/2025,8,9,12302,Wind,67,Saturday,March,Spring
10/14/2025,3,4,6169,Wind,287,Tuesday,October,Fall
12/7/2022,3,4,2533,Wind,341,Wednesday,December,Winter
5/29/2020,8,9,4079,Wind,150,Friday,May,Spring
10/4/2021,11,12,6850,Wind,277,Monday,October,Fall
12/15/2024,11,12,9368,Wind,350,Sunday,December,Winter
4/26/2025,3,4,5053,Wind,116,Saturday,April,Spring
8/19/2020,23,0,4393,Wind,232,Wednesday,August,Summer
1/17/2022,21,22,1708,Wind,17,Monday,January,Winter
7/2/2021,6,7,434,Wind,183,Friday,July,Summer
4/9/2024,19,20,12447,Wind,100,Tuesday,April,Spring
11/10/2022,23,0,3646,Wind,314,Thursday,November,Fall
2/12/2023,19,20,3488,Wind,43,Sunday,February,Winter
7/13/2022,18,19,4749,Solar,194,Wednesday,July,Summer
4/24/2025,13,14,9198,Solar,114,Thursday,April,Spring
12/20/2021,17,18,3168,Wind,354,Monday,December,Winter
5/29/2024,7,8,6284,Wind,150,Wednesday,May,Spring
2/3/2024,23,0,5376,Wind,34,Saturday,February,Winter
9/1/2021,18,19,7759,Wind,244,Wednesday,September,Fall
8/19/2023,22,23,1054,Wind,231,Saturday,August,Summer
9/22/2022,0,1,2751,Wind,265,Thursday,September,Fall
1/18/2020,14,15,2528,Solar,18,Saturday,January,Winter
4/8/2021,0,1,851,Wind,98,Thursday,April,Spring
10/5/2023,9,10,3037,Solar,278,Thursday,October,Fall
8/31/2022,3,4,2669,Wind,243,Wednesday,August,Summer
3/12/2022,18,19,8732,Wind,71,Saturday,March,Spring
7/20/2022,23,0,1815,Wind,201,Wednesday,July,Summer
4/29/2023,19,20,2892,Wind,119,Saturday,April,Spring
7/30/2022,2,3,1439,Wind,211,Saturday,July,Summer
5/13/2021,22,23,2605,Wind,133,Thursday,May,Spring
10/16/2021,21,22,1291,Wind,289,Saturday,October,Fall
10/15/2020,7,8,3910,Wind,289,Thursday,October,Fall
6/6/2023,12,13,8646,Solar,157,Tuesday,June,Summer
8/8/2025,5,6,1437,Wind,220,Friday,August,Summer
7/26/2025,10,11,7998,Solar,207,Saturday,July,Summer
2/20/2022,2,3,11206,Wind,51,Sunday,February,Winter
11/28/2025,2,3,8628,Wind,332,Friday,November,Fall
6/28/2021,13,14,3922,Solar,179,Monday,June,Summer
9/19/2021,3,4,3519,Wind,262,Sunday,September,Fall
9/28/2023,19,20,2552,Wind,271,Thursday,September,Fall
5/13/2024,14,15,6831,Solar,134,Monday,May,Spring
5/18/2021,2,3,5406,Wind,138,Tuesday,May,Spring
8/1/2024,16,17,8661,Solar,214,Thursday,August,Summer
9/12/2024,2,3,4472,Wind,256,Thursday,September,Fall
2/5/2022,0,1,5210,Wind,36,Saturday,February,Winter
8/15/2021,7,8,1301,Wind,227,Sunday,August,Summer
7/31/2025,6,7,2301,Wind,212,Thursday,July,Summer
1/27/2021,16,17,4041,Wind,27,Wednesday,January,Winter
11/9/2022,4,5,8537,Wind,313,Wednesday,November,Fall
12/22/2020,2,3,12189,Wind,357,Tuesday,December,Winter
12/8/2023,0,1,7878,Wind,342,Friday,December,Winter
11/10/2021,15,16,1760,Solar,314,Wednesday,November,Fall
5/11/2021,10,11,4076,Wind,131,Tuesday,May,Spring
2/15/2022,14,15,13683,Wind,46,Tuesday,February,Winter
4/8/2020,7,8,2012,Wind,99,Wednesday,April,Spring
4/10/2021,0,1,4391,Wind,100,Saturday,April,Spring
6/7/2021,2,3,1350,Wind,158,Monday,June,Summer
5/13/2021,0,1,4479,Wind,133,Thursday,May,Spring
3/8/2021,20,21,2882,Wind,67,Monday,March,Spring
11/6/2020,8,9,6743,Wind,311,Friday,November,Fall
3/16/2025,0,1,10187,Wind,75,Sunday,March,Spring
9/26/2020,13,14,12730,Wind,270,Saturday,September,Fall
11/23/2025,12,13,15669,Wind,327,Sunday,November,Fall
3/24/2023,17,18,15698,Wind,83,Friday,March,Spring
1/22/2022,12,13,5027,Solar,22,Saturday,January,Winter
2/8/2022,22,23,2415,Wind,39,Tuesday,February,Winter
4/27/2024,0,1,4743,Wind,118,Saturday,April,Spring
1/24/2024,7,8,16218,Wind,24,Wednesday,January,Winter
9/20/2022,19,20,2499,Wind,263,Tuesday,September,Fall
7/19/2024,16,17,7392,Solar,201,Friday,July,Summer
11/13/2025,8,9,10392,Wind,317,Thursday,November,Fall
2/13/2022,14,15,16782,Wind,44,Sunday,February,Winter
1/22/2022,0,1,3190,Wind,22,Saturday,January,Winter
12/19/2024,10,11,17216,Wind,354,Thursday,December,Winter
1/18/2020,9,10,3050,Wind,18,Saturday,January,Winter
2/6/2025,13,14,13224,Wind,37,Thursday,February,Winter
3/8/2021,13,14,4523,Solar,67,Monday,March,Spring
1/20/2020,22,23,4934,Wind,20,Monday,January,Winter
8/29/2020,1,2,3457,Wind,242,Saturday,August,Summer
9/17/2024,15,16,17409,Wind,261,Tuesday,September,Fall
5/15/2023,19,20,9747,Wind,135,Monday,May,Spring
4/26/2023,14,15,4918,Solar,116,Wednesday,April,Spring
8/7/2022,2,3,7089,Wind,219,Sunday,August,Summer
11/18/2021,3,4,1529,Wind,322,Thursday,November,Fall
7/28/2022,15,16,5339,Solar,209,Thursday,July,Summer
9/29/2024,4,5,3181,Wind,273,Sunday,September,Fall
7/27/2025,8,9,3635,Wind,208,Sunday,July,Summer
12/7/2022,17,18,1713,Wind,341,Wednesday,December,Winter
6/4/2022,0,1,3214,Wind,155,Saturday,June,Summer
4/11/2022,18,19,7879,Wind,101,Monday,April,Spring
7/18/2025,10,11,6389,Solar,199,Friday,July,Summer
10/28/2025,4,5,11636,Wind,301,Tuesday,October,Fall
1/15/2024,12,13,6809,Wind,15,Monday,January,Winter
3/7/2021,13,14,3169,Solar,66,Sunday,March,Spring
1/10/2024,19,20,3793,Wind,10,Wednesday,January,Winter
5/8/2024,0,1,6559,Wind,129,Wednesday,May,Spring
9/28/2024,4,5,6407,Wind,272,Saturday,September,Fall
5/25/2021,6,7,9546,Wind,145,Tuesday,May,Spring
8/2/2021,6,7,1153,Wind,214,Monday,August,Summer
6/13/2025,4,5,2021,Wind,164,Friday,June,Summer
6/10/2022,13,14,8508,Solar,161,Friday,June,Summer
1/10/2025,14,15,4286,Wind,10,Friday,January,Winter
7/20/2023,12,13,6951,Solar,201,Thursday,July,Summer
2/28/2020,13,14,11014,Wind,59,Friday,February,Winter
6/18/2024,12,13,7785,Solar,170,Tuesday,June,Summer
1/31/2024,20,21,6085,Wind,31,Wednesday,January,Winter
1/27/2023,23,0,6094,Wind,27,Friday,January,Winter
8/15/2020,11,12,3086,Solar,228,Saturday,August,Summer
10/4/2022,4,5,988,Wind,277,Tuesday,October,Fall
1/29/2024,23,0,8472,Wind,29,Monday,January,Winter
4/12/2022,6,7,7935,Wind,102,Tuesday,April,Spring
1/11/2022,23,0,2090,Wind,11,Tuesday,January,Winter
5/11/2025,16,17,4808,Wind,131,Sunday,May,Spring
10/14/2023,4,5,10187,Wind,287,Saturday,October,Fall
10/1/2021,23,0,3707,Wind,274,Friday,October,Fall
10/4/2024,22,23,2835,Wind,278,Friday,October,Fall
12/31/2024,11,12,7306,Wind,366,Tuesday,December,Winter
3/23/2020,16,17,7482,Wind,83,Monday,March,Spring
2/25/2022,2,3,7548,Wind,56,Friday,February,Winter
2/11/2022,16,17,3615,Solar,42,Friday,February,Winter
7/1/2025,13,14,9839,Solar,182,Tuesday,July,Summer
9/10/2021,3,4,2131,Wind,253,Friday,September,Fall
11/20/2024,9,10,6181,Wind,325,Wednesday,November,Fall
9/13/2021,3,4,2426,Wind,256,Monday,September,Fall
2/14/2025,11,12,9119,Solar,45,Friday,February,Winter
9/30/2023,2,3,547,Wind,273,Saturday,September,Fall
7/3/2020,13,14,6832,Wind,185,Friday,July,Summer
12/16/2022,4,5,5658,Wind,350,Friday,December,Winter
6/29/2025,12,13,4495,Solar,180,Sunday,June,Summer
3/21/2025,6,7,10695,Wind,80,Friday,March,Spring
9/22/2023,15,16,13602,Wind,265,Friday,September,Fall
1/26/2024,22,23,2003,Wind,26,Friday,January,Winter
5/29/2023,23,0,10422,Wind,149,Monday,May,Spring
1/18/2024,19,20,4652,Wind,18,Thursday,January,Winter
8/17/2023,21,22,2474,Wind,229,Thursday,August,Summer
2/18/2021,13,14,11280,Wind,49,Thursday,February,Winter
11/28/2025,16,17,7122,Wind,332,Friday,November,Fall
6/5/2025,11,12,9135,Wind,156,Thursday,June,Summer
7/5/2025,19,20,7083,Wind,186,Saturday,July,Summer
8/30/2023,20,21,4070,Wind,242,Wednesday,August,Summer
1/24/2020,14,15,1733,Solar,24,Friday,January,Winter
1/30/2021,11,12,8960,Wind,30,Saturday,January,Winter
1/26/2021,10,11,5086,Wind,26,Tuesday,January,Winter
7/22/2020,22,23,2730,Wind,204,Wednesday,July,Summer
9/10/2025,10,11,8381,Solar,253,Wednesday,September,Fall
5/20/2021,11,12,7459,Solar,140,Thursday,May,Spring
8/30/2020,16,17,6972,Wind,243,Sunday,August,Summer
4/30/2021,4,5,1497,Wind,120,Friday,April,Spring
7/20/2024,2,3,1366,Wind,202,Saturday,July,Summer
6/25/2024,2,3,4860,Wind,177,Tuesday,June,Summer
6/16/2020,3,4,1572,Wind,168,Tuesday,June,Summer
3/20/2025,22,23,7815,Wind,79,Thursday,March,Spring
10/8/2021,7,8,3732,Wind,281,Friday,October,Fall
3/11/2023,20,21,4561,Wind,70,Saturday,March,Spring
1/9/2022,5,6,11382,Wind,9,Sunday,January,Winter
12/15/2023,10,11,2984,Solar,349,Friday,December,Winter
12/2/2023,20,21,2993,Wind,336,Saturday,December,Winter
4/12/2020,14,15,4478,Solar,103,Sunday,April,Spring
1/16/2021,6,7,2609,Wind,16,Saturday,January,Winter
11/7/2020,5,6,6495,Wind,312,Saturday,November,Fall
1/16/2025,7,8,5370,Wind,16,Thursday,January,Winter
12/11/2023,5,6,13313,Wind,345,Monday,December,Winter
3/26/2025,0,1,2924,Wind,85,Wednesday,March,Spring
3/9/2025,14,15,6097,Wind,68,Sunday,March,Spring
1/31/2021,11,12,3917,Wind,31,Sunday,January,Winter
1/18/2023,12,13,5795,Wind,18,Wednesday,January,Winter
8/11/2022,22,23,5915,Wind,223,Thursday,August,Summer
10/17/2020,5,6,823,Wind,291,Saturday,October,Fall
11/6/2023,15,16,11710,Wind,310,Monday,November,Fall
1/31/2020,15,16,7383,Wind,31,Friday,January,Winter
11/22/2022,2,3,12118,Wind,326,Tuesday,November,Fall
1/14/2020,21,22,12686,Wind,14,Tuesday,January,Winter
6/5/2024,22,23,1825,Wind,157,Wednesday,June,Summer
5/24/2020,17,18,4591,Solar,145,Sunday,May,Spring
10/17/2025,8,9,5063,Wind,290,Friday,October,Fall
12/1/2023,18,19,5670,Wind,335,Friday,December,Winter
11/30/2023,9,10,2294,Wind,334,Thursday,November,Fall
5/28/2023,21,22,8135,Wind,148,Sunday,May,Spring
8/6/2025,18,19,4823,Solar,218,Wednesday,August,Summer
9/3/2022,3,4,1584,Wind,246,Saturday,September,Fall
5/12/2024,21,22,2710,Wind,133,Sunday,May,Spring
8/25/2022,2,3,2157,Wind,237,Thursday,August,Summer
7/9/2024,19,20,5041,Wind,191,Tuesday,July,Summer
10/28/2023,13,14,17291,Wind,301,Saturday,October,Fall
12/26/2021,23,0,3943,Wind,360,Sunday,December,Winter
4/26/2023,19,20,1227,Wind,116,Wednesday,April,Spring
8/12/2020,23,0,2887,Wind,225,Wednesday,August,Summer
6/8/2024,7,8,2653,Wind,160,Saturday,June,Summer
10/30/2020,1,2,7672,Wind,304,Friday,October,Fall
4/10/2024,13,14,9317,Solar,101,Wednesday,April,Spring
1/22/2020,4,5,3220,Wind,22,Wednesday,January,Winter
6/26/2025,19,20,9162,Wind,177,Thursday,June,Summer
9/25/2023,6,7,2754,Wind,268,Monday,September,Fall
10/2/2021,8,9,4880,Wind,275,Saturday,October,Fall
5/21/2021,21,22,11117,Wind,141,Friday,May,Spring
5/21/2021,4,5,9502,Wind,141,Friday,May,Spring
6/7/2020,21,22,1627,Wind,159,Sunday,June,Summer
9/6/2023,18,19,2948,Solar,249,Wednesday,September,Fall
4/27/2023,3,4,1219,Wind,117,Thursday,April,Spring
3/14/2020,13,14,7209,Wind,74,Saturday,March,Spring
2/27/2024,19,20,6228,Wind,58,Tuesday,February,Winter
9/19/2020,13,14,4468,Solar,263,Saturday,September,Fall
4/1/2022,16,17,15285,Wind,91,Friday,April,Spring
3/16/2023,2,3,6637,Wind,75,Thursday,March,Spring
9/22/2025,16,17,8440,Wind,265,Monday,September,Fall
11/24/2020,19,20,6160,Wind,329,Tuesday,November,Fall
11/10/2020,8,9,672,Wind,315,Tuesday,November,Fall
12/5/2023,23,0,4052,Wind,339,Tuesday,December,Winter
4/21/2023,23,0,3321,Wind,111,Friday,April,Spring
2/26/2021,22,23,5705,Wind,57,Friday,February,Winter
1/16/2025,11,12,7756,Wind,16,Thursday,January,Winter
11/29/2022,6,7,1649,Wind,333,Tuesday,November,Fall
12/1/2024,13,14,10231,Wind,336,Sunday,December,Winter
5/1/2022,2,3,3175,Wind,121,Sunday,May,Spring
5/13/2021,5,6,5102,Wind,133,Thursday,May,Spring
7/31/2023,14,15,18635,Wind,212,Monday,July,Summer
10/25/2024,14,15,5922,Solar,299,Friday,October,Fall
9/25/2022,14,15,6087,Solar,268,Sunday,September,Fall
3/25/2025,14,15,7289,Solar,84,Tuesday,March,Spring
1/5/2021,18,19,1973,Wind,5,Tuesday,January,Winter
9/25/2021,0,1,1010,Wind,268,Saturday,September,Fall
6/27/2023,8,9,3093,Solar,178,Tuesday,June,Summer
9/12/2021,6,7,797,Wind,255,Sunday,September,Fall
9/13/2024,7,8,4812,Wind,257,Friday,September,Fall
7/14/2023,3,4,547,Wind,195,Friday,July,Summer
12/22/2024,3,4,18787,Wind,357,Sunday,December,Winter
12/22/2024,23,0,16227,Wind,357,Sunday,December,Winter
10/18/2020,11,12,3259,Solar,292,Sunday,October,Fall
5/4/2021,8,9,13750,Wind,124,Tuesday,May,Spring
7/24/2021,4,5,4791,Wind,205,Saturday,July,Summer
3/18/2021,14,15,5839,Wind,77,Thursday,March,Spring
7/8/2025,8,9,6696,Wind,189,Tuesday,July,Summer
4/30/2025,11,12,9156,Solar,120,Wednesday,April,Spring
7/27/2021,21,22,3168,Wind,208,Tuesday,July,Summer
6/11/2020,17,18,5028,Wind,163,Thursday,June,Summer
7/18/2024,12,13,8281,Solar,200,Thursday,July,Summer
1/1/2025,21,22,14963,Wind,1,Wednesday,January,Winter
5/16/2023,4,5,7536,Wind,136,Tuesday,May,Spring
11/16/2025,23,0,5090,Wind,320,Sunday,November,Fall
5/2/2023,3,4,3235,Wind,122,Tuesday,May,Spring
10/29/2022,14,15,8339,Wind,302,Saturday,October,Fall
5/12/2021,9,10,2820,Solar,132,Wednesday,May,Spring
12/8/2023,9,10,4446,Wind,342,Friday,December,Winter
1/2/2022,0,1,5445,Wind,2,Sunday,January,Winter
1/6/2025,16,17,17822,Wind,6,Monday,January,Winter
5/22/2022,0,1,2793,Wind,142,Sunday,May,Spring
6/15/2022,1,2,4126,Wind,166,Wednesday,June,Summer
4/6/2023,14,15,11427,Wind,96,Thursday,April,Spring
9/15/2024,0,1,3840,Wind,259,Sunday,September,Fall
4/8/2023,5,6,3512,Wind,98,Saturday,April,Spring
3/26/2021,0,1,2924,Wind,85,Friday,March,Spring
1/4/2020,4,5,3266,Wind,4,Saturday,January,Winter
8/25/2025,7,8,2945,Wind,237,Monday,August,Summer
5/18/2020,10,11,4062,Solar,139,Monday,May,Spring
11/18/2024,1,2,8644,Wind,323,Monday,November,Fall
3/15/2025,3,4,10081,Wind,74,Saturday,March,Spring
7/10/2023,6,7,749,Wind,191,Monday,July,Summer
9/7/2024,22,23,3605,Wind,251,Saturday,September,Fall
7/2/2022,15,16,6897,Solar,183,Saturday,July,Summer
3/14/2020,19,20,3134,Wind,74,Saturday,March,Spring
4/23/2020,19,20,824,Solar,114,Thursday,April,Spring
1/29/2025,8,9,13112,Wind,29,Wednesday,January,Winter
1/26/2024,7,8,12588,Wind,26,Friday,January,Winter
8/12/2025,23,0,1049,Wind,224,Tuesday,August,Summer
3/20/2020,14,15,7648,Wind,80,Friday,March,Spring
12/11/2022,8,9,2254,Wind,345,Sunday,December,Winter
10/13/2021,11,12,4854,Solar,286,Wednesday,October,Fall
11/5/2024,5,6,1674,Wind,310,Tuesday,November,Fall
9/18/2024,17,18,14521,Wind,262,Wednesday,September,Fall
1/10/2020,20,21,1558,Wind,10,Friday,January,Winter
6/16/2023,2,3,2330,Wind,167,Friday,June,Summer
6/15/2023,15,16,7754,Solar,166,Thursday,June,Summer
8/8/2022,3,4,6072,Wind,220,Monday,August,Summer
7/30/2022,5,6,902,Wind,211,Saturday,July,Summer
10/8/2020,19,20,7127,Wind,282,Thursday,October,Fall
9/30/2020,9,10,2517,Wind,274,Wednesday,September,Fall
11/9/2022,0,1,9942,Wind,313,Wednesday,November,Fall
5/23/2020,9,10,4797,Wind,144,Saturday,May,Spring
4/19/2023,1,2,7997,Wind,109,Wednesday,April,Spring
9/21/2020,18,19,888,Wind,265,Monday,September,Fall
4/20/2023,17,18,7921,Wind,110,Thursday,April,Spring
7/7/2021,18,19,3466,Wind,188,Wednesday,July,Summer
1/8/2023,16,17,11145,Wind,8,Sunday,January,Winter
3/3/2025,17,18,2963,Wind,62,Monday,March,Spring
6/29/2024,1,2,4092,Wind,181,Saturday,June,Summer
3/10/2021,5,6,2969,Wind,69,Wednesday,March,Spring
12/2/2020,11,12,3015,Wind,337,Wednesday,December,Winter
12/16/2022,1,2,6354,Wind,350,Friday,December,Winter
1/15/2021,19,20,2717,Wind,15,Friday,January,Winter
12/2/2022,11,12,2745,Wind,336,Friday,December,Winter
12/16/2024,19,20,3164,Wind,351,Monday,December,Winter
10/14/2020,0,1,2018,Wind,288,Wednesday,October,Fall
8/29/2021,16,17,7543,Wind,241,Sunday,August,Summer
11/22/2024,13,14,16386,Wind,327,Friday,November,Fall
3/23/2023,8,9,12237,Wind,82,Thursday,March,Spring
5/13/2023,23,0,5812,Wind,133,Saturday,May,Spring
2/25/2022,18,19,3550,Wind,56,Friday,February,Winter
10/17/2020,20,21,625,Wind,291,Saturday,October,Fall
2/4/2024,14,15,10856,Wind,35,Sunday,February,Winter
5/14/2025,13,14,4558,Solar,134,Wednesday,May,Spring
10/4/2022,12,13,5982,Solar,277,Tuesday,October,Fall
10/18/2020,14,15,3881,Solar,292,Sunday,October,Fall
5/31/2020,0,1,5688,Wind,152,Sunday,May,Spring
4/19/2021,15,16,4504,Solar,109,Monday,April,Spring
8/11/2021,0,1,647,Wind,223,Wednesday,August,Summer
2/17/2023,0,1,7540,Wind,48,Friday,February,Winter
10/6/2023,9,10,3802,Solar,279,Friday,October,Fall
4/6/2021,20,21,5819,Wind,96,Tuesday,April,Spring
5/2/2023,8,9,3648,Solar,122,Tuesday,May,Spring
9/8/2025,3,4,2384,Wind,251,Monday,September,Fall
4/4/2020,8,9,2989,Wind,95,Saturday,April,Spring
3/13/2023,14,15,18710,Wind,72,Monday,March,Spring
6/8/2020,21,22,3865,Wind,160,Monday,June,Summer
4/16/2025,1,2,5633,Wind,106,Wednesday,April,Spring
3/19/2025,15,16,11296,Wind,78,Wednesday,March,Spring
12/29/2022,12,13,13942,Wind,363,Thursday,December,Winter
3/16/2024,11,12,7993,Solar,76,Saturday,March,Spring
1/29/2023,10,11,2890,Solar,29,Sunday,January,Winter
6/30/2021,6,7,2095,Wind,181,Wednesday,June,Summer
8/6/2024,7,8,1463,Wind,219,Tuesday,August,Summer
3/8/2020,7,8,9809,Wind,68,Sunday,March,Spring
8/31/2024,12,13,8353,Solar,244,Saturday,August,Summer
4/20/2023,8,9,7599,Wind,110,Thursday,April,Spring
10/29/2020,17,18,6611,Wind,303,Thursday,October,Fall
1/21/2025,22,23,6958,Wind,21,Tuesday,January,Winter
2/17/2023,20,21,7175,Wind,48,Friday,February,Winter
10/21/2024,6,7,3853,Wind,295,Monday,October,Fall
8/24/2020,4,5,1813,Wind,237,Monday,August,Summer
5/25/2024,15,16,7169,Solar,146,Saturday,May,Spring
9/22/2020,20,21,1549,Wind,266,Tuesday,September,Fall
2/5/2023,14,15,13787,Wind,36,Sunday,February,Winter
2/17/2024,5,6,2438,Wind,48,Saturday,February,Winter
1/20/2025,10,11,2887,Wind,20,Monday,January,Winter
6/12/2021,19,20,2973,Wind,163,Saturday,June,Summer
9/9/2025,0,1,2454,Wind,252,Tuesday,September,Fall
3/25/2025,23,0,3267,Wind,84,Tuesday,March,Spring
4/17/2021,18,19,7013,Wind,107,Saturday,April,Spring
8/22/2023,21,22,2173,Wind,234,Tuesday,August,Summer
5/18/2023,22,23,6054,Wind,138,Thursday,May,Spring
4/11/2024,21,22,1174,Wind,102,Thursday,April,Spring
10/9/2023,1,2,1159,Wind,282,Monday,October,Fall
1/10/2020,6,7,7579,Wind,10,Friday,January,Winter
10/18/2022,11,12,5088,Solar,291,Tuesday,October,Fall
1/4/2022,14,15,5941,Wind,4,Tuesday,January,Winter
4/22/2021,12,13,8368,Solar,112,Thursday,April,Spring
8/4/2021,16,17,3531,Solar,216,Wednesday,August,Summer
6/16/2024,0,1,8152,Wind,168,Sunday,June,Summer
2/25/2020,13,14,12118,Wind,56,Tuesday,February,Winter
6/14/2024,5,6,7031,Wind,166,Friday,June,Summer
7/21/2020,14,15,5891,Solar,203,Tuesday,July,Summer
3/13/2025,17,18,3662,Wind,72,Thursday,March,Spring
3/11/2021,11,12,15750,Wind,70,Thursday,March,Spring
10/10/2022,13,14,5312,Solar,283,Monday,October,Fall
10/20/2022,5,6,5478,Wind,293,Thursday,October,Fall
8/5/2024,12,13,8358,Solar,218,Monday,August,Summer
7/12/2021,0,1,2435,Wind,193,Monday,July,Summer
1/12/2024,14,15,6694,Wind,12,Friday,January,Winter
3/18/2023,6,7,7054,Wind,77,Saturday,March,Spring
5/13/2020,14,15,7957,Wind,134,Wednesday,May,Spring
9/30/2023,16,17,5200,Solar,273,Saturday,September,Fall
2/5/2025,17,18,2583,Wind,36,Wednesday,February,Winter
9/19/2023,14,15,10341,Wind,262,Tuesday,September,Fall
2/2/2024,0,1,2260,Wind,33,Friday,February,Winter
11/17/2021,5,6,1957,Wind,321,Wednesday,November,Fall
10/1/2023,13,14,4581,Solar,274,Sunday,October,Fall
6/24/2021,18,19,3658,Solar,175,Thursday,June,Summer
7/27/2022,11,12,6815,Solar,208,Wednesday,July,Summer
4/12/2024,21,22,939,Wind,103,Friday,April,Spring
8/22/2020,12,13,11094,Wind,235,Saturday,August,Summer
11/12/2022,5,6,3769,Wind,316,Saturday,November,Fall
7/21/2022,20,21,1574,Wind,202,Thursday,July,Summer
9/8/2023,21,22,1554,Wind,251,Friday,September,Fall
5/31/2024,10,11,10050,Wind,152,Friday,May,Spring
1/19/2020,4,5,4998,Wind,19,Sunday,January,Winter
6/25/2021,7,8,1787,Wind,176,Friday,June,Summer
2/7/2020,3,4,5494,Wind,38,Friday,February,Winter
3/15/2021,18,19,7372,Wind,74,Monday,March,Spring
5/13/2025,15,16,3863,Solar,133,Tuesday,May,Spring
4/27/2022,9,10,5614,Wind,117,Wednesday,April,Spring
6/18/2021,11,12,6927,Wind,169,Friday,June,Summer
3/15/2024,18,19,11274,Wind,75,Friday,March,Spring
12/29/2024,19,20,541,Wind,364,Sunday,December,Winter
12/24/2023,20,21,10213,Wind,358,Sunday,December,Winter
6/28/2022,18,19,4992,Solar,179,Tuesday,June,Summer
9/5/2023,8,9,6596,Wind,248,Tuesday,September,Fall
9/1/2022,9,10,3556,Solar,244,Thursday,September,Fall
8/16/2022,22,23,1494,Wind,228,Tuesday,August,Summer
4/23/2024,6,7,4518,Wind,114,Tuesday,April,Spring
3/19/2022,9,10,10970,Wind,78,Saturday,March,Spring
4/22/2024,3,4,7378,Wind,113,Monday,April,Spring
9/30/2025,18,19,3305,Wind,273,Tuesday,September,Fall
10/4/2022,0,1,1565,Wind,277,Tuesday,October,Fall
8/28/2024,8,9,4269,Wind,241,Wednesday,August,Summer
3/11/2025,1,2,1454,Wind,70,Tuesday,March,Spring
7/19/2023,11,12,8862,Solar,200,Wednesday,July,Summer
1/28/2023,8,9,5921,Wind,28,Saturday,January,Winter
6/14/2022,2,3,4735,Wind,165,Tuesday,June,Summer
8/16/2020,3,4,1256,Wind,229,Sunday,August,Summer
4/18/2023,5,6,6470,Wind,108,Tuesday,April,Spring
8/30/2020,2,3,2802,Wind,243,Sunday,August,Summer
6/3/2025,21,22,4656,Wind,154,Tuesday,June,Summer
6/13/2024,19,20,5847,Wind,165,Thursday,June,Summer
8/26/2022,23,0,3321,Wind,238,Friday,August,Summer
5/5/2020,23,0,2773,Wind,126,Tuesday,May,Spring
4/27/2020,13,14,3089,Solar,118,Monday,April,Spring
4/28/2020,6,7,3698,Wind,119,Tuesday,April,Spring
9/13/2022,18,19,3807,Wind,256,Tuesday,September,Fall
11/20/2025,15,16,5905,Wind,324,Thursday,November,Fall
3/14/2025,8,9,3380,Wind,73,Friday,March,Spring
10/13/2021,16,17,4842,Solar,286,Wednesday,October,Fall
8/7/2024,4,5,1433,Wind,220,Wednesday,August,Summer
12/24/2021,23,0,3052,Wind,358,Friday,December,Winter
6/21/2020,5,6,2554,Wind,173,Sunday,June,Summer
7/31/2023,23,0,10874,Wind,212,Monday,July,Summer
2/7/2020,14,15,5386,Wind,38,Friday,February,Winter
2/3/2025,11,12,5983,Solar,34,Monday,February,Winter
6/24/2020,18,19,4258,Wind,176,Wednesday,June,Summer
2/2/2023,20,21,6733,Wind,33,Thursday,February,Winter
1/23/2023,16,17,8749,Wind,23,Monday,January,Winter
12/14/2023,17,18,3583,Wind,348,Thursday,December,Winter
9/21/2025,5,6,4374,Wind,264,Sunday,September,Fall
3/15/2021,11,12,10812,Wind,74,Monday,March,Spring
11/22/2020,20,21,925,Wind,327,Sunday,November,Fall
2/22/2020,19,20,8470,Wind,53,Saturday,February,Winter
6/17/2025,23,0,3347,Wind,168,Tuesday,June,Summer
8/5/2022,5,6,2607,Wind,217,Friday,August,Summer
10/14/2020,17,18,6263,Wind,288,Wednesday,October,Fall
2/26/2025,12,13,15050,Wind,57,Wednesday,February,Winter
6/21/2025,0,1,4743,Wind,172,Saturday,June,Summer
6/5/2020,13,14,14060,Wind,157,Friday,June,Summer
10/27/2020,18,19,11411,Wind,301,Tuesday,October,Fall
6/4/2020,17,18,5749,Wind,156,Thursday,June,Summer
9/4/2024,3,4,798,Wind,248,Wednesday,September,Fall
1/19/2021,10,11,12386,Wind,19,Tuesday,January,Winter
10/23/2025,4,5,11928,Wind,296,Thursday,October,Fall
3/30/2025,9,10,6357,Wind,89,Sunday,March,Spring
4/6/2020,15,16,5353,Wind,97,Monday,April,Spring
3/31/2023,14,15,21589,Wind,90,Friday,March,Spring
3/31/2020,5,6,6377,Wind,91,Tuesday,March,Spring
5/23/2020,3,4,1673,Wind,144,Saturday,May,Spring
2/11/2022,6,7,3510,Wind,42,Friday,February,Winter
1/23/2025,21,22,16773,Wind,23,Thursday,January,Winter
11/9/2021,11,12,4387,Solar,313,Tuesday,November,Fall
10/26/2025,0,1,10464,Wind,299,Sunday,October,Fall
12/9/2024,0,1,14088,Wind,344,Monday,December,Winter
6/10/2024,1,2,5131,Wind,162,Monday,June,Summer
4/10/2020,9,10,3344,Solar,101,Friday,April,Spring
10/31/2021,1,2,4378,Wind,304,Sunday,October,Fall
11/20/2020,12,13,4045,Solar,325,Friday,November,Fall
9/25/2025,11,12,6701,Solar,268,Thursday,September,Fall
12/12/2021,13,14,5288,Wind,346,Sunday,December,Winter
1/13/2022,19,20,3069,Wind,13,Thursday,January,Winter
1/12/2025,23,0,4835,Wind,12,Sunday,January,Winter
12/6/2023,22,23,2647,Wind,340,Wednesday,December,Winter
1/16/2021,2,3,1799,Wind,16,Saturday,January,Winter
1/3/2020,6,7,8817,Wind,3,Friday,January,Winter
9/1/2025,21,22,5057,Wind,244,Monday,September,Fall
10/18/2021,11,12,5076,Solar,291,Monday,October,Fall
5/7/2022,23,0,4532,Wind,127,Saturday,May,Spring
6/16/2022,14,15,6428,Solar,167,Thursday,June,Summer
10/23/2022,23,0,13466,Wind,296,Sunday,October,Fall
7/8/2024,17,18,7115,Solar,190,Monday,July,Summer
3/23/2022,7,8,3526,Wind,82,Wednesday,March,Spring
9/23/2024,14,15,9458,Solar,267,Monday,September,Fall
12/26/2020,21,22,11446,Wind,361,Saturday,December,Winter
5/12/2023,7,8,3360,Wind,132,Friday,May,Spring
9/6/2021,0,1,1817,Wind,249,Monday,September,Fall
1/19/2024,10,11,3115,Solar,19,Friday,January,Winter
4/13/2020,15,16,11013,Wind,104,Monday,April,Spring
2/10/2021,23,0,3960,Wind,41,Wednesday,February,Winter
2/4/2020,19,20,8718,Wind,35,Tuesday,February,Winter
12/11/2020,15,16,6300,Wind,346,Friday,December,Winter
12/22/2022,8,9,12425,Wind,356,Thursday,December,Winter
1/4/2020,20,21,2808,Wind,4,Saturday,January,Winter
8/2/2024,2,3,1432,Wind,215,Friday,August,Summer
5/29/2020,20,21,4294,Wind,150,Friday,May,Spring
5/4/2021,19,20,10640,Wind,124,Tuesday,May,Spring
4/14/2021,0,1,4370,Wind,104,Wednesday,April,Spring
3/15/2022,8,9,4813,Wind,74,Tuesday,March,Spring
11/7/2023,0,1,7909,Wind,311,Tuesday,November,Fall
2/28/2020,5,6,2660,Wind,59,Friday,February,Winter
7/15/2023,16,17,10085,Wind,196,Saturday,July,Summer
8/12/2025,9,10,6220,Solar,224,Tuesday,August,Summer
6/16/2022,5,6,1497,Wind,167,Thursday,June,Summer
2/3/2025,17,18,1611,Wind,34,Monday,February,Winter
11/16/2023,4,5,3875,Wind,320,Thursday,November,Fall
3/6/2025,3,4,7274,Wind,65,Thursday,March,Spring
3/26/2021,23,0,9140,Wind,85,Friday,March,Spring
11/21/2025,11,12,8584,Wind,325,Friday,November,Fall
3/27/2020,10,11,4295,Solar,87,Friday,March,Spring
10/13/2023,7,8,12357,Wind,286,Friday,October,Fall
10/14/2022,23,0,6926,Wind,287,Friday,October,Fall
11/13/2022,11,12,4217,Solar,317,Sunday,November,Fall
5/14/2020,10,11,10073,Wind,135,Thursday,May,Spring
6/19/2024,11,12,9445,Wind,171,Wednesday,June,Summer
1/5/2022,11,12,7302,Wind,5,Wednesday,January,Winter
7/28/2021,8,9,3851,Wind,209,Wednesday,July,Summer
7/15/2023,17,18,14187,Wind,196,Saturday,July,Summer
10/26/2024,10,11,2823,Wind,300,Saturday,October,Fall
3/6/2023,13,14,6220,Solar,65,Monday,March,Spring
12/4/2020,19,20,4944,Wind,339,Friday,December,Winter
8/25/2020,10,11,8081,Wind,238,Tuesday,August,Summer
9/2/2024,22,23,641,Wind,246,Monday,September,Fall
8/10/2023,4,5,2594,Wind,222,Thursday,August,Summer
8/7/2025,5,6,1015,Wind,219,Thursday,August,Summer
4/1/2021,23,0,7740,Wind,91,Thursday,April,Spring
2/20/2024,16,17,6371,Wind,51,Tuesday,February,Winter
2/22/2024,21,22,16997,Wind,53,Thursday,February,Winter
2/14/2023,10,11,5994,Solar,45,Tuesday,February,Winter
6/20/2020,19,20,2174,Wind,172,Saturday,June,Summer
5/25/2025,20,21,9778,Wind,145,Sunday,May,Spring
2/11/2024,15,16,15331,Wind,42,Sunday,February,Winter
9/9/2024,6,7,8239,Wind,253,Monday,September,Fall
8/8/2020,19,20,1256,Solar,221,Saturday,August,Summer
4/9/2025,2,3,4689,Wind,99,Wednesday,April,Spring
4/6/2021,21,22,4806,Wind,96,Tuesday,April,Spring
2/14/2025,2,3,4219,Wind,45,Friday,February,Winter
9/12/2021,11,12,4404,Solar,255,Sunday,September,Fall
4/10/2021,10,11,5953,Wind,100,Saturday,April,Spring
8/1/2025,11,12,9032,Solar,213,Friday,August,Summer
4/19/2023,16,17,10069,Solar,109,Wednesday,April,Spring
1/21/2024,8,9,12404,Wind,21,Sunday,January,Winter
4/6/2024,9,10,16321,Wind,97,Saturday,April,Spring
4/29/2021,2,3,2471,Wind,119,Thursday,April,Spring
12/2/2020,7,8,3088,Wind,337,Wednesday,December,Winter
11/28/2021,0,1,8670,Wind,332,Sunday,November,Fall
3/11/2023,18,19,3908,Wind,70,Saturday,March,Spring
6/4/2024,13,14,8950,Solar,156,Tuesday,June,Summer
4/17/2022,0,1,7886,Wind,107,Sunday,April,Spring
5/6/2025,0,1,10727,Wind,126,Tuesday,May,Spring
9/12/2024,3,4,4188,Wind,256,Thursday,September,Fall
12/26/2020,23,0,12204,Wind,361,Saturday,December,Winter
5/6/2022,15,16,6472,Solar,126,Friday,May,Spring
11/24/2023,19,20,10477,Wind,328,Friday,November,Fall
1/17/2025,17,18,861,Wind,17,Friday,January,Winter
7/28/2022,8,9,2500,Solar,209,Thursday,July,Summer
10/15/2023,8,9,3908,Wind,288,Sunday,October,Fall
3/17/2021,12,13,11247,Wind,76,Wednesday,March,Spring
10/3/2025,10,11,7978,Wind,276,Friday,October,Fall
6/4/2020,2,3,2830,Wind,156,Thursday,June,Summer
7/29/2025,3,4,2839,Wind,210,Tuesday,July,Summer
3/28/2024,20,21,15521,Wind,88,Thursday,March,Spring
4/4/2022,14,15,15076,Wind,94,Monday,April,Spring
10/15/2020,10,11,5196,Wind,289,Thursday,October,Fall
5/30/2020,15,16,6710,Solar,151,Saturday,May,Spring
4/1/2020,8,9,4222,Wind,92,Wednesday,April,Spring
10/18/2023,22,23,12351,Wind,291,Wednesday,October,Fall
6/7/2020,3,4,2766,Wind,159,Sunday,June,Summer
10/10/2025,7,8,2536,Wind,283,Friday,October,Fall
12/18/2024,3,4,13116,Wind,353,Wednesday,December,Winter
3/7/2023,8,9,7061,Wind,66,Tuesday,March,Spring
5/20/2021,22,23,9069,Wind,140,Thursday,May,Spring
4/8/2022,11,12,9083,Wind,98,Friday,April,Spring
4/6/2021,0,1,4549,Wind,96,Tuesday,April,Spring
12/6/2020,21,22,1662,Wind,341,Sunday,December,Winter
6/10/2023,20,21,1747,Wind,161,Saturday,June,Summer
5/23/2023,3,4,4394,Wind,143,Tuesday,May,Spring
4/13/2024,11,12,4281,Solar,104,Saturday,April,Spring
10/1/2023,16,17,5635,Solar,274,Sunday,October,Fall
11/29/2021,14,15,4402,Wind,333,Monday,November,Fall
5/22/2022,14,15,5753,Solar,142,Sunday,May,Spring
1/9/2023,3,4,15487,Wind,9,Monday,January,Winter
7/18/2025,19,20,3617,Solar,199,Friday,July,Summer
10/10/2022,16,17,4363,Wind,283,Monday,October,Fall
4/22/2022,10,11,5407,Solar,112,Friday,April,Spring
4/26/2025,7,8,4323,Wind,116,Saturday,April,Spring
11/18/2021,15,16,2705,Solar,322,Thursday,November,Fall
4/23/2022,12,13,7590,Wind,113,Saturday,April,Spring
5/21/2022,16,17,5160,Solar,141,Saturday,May,Spring
10/3/2025,2,3,5560,Wind,276,Friday,October,Fall
8/28/2023,13,14,7961,Solar,240,Monday,August,Summer
1/28/2020,16,17,11897,Wind,28,Tuesday,January,Winter
5/23/2020,8,9,4079,Wind,144,Saturday,May,Spring
7/29/2020,14,15,3995,Solar,211,Wednesday,July,Summer
8/4/2024,12,13,7542,Solar,217,Sunday,August,Summer
9/29/2021,18,19,6196,Wind,272,Wednesday,September,Fall
8/29/2024,9,10,4187,Solar,242,Thursday,August,Summer
7/22/2022,20,21,2407,Wind,203,Friday,July,Summer
5/10/2021,19,20,3236,Wind,130,Monday,May,Spring
5/21/2024,0,1,2868,Wind,142,Tuesday,May,Spring
9/6/2024,11,12,5349,Solar,250,Friday,September,Fall
3/16/2023,8,9,9438,Wind,75,Thursday,March,Spring
7/13/2023,10,11,6890,Solar,194,Thursday,July,Summer
11/15/2024,8,9,2684,Wind,320,Friday,November,Fall
7/12/2020,0,1,4962,Wind,194,Sunday,July,Summer
4/6/2021,2,3,5120,Wind,96,Tuesday,April,Spring
9/24/2025,12,13,10716,Wind,267,Wednesday,September,Fall
11/18/2022,21,22,3230,Wind,322,Friday,November,Fall
4/16/2020,22,23,1773,Wind,107,Thursday,April,Spring
4/5/2022,23,0,6029,Wind,95,Tuesday,April,Spring
8/22/2025,21,22,2688,Wind,234,Friday,August,Summer
2/25/2022,14,15,9622,Wind,56,Friday,February,Winter
5/19/2023,19,20,6972,Wind,139,Friday,May,Spring
9/4/2022,4,5,2059,Wind,247,Sunday,September,Fall
1/14/2025,16,17,2442,Solar,14,Tuesday,January,Winter
3/10/2020,21,22,11187,Wind,70,Tuesday,March,Spring
12/13/2021,21,22,1571,Wind,347,Monday,December,Winter
2/8/2021,19,20,2059,Wind,39,Monday,February,Winter
9/16/2020,18,19,4646,Wind,260,Wednesday,September,Fall
9/7/2020,10,11,3920,Solar,251,Monday,September,Fall
10/12/2024,20,21,7029,Wind,286,Saturday,October,Fall
9/30/2023,21,22,906,Wind,273,Saturday,September,Fall
11/8/2022,7,8,13656,Wind,312,Tuesday,November,Fall
10/16/2024,15,16,12056,Wind,290,Wednesday,October,Fall
3/21/2022,17,18,4620,Wind,80,Monday,March,Spring
9/17/2025,10,11,8661,Solar,260,Wednesday,September,Fall
9/22/2020,8,9,585,Wind,266,Tuesday,September,Fall
12/5/2023,22,23,4751,Wind,339,Tuesday,December,Winter
2/23/2023,3,4,1074,Wind,54,Thursday,February,Winter
9/18/2020,4,5,6154,Wind,262,Friday,September,Fall
8/12/2023,6,7,1480,Wind,224,Saturday,August,Summer
8/28/2024,18,19,5763,Wind,241,Wednesday,August,Summer
6/1/2022,14,15,6895,Solar,152,Wednesday,June,Summer
9/28/2024,21,22,914,Wind,272,Saturday,September,Fall
2/11/2020,1,2,12649,Wind,42,Tuesday,February,Winter
7/29/2021,7,8,3667,Wind,210,Thursday,July,Summer
12/13/2023,18,19,7837,Wind,347,Wednesday,December,Winter
5/24/2023,20,21,7497,Wind,144,Wednesday,May,Spring
2/18/2021,17,18,9311,Wind,49,Thursday,February,Winter
3/5/2025,9,10,7212,Solar,64,Wednesday,March,Spring
2/27/2025,18,19,4003,Wind,58,Thursday,February,Winter
7/28/2023,9,10,5928,Wind,209,Friday,July,Summer
6/18/2022,16,17,7668,Solar,169,Saturday,June,Summer
3/26/2022,23,0,8557,Wind,85,Saturday,March,Spring
8/12/2023,0,1,1275,Wind,224,Saturday,August,Summer
11/9/2023,22,23,12712,Wind,313,Thursday,November,Fall
3/24/2024,14,15,16599,Wind,84,Sunday,March,Spring
12/8/2021,14,15,5921,Wind,342,Wednesday,December,Winter
12/14/2024,3,4,1442,Wind,349,Saturday,December,Winter
9/19/2022,10,11,5655,Solar,262,Monday,September,Fall
8/28/2022,2,3,3812,Wind,240,Sunday,August,Summer
6/28/2024,5,6,3186,Wind,180,Friday,June,Summer
12/22/2022,7,8,12902,Wind,356,Thursday,December,Winter
6/16/2022,18,19,3081,Solar,167,Thursday,June,Summer
9/29/2022,14,15,4330,Solar,272,Thursday,September,Fall
10/19/2023,1,2,10798,Wind,292,Thursday,October,Fall
12/31/2023,11,12,18515,Wind,365,Sunday,December,Winter
9/14/2025,11,12,9392,Wind,257,Sunday,September,Fall
10/30/2021,11,12,9349,Wind,303,Saturday,October,Fall
1/1/2021,19,20,1425,Wind,1,Friday,January,Winter
5/2/2022,8,9,2702,Wind,122,Monday,May,Spring
10/28/2023,17,18,14258,Wind,301,Saturday,October,Fall
8/3/2021,17,18,3270,Wind,215,Tuesday,August,Summer
7/10/2022,3,4,4839,Wind,191,Sunday,July,Summer
4/28/2025,9,10,5404,Solar,118,Monday,April,Spring
1/5/2025,6,7,15783,Wind,5,Sunday,January,Winter
1/31/2020,18,19,7282,Wind,31,Friday,January,Winter
8/9/2023,14,15,7734,Solar,221,Wednesday,August,Summer
12/12/2022,14,15,3435,Wind,346,Monday,December,Winter
6/9/2025,4,5,1873,Wind,160,Monday,June,Summer
4/16/2020,23,0,2013,Wind,107,Thursday,April,Spring
12/7/2021,13,14,12158,Wind,341,Tuesday,December,Winter
3/8/2025,16,17,13555,Wind,67,Saturday,March,Spring
6/8/2023,17,18,6122,Solar,159,Thursday,June,Summer
5/22/2021,4,5,9312,Wind,142,Saturday,May,Spring
6/29/2025,3,4,3072,Wind,180,Sunday,June,Summer
11/29/2022,22,23,1071,Wind,333,Tuesday,November,Fall
7/23/2025,8,9,2689,Solar,204,Wednesday,July,Summer
8/26/2024,15,16,9509,Solar,239,Monday,August,Summer
8/9/2024,16,17,11780,Solar,222,Friday,August,Summer
5/16/2022,15,16,6963,Solar,136,Monday,May,Spring
3/1/2021,7,8,4589,Wind,60,Monday,March,Spring
3/10/2025,23,0,1370,Wind,69,Monday,March,Spring
10/11/2022,5,6,2707,Wind,284,Tuesday,October,Fall
9/27/2024,8,9,15369,Wind,271,Friday,September,Fall
4/2/2022,17,18,10976,Wind,92,Saturday,April,Spring
10/12/2024,23,0,8290,Wind,286,Saturday,October,Fall
11/28/2023,15,16,2821,Wind,332,Tuesday,November,Fall
6/12/2025,6,7,6947,Wind,163,Thursday,June,Summer
7/1/2020,2,3,3252,Wind,183,Wednesday,July,Summer
1/20/2022,13,14,6533,Wind,20,Thursday,January,Winter
10/5/2022,14,15,15673,Wind,278,Wednesday,October,Fall
1/21/2022,3,4,5070,Wind,21,Friday,January,Winter
8/11/2023,10,11,5430,Solar,223,Friday,August,Summer
9/4/2023,8,9,7729,Wind,247,Monday,September,Fall
5/25/2025,7,8,9310,Wind,145,Sunday,May,Spring
12/11/2020,4,5,7890,Wind,346,Friday,December,Winter
7/7/2023,2,3,3866,Wind,188,Friday,July,Summer
6/14/2023,7,8,3207,Wind,165,Wednesday,June,Summer
10/2/2020,18,19,3073,Wind,276,Friday,October,Fall
12/31/2020,9,10,4838,Wind,366,Thursday,December,Winter
8/8/2025,16,17,8376,Solar,220,Friday,August,Summer
1/2/2022,13,14,12811,Wind,2,Sunday,January,Winter
2/28/2023,3,4,8930,Wind,59,Tuesday,February,Winter
9/27/2021,10,11,8562,Wind,270,Monday,September,Fall
9/18/2023,15,16,14776,Wind,261,Monday,September,Fall
1/27/2025,0,1,18951,Wind,27,Monday,January,Winter
12/11/2021,2,3,8663,Wind,345,Saturday,December,Winter
5/3/2021,0,1,781,Wind,123,Monday,May,Spring
1/15/2023,22,23,14417,Wind,15,Sunday,January,Winter
7/20/2022,7,8,2309,Wind,201,Wednesday,July,Summer
5/1/2020,14,15,8815,Wind,122,Friday,May,Spring
9/28/2024,13,14,8736,Solar,272,Saturday,September,Fall
11/9/2025,6,7,2347,Wind,313,Sunday,November,Fall
1/18/2023,20,21,5086,Wind,18,Wednesday,January,Winter
4/16/2021,3,4,5432,Wind,106,Friday,April,Spring
7/10/2020,5,6,3206,Wind,192,Friday,July,Summer
3/7/2024,10,11,10254,Solar,67,Thursday,March,Spring
12/27/2023,19,20,16623,Wind,361,Wednesday,December,Winter
2/28/2021,16,17,7579,Wind,59,Sunday,February,Winter
3/22/2025,13,14,9746,Wind,81,Saturday,March,Spring
5/26/2020,9,10,3767,Solar,147,Tuesday,May,Spring
6/13/2023,7,8,3243,Wind,164,Tuesday,June,Summer
4/7/2020,6,7,2169,Wind,98,Tuesday,April,Spring
9/9/2025,12,13,8511,Solar,252,Tuesday,September,Fall
12/1/2024,14,15,9481,Wind,336,Sunday,December,Winter
11/21/2020,16,17,2632,Wind,326,Saturday,November,Fall
3/9/2025,23,0,2161,Wind,68,Sunday,March,Spring
2/1/2023,12,13,11188,Wind,32,Wednesday,February,Winter
3/16/2025,12,13,12574,Wind,75,Sunday,March,Spring
8/16/2022,23,0,1489,Wind,228,Tuesday,August,Summer
7/24/2024,18,19,4907,Solar,206,Wednesday,July,Summer
10/8/2021,1,2,3528,Wind,281,Friday,October,Fall
9/1/2021,22,23,6966,Wind,244,Wednesday,September,Fall
4/6/2021,19,20,7552,Wind,96,Tuesday,April,Spring
6/24/2021,9,10,3148,Solar,175,Thursday,June,Summer
9/3/2020,18,19,3529,Wind,247,Thursday,September,Fall
6/4/2023,18,19,7588,Wind,155,Sunday,June,Summer
2/6/2025,14,15,13367,Wind,37,Thursday,February,Winter
4/2/2023,14,15,12201,Wind,92,Sunday,April,Spring
1/3/2022,14,15,11791,Wind,3,Monday,January,Winter
9/20/2023,18,19,10294,Wind,263,Wednesday,September,Fall
7/30/2025,7,8,1698,Wind,211,Wednesday,July,Summer
11/3/2025,0,1,7546,Wind,307,Monday,November,Fall
4/6/2024,21,22,9351,Wind,97,Saturday,April,Spring
7/10/2021,2,3,345,Wind,191,Saturday,July,Summer
7/1/2023,0,1,7413,Wind,182,Saturday,July,Summer
8/27/2023,12,13,8873,Wind,239,Sunday,August,Summer
7/18/2022,7,8,3978,Wind,199,Monday,July,Summer
6/7/2021,11,12,4355,Solar,158,Monday,June,Summer
3/11/2020,20,21,10029,Wind,71,Wednesday,March,Spring
5/12/2024,16,17,3703,Solar,133,Sunday,May,Spring
1/10/2020,9,10,6776,Wind,10,Friday,January,Winter
12/21/2021,11,12,3572,Solar,355,Tuesday,December,Winter
4/23/2022,5,6,6090,Wind,113,Saturday,April,Spring
10/3/2020,7,8,3331,Wind,277,Saturday,October,Fall
2/2/2020,4,5,7968,Wind,33,Sunday,February,Winter
4/13/2020,18,19,11443,Wind,104,Monday,April,Spring
2/18/2022,2,3,8034,Wind,49,Friday,February,Winter
7/23/2021,0,1,4087,Wind,204,Friday,July,Summer
11/26/2021,20,21,10635,Wind,330,Friday,November,Fall
10/23/2023,21,22,4301,Wind,296,Monday,October,Fall
8/9/2023,2,3,3277,Wind,221,Wednesday,August,Summer
2/15/2024,23,0,10820,Wind,46,Thursday,February,Winter
6/7/2025,7,8,7646,Wind,158,Saturday,June,Summer
3/4/2024,15,16,7130,Wind,64,Monday,March,Spring
5/15/2025,11,12,6848,Solar,135,Thursday,May,Spring
2/13/2022,20,21,15083,Wind,44,Sunday,February,Winter
6/21/2025,11,12,9347,Solar,172,Saturday,June,Summer
3/9/2022,9,10,6074,Wind,68,Wednesday,March,Spring
12/13/2023,12,13,7647,Wind,347,Wednesday,December,Winter
9/12/2021,8,9,1451,Wind,255,Sunday,September,Fall
8/15/2022,8,9,3458,Wind,227,Monday,August,Summer
11/29/2025,3,4,6318,Wind,333,Saturday,November,Fall
6/24/2022,10,11,5472,Wind,175,Friday,June,Summer
1/10/2020,23,0,1537,Wind,10,Friday,January,Winter
11/23/2021,3,4,8484,Wind,327,Tuesday,November,Fall
4/5/2020,12,13,8392,Wind,96,Sunday,April,Spring
2/3/2021,18,19,10639,Wind,34,Wednesday,February,Winter
10/29/2020,7,8,7293,Wind,303,Thursday,October,Fall
11/11/2020,19,20,5774,Wind,316,Wednesday,November,Fall
2/13/2022,6,7,9347,Wind,44,Sunday,February,Winter
11/15/2023,18,19,4867,Wind,319,Wednesday,November,Fall
1/14/2021,12,13,10297,Wind,14,Thursday,January,Winter
7/20/2021,18,19,4128,Solar,201,Tuesday,July,Summer
5/22/2021,8,9,11778,Wind,142,Saturday,May,Spring
9/9/2023,18,19,2748,Solar,252,Saturday,September,Fall
11/19/2023,17,18,12597,Wind,323,Sunday,November,Fall
8/19/2024,22,23,2712,Wind,232,Monday,August,Summer
4/1/2025,18,19,19436,Wind,91,Tuesday,April,Spring
3/2/2025,23,0,4887,Wind,61,Sunday,March,Spring
1/17/2022,7,8,1452,Wind,17,Monday,January,Winter
10/18/2021,9,10,3701,Wind,291,Monday,October,Fall
8/12/2021,13,14,4221,Solar,224,Thursday,August,Summer
3/27/2022,23,0,2329,Wind,86,Sunday,March,Spring
11/17/2025,7,8,8218,Wind,321,Monday,November,Fall
10/31/2025,11,12,13615,Wind,304,Friday,October,Fall
8/4/2021,18,19,2904,Wind,216,Wednesday,August,Summer
10/30/2022,21,22,2253,Wind,303,Sunday,October,Fall
7/30/2024,8,9,2686,Solar,212,Tuesday,July,Summer
11/26/2023,5,6,2384,Wind,330,Sunday,November,Fall
10/17/2023,0,1,8478,Wind,290,Tuesday,October,Fall
9/15/2025,4,5,9643,Wind,258,Monday,September,Fall
8/18/2024,17,18,8367,Wind,231,Sunday,August,Summer
8/23/2025,1,2,2481,Wind,235,Saturday,August,Summer
9/5/2020,17,18,4696,Wind,249,Saturday,September,Fall
4/17/2023,3,4,3385,Wind,107,Monday,April,Spring
11/5/2022,3,4,2791,Wind,309,Saturday,November,Fall
5/29/2022,20,21,4128,Wind,149,Sunday,May,Spring
1/12/2021,12,13,12490,Wind,12,Tuesday,January,Winter
2/13/2021,8,9,7990,Wind,44,Saturday,February,Winter
6/25/2024,0,1,5463,Wind,177,Tuesday,June,Summer
9/11/2021,13,14,5588,Solar,254,Saturday,September,Fall
8/15/2022,19,20,3225,Wind,227,Monday,August,Summer
2/10/2023,8,9,1541,Wind,41,Friday,February,Winter
3/8/2020,3,4,8612,Wind,68,Sunday,March,Spring
5/10/2025,23,0,8375,Wind,130,Saturday,May,Spring
5/16/2022,4,5,4773,Wind,136,Monday,May,Spring
10/29/2020,1,2,10215,Wind,303,Thursday,October,Fall
11/12/2022,1,2,4317,Wind,316,Saturday,November,Fall
7/2/2024,19,20,5455,Wind,184,Tuesday,July,Summer
3/21/2022,0,1,3992,Wind,80,Monday,March,Spring
9/23/2024,18,19,6406,Wind,267,Monday,September,Fall
9/9/2021,7,8,1856,Wind,252,Thursday,September,Fall
6/13/2021,6,7,2413,Wind,164,Sunday,June,Summer
12/11/2020,14,15,6645,Wind,346,Friday,December,Winter
5/18/2022,10,11,4887,Solar,138,Wednesday,May,Spring
11/28/2021,16,17,7293,Wind,332,Sunday,November,Fall
11/18/2023,13,14,15251,Wind,322,Saturday,November,Fall
8/7/2022,13,14,10953,Solar,219,Sunday,August,Summer
10/31/2025,10,11,13356,Wind,304,Friday,October,Fall
8/20/2022,3,4,2442,Wind,232,Saturday,August,Summer
7/28/2025,23,0,2989,Wind,209,Monday,July,Summer
11/25/2020,8,9,6232,Wind,330,Wednesday,November,Fall
3/2/2020,16,17,9004,Wind,62,Monday,March,Spring
6/19/2025,17,18,9997,Solar,170,Thursday,June,Summer
6/16/2020,10,11,2847,Solar,168,Tuesday,June,Summer
5/5/2022,18,19,4773,Wind,125,Thursday,May,Spring
1/24/2022,5,6,3152,Wind,24,Monday,January,Winter
4/10/2022,4,5,1159,Wind,100,Sunday,April,Spring
6/25/2022,9,10,3517,Solar,176,Saturday,June,Summer
1/4/2024,3,4,14378,Wind,4,Thursday,January,Winter
11/4/2022,18,19,6204,Wind,308,Friday,November,Fall
9/11/2022,9,10,3065,Solar,254,Sunday,September,Fall
2/3/2025,15,16,5030,Solar,34,Monday,February,Winter
12/23/2020,4,5,6510,Wind,358,Wednesday,December,Winter
11/16/2025,9,10,3904,Wind,320,Sunday,November,Fall
1/27/2024,7,8,3182,Wind,27,Saturday,January,Winter
7/25/2022,20,21,8397,Wind,206,Monday,July,Summer
6/20/2020,23,0,1426,Wind,172,Saturday,June,Summer
1/16/2024,14,15,2836,Solar,16,Tuesday,January,Winter
3/18/2020,5,6,912,Wind,78,Wednesday,March,Spring
3/10/2020,6,7,11868,Wind,70,Tuesday,March,Spring
6/10/2020,3,4,1641,Wind,162,Wednesday,June,Summer
2/2/2020,22,23,7810,Wind,33,Sunday,February,Winter
12/16/2022,20,21,3067,Wind,350,Friday,December,Winter
4/29/2024,2,3,1955,Wind,120,Monday,April,Spring
3/31/2020,3,4,6413,Wind,91,Tuesday,March,Spring
2/14/2024,5,6,8443,Wind,45,Wednesday,February,Winter
5/30/2024,13,14,11121,Wind,151,Thursday,May,Spring
10/29/2022,2,3,4725,Wind,302,Saturday,October,Fall
10/1/2025,8,9,2697,Wind,274,Wednesday,October,Fall
9/17/2022,22,23,3752,Wind,260,Saturday,September,Fall
6/20/2022,19,20,5153,Wind,171,Monday,June,Summer
10/17/2020,0,1,1180,Wind,291,Saturday,October,Fall
1/23/2025,7,8,5575,Wind,23,Thursday,January,Winter
5/26/2022,22,23,4395,Wind,146,Thursday,May,Spring
6/7/2020,7,8,1900,Wind,159,Sunday,June,Summer
3/16/2025,20,21,5953,Wind,75,Sunday,March,Spring
9/28/2020,14,15,6422,Wind,272,Monday,September,Fall
5/13/2025,14,15,3975,Solar,133,Tuesday,May,Spring
10/6/2024,15,16,10529,Wind,280,Sunday,October,Fall
5/26/2021,16,17,9676,Wind,146,Wednesday,May,Spring
5/6/2023,20,21,1401,Wind,126,Saturday,May,Spring
10/10/2020,18,19,4564,Wind,284,Saturday,October,Fall
6/18/2022,12,13,7191,Solar,169,Saturday,June,Summer
7/18/2023,0,1,1191,Wind,199,Tuesday,July,Summer
3/15/2021,21,22,5328,Wind,74,Monday,March,Spring
11/15/2024,18,19,1582,Wind,320,Friday,November,Fall
2/23/2020,6,7,10947,Wind,54,Sunday,February,Winter
10/14/2024,21,22,731,Wind,288,Monday,October,Fall
1/19/2024,14,15,4288,Solar,19,Friday,January,Winter
12/3/2021,1,2,2552,Wind,337,Friday,December,Winter
2/20/2020,6,7,6755,Wind,51,Thursday,February,Winter
9/24/2020,12,13,9152,Wind,268,Thursday,September,Fall
1/8/2022,16,17,15253,Wind,8,Saturday,January,Winter
7/19/2021,5,6,4541,Wind,200,Monday,July,Summer
6/1/2021,15,16,6304,Solar,152,Tuesday,June,Summer
4/10/2021,5,6,3562,Wind,100,Saturday,April,Spring
1/12/2021,9,10,13078,Wind,12,Tuesday,January,Winter
6/17/2023,4,5,893,Wind,168,Saturday,June,Summer
3/14/2024,12,13,9953,Solar,74,Thursday,March,Spring
7/30/2020,18,19,2588,Solar,212,Thursday,July,Summer
12/7/2023,19,20,11616,Wind,341,Thursday,December,Winter
12/5/2020,14,15,6382,Wind,340,Saturday,December,Winter
6/16/2022,12,13,6807,Solar,167,Thursday,June,Summer
9/6/2020,19,20,2002,Wind,250,Sunday,September,Fall
1/17/2025,1,2,2337,Wind,17,Friday,January,Winter
7/27/2024,4,5,484,Wind,209,Saturday,July,Summer
4/23/2025,7,8,9282,Wind,113,Wednesday,April,Spring
7/2/2021,21,22,761,Wind,183,Friday,July,Summer
5/30/2022,0,1,4567,Wind,150,Monday,May,Spring
9/19/2020,10,11,3546,Wind,263,Saturday,September,Fall
4/12/2022,5,6,7992,Wind,102,Tuesday,April,Spring
3/10/2025,18,19,749,Wind,69,Monday,March,Spring
10/10/2020,14,15,7237,Wind,284,Saturday,October,Fall
11/13/2024,5,6,6598,Wind,318,Wednesday,November,Fall
2/27/2020,22,23,6021,Wind,58,Thursday,February,Winter
1/21/2025,21,22,7036,Wind,21,Tuesday,January,Winter
3/8/2025,15,16,14806,Wind,67,Saturday,March,Spring
10/15/2023,21,22,5164,Wind,288,Sunday,October,Fall
8/8/2021,7,8,4708,Wind,220,Sunday,August,Summer
4/3/2020,9,10,2778,Solar,94,Friday,April,Spring
4/11/2021,10,11,7157,Wind,101,Sunday,April,Spring
7/5/2020,13,14,11252,Wind,187,Sunday,July,Summer
10/27/2025,22,23,8513,Wind,300,Monday,October,Fall
12/1/2023,22,23,4845,Wind,335,Friday,December,Winter
11/9/2021,13,14,4642,Solar,313,Tuesday,November,Fall
1/25/2020,18,19,1541,Wind,25,Saturday,January,Winter
7/1/2022,17,18,5623,Solar,182,Friday,July,Summer
4/1/2023,12,13,17592,Wind,91,Saturday,April,Spring
2/17/2024,8,9,2567,Wind,48,Saturday,February,Winter
3/18/2021,0,1,4446,Wind,77,Thursday,March,Spring
11/26/2020,0,1,3078,Wind,331,Thursday,November,Fall
3/16/2025,2,3,9153,Wind,75,Sunday,March,Spring
12/29/2020,10,11,4715,Wind,364,Tuesday,December,Winter
2/14/2022,15,16,8457,Wind,45,Monday,February,Winter
10/10/2021,10,11,3224,Solar,283,Sunday,October,Fall
12/28/2022,22,23,16048,Wind,362,Wednesday,December,Winter
2/1/2025,17,18,2067,Wind,32,Saturday,February,Winter
5/15/2024,23,0,1891,Wind,136,Wednesday,May,Spring
4/25/2021,12,13,10647,Wind,115,Sunday,April,Spring
9/11/2021,9,10,2694,Solar,254,Saturday,September,Fall
6/8/2021,13,14,4944,Solar,159,Tuesday,June,Summer
5/10/2024,13,14,11358,Solar,131,Friday,May,Spring
3/17/2023,3,4,6971,Wind,76,Friday,March,Spring
4/30/2020,12,13,10827,Wind,121,Thursday,April,Spring
7/2/2022,7,8,1821,Wind,183,Saturday,July,Summer
7/19/2022,12,13,10151,Solar,200,Tuesday,July,Summer
5/16/2022,10,11,7588,Solar,136,Monday,May,Spring
1/31/2023,21,22,6119,Wind,31,Tuesday,January,Winter
4/5/2021,18,19,9721,Wind,95,Monday,April,Spring
6/15/2021,14,15,4881,Solar,166,Tuesday,June,Summer
10/13/2022,19,20,3752,Wind,286,Thursday,October,Fall
8/9/2024,17,18,11115,Wind,222,Friday,August,Summer
12/14/2020,23,0,6175,Wind,349,Monday,December,Winter
7/17/2020,8,9,2074,Wind,199,Friday,July,Summer
5/17/2022,14,15,7524,Solar,137,Tuesday,May,Spring
3/16/2024,5,6,6169,Wind,76,Saturday,March,Spring
9/1/2023,11,12,10057,Solar,244,Friday,September,Fall
5/6/2021,9,10,4709,Wind,126,Thursday,May,Spring
4/3/2020,15,16,4672,Solar,94,Friday,April,Spring
3/22/2025,2,3,9814,Wind,81,Saturday,March,Spring
5/19/2024,8,9,2111,Solar,140,Sunday,May,Spring
4/5/2024,22,23,8341,Wind,96,Friday,April,Spring
6/17/2024,18,19,4536,Solar,169,Monday,June,Summer
1/13/2020,23,0,12067,Wind,13,Monday,January,Winter
4/9/2023,4,5,3277,Wind,99,Sunday,April,Spring
7/13/2025,11,12,8642,Solar,194,Sunday,July,Summer
10/21/2020,1,2,8525,Wind,295,Wednesday,October,Fall
9/2/2021,21,22,5182,Wind,245,Thursday,September,Fall
8/9/2024,14,15,7776,Solar,222,Friday,August,Summer
11/4/2023,21,22,15364,Wind,308,Saturday,November,Fall
12/10/2020,23,0,7155,Wind,345,Thursday,December,Winter
3/26/2021,4,5,3310,Wind,85,Friday,March,Spring
5/5/2023,8,9,3564,Wind,125,Friday,May,Spring
7/29/2022,22,23,2221,Wind,210,Friday,July,Summer
11/7/2022,9,10,13020,Wind,311,Monday,November,Fall
2/24/2024,5,6,7647,Wind,55,Saturday,February,Winter
8/11/2022,18,19,5645,Wind,223,Thursday,August,Summer
7/6/2023,2,3,1216,Wind,187,Thursday,July,Summer
2/10/2021,0,1,8028,Wind,41,Wednesday,February,Winter
12/16/2023,0,1,2079,Wind,350,Saturday,December,Winter
12/25/2024,7,8,1456,Wind,360,Wednesday,December,Winter
9/14/2024,18,19,5204,Wind,258,Saturday,September,Fall
4/10/2025,15,16,7062,Solar,100,Thursday,April,Spring
11/4/2021,10,11,4756,Wind,308,Thursday,November,Fall
1/22/2023,18,19,3778,Wind,22,Sunday,January,Winter
3/2/2025,4,5,9188,Wind,61,Sunday,March,Spring
1/25/2023,14,15,2569,Solar,25,Wednesday,January,Winter
9/10/2020,20,21,1520,Wind,254,Thursday,September,Fall
7/27/2025,10,11,6833,Solar,208,Sunday,July,Summer
1/10/2025,22,23,2750,Wind,10,Friday,January,Winter
11/24/2023,0,1,8408,Wind,328,Friday,November,Fall
4/6/2020,22,23,966,Wind,97,Monday,April,Spring
7/22/2024,9,10,6427,Solar,204,Monday,July,Summer
3/12/2021,10,11,13843,Wind,71,Friday,March,Spring
10/7/2020,11,12,7758,Wind,281,Wednesday,October,Fall
1/6/2022,22,23,8061,Wind,6,Thursday,January,Winter
10/8/2024,21,22,13480,Wind,282,Tuesday,October,Fall
3/21/2022,1,2,3843,Wind,80,Monday,March,Spring
11/11/2022,20,21,4636,Wind,315,Friday,November,Fall
9/6/2022,9,10,3950,Solar,249,Tuesday,September,Fall
8/17/2024,17,18,4697,Solar,230,Saturday,August,Summer
9/18/2022,4,5,2468,Wind,261,Sunday,September,Fall
11/7/2024,23,0,3132,Wind,312,Thursday,November,Fall
3/18/2020,9,10,2451,Solar,78,Wednesday,March,Spring
3/22/2021,17,18,4096,Wind,81,Monday,March,Spring
10/11/2020,9,10,3648,Wind,285,Sunday,October,Fall
7/12/2022,8,9,2983,Solar,193,Tuesday,July,Summer
11/20/2021,19,20,236,Wind,324,Saturday,November,Fall
10/21/2024,17,18,5157,Wind,295,Monday,October,Fall
7/20/2025,10,11,8828,Wind,201,Sunday,July,Summer
8/26/2021,1,2,3657,Wind,238,Thursday,August,Summer
8/19/2023,14,15,8401,Solar,231,Saturday,August,Summer
4/6/2020,19,20,1385,Wind,97,Monday,April,Spring
12/16/2021,10,11,4476,Wind,350,Thursday,December,Winter
2/16/2023,17,18,7058,Wind,47,Thursday,February,Winter
8/24/2022,1,2,761,Wind,236,Wednesday,August,Summer
12/24/2022,12,13,6293,Wind,358,Saturday,December,Winter
11/17/2020,3,4,4521,Wind,322,Tuesday,November,Fall
5/7/2025,11,12,11797,Solar,127,Wednesday,May,Spring
5/7/2020,5,6,2084,Wind,128,Thursday,May,Spring
11/14/2023,7,8,11741,Wind,318,Tuesday,November,Fall
11/5/2022,14,15,7136,Wind,309,Saturday,November,Fall
2/22/2023,7,8,3325,Wind,53,Wednesday,February,Winter
7/26/2020,8,9,3846,Wind,208,Sunday,July,Summer
4/1/2025,4,5,10679,Wind,91,Tuesday,April,Spring
9/2/2020,12,13,4398,Solar,246,Wednesday,September,Fall
5/6/2021,16,17,8681,Wind,126,Thursday,May,Spring
12/29/2023,14,15,15215,Wind,363,Friday,December,Winter
4/15/2024,18,19,17967,Wind,106,Monday,April,Spring
2/18/2023,20,21,7421,Wind,49,Saturday,February,Winter
11/13/2020,11,12,7388,Wind,318,Friday,November,Fall
1/19/2021,20,21,11476,Wind,19,Tuesday,January,Winter
8/11/2023,9,10,4059,Solar,223,Friday,August,Summer
9/13/2020,16,17,3213,Solar,257,Sunday,September,Fall
11/27/2024,17,18,12902,Wind,332,Wednesday,November,Fall
10/23/2020,13,14,4235,Wind,297,Friday,October,Fall
6/15/2023,4,5,2308,Wind,166,Thursday,June,Summer
8/27/2025,21,22,1556,Wind,239,Wednesday,August,Summer
6/24/2025,3,4,2498,Wind,175,Tuesday,June,Summer
12/25/2021,23,0,1551,Wind,359,Saturday,December,Winter
11/30/2024,14,15,4004,Solar,335,Saturday,November,Fall
2/20/2025,18,19,8106,Wind,51,Thursday,February,Winter
7/18/2024,18,19,4225,Solar,200,Thursday,July,Summer
8/25/2024,6,7,3859,Wind,238,Sunday,August,Summer
7/9/2023,17,18,5804,Solar,190,Sunday,July,Summer
1/20/2023,0,1,1856,Wind,20,Friday,January,Winter
4/21/2022,8,9,3414,Wind,111,Thursday,April,Spring
7/10/2025,2,3,2497,Wind,191,Thursday,July,Summer
8/1/2020,4,5,1790,Wind,214,Saturday,August,Summer
7/25/2025,16,17,9149,Solar,206,Friday,July,Summer
10/15/2025,14,15,10830,Solar,288,Wednesday,October,Fall
1/27/2023,16,17,8128,Wind,27,Friday,January,Winter
4/6/2021,16,17,11811,Wind,96,Tuesday,April,Spring
12/18/2021,19,20,6176,Wind,352,Saturday,December,Winter
12/30/2024,7,8,737,Wind,365,Monday,December,Winter
4/11/2025,5,6,3498,Wind,101,Friday,April,Spring
10/27/2024,21,22,354,Wind,301,Sunday,October,Fall
9/7/2020,5,6,1634,Wind,251,Monday,September,Fall
3/18/2025,9,10,15078,Wind,77,Tuesday,March,Spring
1/30/2024,23,0,872,Wind,30,Tuesday,January,Winter
9/2/2025,6,7,6994,Wind,245,Tuesday,September,Fall
5/25/2021,16,17,14361,Wind,145,Tuesday,May,Spring
6/9/2021,12,13,5010,Solar,160,Wednesday,June,Summer
9/2/2022,15,16,4587,Solar,245,Friday,September,Fall
3/11/2022,15,16,13916,Wind,70,Friday,March,Spring
11/11/2021,6,7,959,Wind,315,Thursday,November,Fall
5/19/2020,2,3,4172,Wind,140,Tuesday,May,Spring
8/16/2021,3,4,3477,Wind,228,Monday,August,Summer
9/5/2022,17,18,6757,Wind,248,Monday,September,Fall
6/27/2022,14,15,7149,Solar,178,Monday,June,Summer
12/27/2022,16,17,5819,Wind,361,Tuesday,December,Winter
9/9/2023,7,8,2366,Wind,252,Saturday,September,Fall
12/9/2021,2,3,5973,Wind,343,Thursday,December,Winter
6/20/2020,7,8,878,Wind,172,Saturday,June,Summer
4/6/2020,4,5,7748,Wind,97,Monday,April,Spring
10/18/2024,2,3,5599,Wind,292,Friday,October,Fall
8/11/2022,7,8,4509,Wind,223,Thursday,August,Summer
3/23/2025,7,8,5083,Wind,82,Sunday,March,Spring
9/1/2020,23,0,2409,Wind,245,Tuesday,September,Fall
3/8/2023,23,0,15283,Wind,67,Wednesday,March,Spring
2/6/2021,1,2,2397,Wind,37,Saturday,February,Winter
3/22/2021,21,22,2801,Wind,81,Monday,March,Spring
10/19/2020,7,8,2726,Wind,293,Monday,October,Fall
7/9/2020,14,15,7338,Solar,191,Thursday,July,Summer
4/1/2024,11,12,13534,Wind,92,Monday,April,Spring
4/19/2024,22,23,8252,Wind,110,Friday,April,Spring
12/7/2023,20,21,11086,Wind,341,Thursday,December,Winter
4/29/2025,11,12,10040,Solar,119,Tuesday,April,Spring
1/15/2021,7,8,6251,Wind,15,Friday,January,Winter
9/22/2025,1,2,7693,Wind,265,Monday,September,Fall
8/17/2023,2,3,2308,Wind,229,Thursday,August,Summer
6/11/2025,3,4,2243,Wind,162,Wednesday,June,Summer
7/12/2023,1,2,3524,Wind,193,Wednesday,July,Summer
1/28/2025,18,19,18923,Wind,28,Tuesday,January,Winter
8/14/2020,7,8,2012,Wind,227,Friday,August,Summer
5/18/2025,4,5,2653,Wind,138,Sunday,May,Spring
8/15/2025,19,20,5806,Wind,227,Friday,August,Summer
2/19/2025,15,16,6522,Solar,50,Wednesday,February,Winter
11/22/2023,11,12,7927,Wind,326,Wednesday,November,Fall
1/19/2025,7,8,769,Wind,19,Sunday,January,Winter
12/8/2024,10,11,17862,Wind,343,Sunday,December,Winter
2/7/2022,7,8,5299,Wind,38,Monday,February,Winter
3/31/2020,20,21,7584,Wind,91,Tuesday,March,Spring
2/20/2023,12,13,7440,Solar,51,Monday,February,Winter
5/9/2024,12,13,5656,Solar,130,Thursday,May,Spring
8/22/2020,22,23,3876,Wind,235,Saturday,August,Summer
4/5/2023,9,10,4064,Solar,95,Wednesday,April,Spring
8/14/2020,10,11,3767,Solar,227,Friday,August,Summer
8/12/2023,19,20,4643,Wind,224,Saturday,August,Summer
9/20/2020,0,1,1794,Wind,264,Sunday,September,Fall
12/9/2023,19,20,17844,Wind,343,Saturday,December,Winter
8/7/2022,23,0,7226,Wind,219,Sunday,August,Summer
10/5/2020,17,18,10309,Wind,279,Monday,October,Fall
10/18/2022,18,19,2808,Wind,291,Tuesday,October,Fall
6/13/2020,12,13,5469,Wind,165,Saturday,June,Summer
10/3/2024,20,21,5982,Wind,277,Thursday,October,Fall
6/5/2025,16,17,9695,Wind,156,Thursday,June,Summer
11/16/2021,1,2,869,Wind,320,Tuesday,November,Fall
2/16/2025,4,5,3812,Wind,47,Sunday,February,Winter
5/1/2025,1,2,6010,Wind,121,Thursday,May,Spring
3/25/2025,22,23,3477,Wind,84,Tuesday,March,Spring
10/13/2023,18,19,14936,Wind,286,Friday,October,Fall
11/2/2024,1,2,1474,Wind,307,Saturday,November,Fall
8/5/2025,19,20,8978,Wind,217,Tuesday,August,Summer
1/3/2025,19,20,3424,Wind,3,Friday,January,Winter
10/18/2025,7,8,5680,Wind,291,Saturday,October,Fall
11/21/2025,10,11,7895,Wind,325,Friday,November,Fall
3/14/2021,11,12,13005,Wind,73,Sunday,March,Spring
1/18/2021,11,12,5336,Wind,18,Monday,January,Winter
4/27/2022,17,18,8140,Wind,117,Wednesday,April,Spring
2/7/2020,13,14,5641,Wind,38,Friday,February,Winter
8/30/2021,5,6,2958,Wind,242,Monday,August,Summer
6/13/2023,4,5,2835,Wind,164,Tuesday,June,Summer
7/21/2022,18,19,3527,Solar,202,Thursday,July,Summer
11/6/2025,9,10,6706,Wind,310,Thursday,November,Fall
10/7/2025,8,9,2045,Wind,280,Tuesday,October,Fall
7/14/2023,21,22,7604,Wind,195,Friday,July,Summer
8/2/2021,16,17,5176,Solar,214,Monday,August,Summer
5/3/2022,7,8,3380,Wind,123,Tuesday,May,Spring
1/14/2021,0,1,8733,Wind,14,Thursday,January,Winter
10/6/2025,4,5,3869,Wind,279,Monday,October,Fall
4/4/2024,7,8,15683,Wind,95,Thursday,April,Spring
2/17/2022,0,1,15660,Wind,48,Thursday,February,Winter
1/14/2021,18,19,10513,Wind,14,Thursday,January,Winter
1/23/2024,17,18,16343,Wind,23,Tuesday,January,Winter
11/8/2023,23,0,13683,Wind,312,Wednesday,November,Fall
10/30/2025,19,20,6800,Wind,303,Thursday,October,Fall
6/9/2021,6,7,828,Wind,160,Wednesday,June,Summer
3/2/2024,23,0,3355,Wind,62,Saturday,March,Spring
10/14/2020,7,8,2812,Wind,288,Wednesday,October,Fall
8/22/2024,9,10,7785,Solar,235,Thursday,August,Summer
11/4/2025,17,18,12970,Wind,308,Tuesday,November,Fall
8/28/2023,17,18,7680,Wind,240,Monday,August,Summer
2/21/2023,22,23,2757,Wind,52,Tuesday,February,Winter
5/4/2025,21,22,11154,Wind,124,Sunday,May,Spring
9/19/2023,18,19,8549,Wind,262,Tuesday,September,Fall
3/14/2020,5,6,2707,Wind,74,Saturday,March,Spring
1/27/2024,5,6,2417,Wind,27,Saturday,January,Winter
2/19/2024,1,2,5181,Wind,50,Monday,February,Winter
1/10/2021,19,20,4067,Wind,10,Sunday,January,Winter
12/14/2024,14,15,4718,Wind,349,Saturday,December,Winter
1/18/2024,10,11,7575,Wind,18,Thursday,January,Winter
6/16/2022,7,8,2343,Wind,167,Thursday,June,Summer
1/23/2024,22,23,16853,Wind,23,Tuesday,January,Winter
8/6/2023,14,15,17628,Wind,218,Sunday,August,Summer
3/10/2025,17,18,1879,Solar,69,Monday,March,Spring
9/1/2024,6,7,3394,Wind,245,Sunday,September,Fall
2/26/2022,23,0,9911,Wind,57,Saturday,February,Winter
10/28/2025,20,21,6432,Wind,301,Tuesday,October,Fall
7/9/2020,4,5,1360,Wind,191,Thursday,July,Summer
12/24/2022,10,11,6036,Wind,358,Saturday,December,Winter
1/2/2024,17,18,17429,Wind,2,Tuesday,January,Winter
4/16/2022,15,16,11298,Solar,106,Saturday,April,Spring
2/15/2023,4,5,4483,Wind,46,Wednesday,February,Winter
2/17/2024,13,14,7320,Solar,48,Saturday,February,Winter
2/7/2024,3,4,16373,Wind,38,Wednesday,February,Winter
5/10/2020,6,7,2043,Wind,131,Sunday,May,Spring
2/4/2025,23,0,3060,Wind,35,Tuesday,February,Winter
4/18/2024,19,20,3812,Wind,109,Thursday,April,Spring
6/13/2020,14,15,5712,Wind,165,Saturday,June,Summer
7/15/2022,23,0,3960,Wind,196,Friday,July,Summer
2/8/2022,17,18,2555,Wind,39,Tuesday,February,Winter
10/28/2020,0,1,8025,Wind,302,Wednesday,October,Fall
7/3/2021,12,13,4146,Solar,184,Saturday,July,Summer
7/15/2021,13,14,9480,Wind,196,Thursday,July,Summer
6/3/2022,9,10,3007,Solar,154,Friday,June,Summer
4/19/2023,20,21,5832,Wind,109,Wednesday,April,Spring
4/20/2025,14,15,4724,Wind,110,Sunday,April,Spring
8/13/2025,16,17,6254,Solar,225,Wednesday,August,Summer
11/4/2024,8,9,3123,Wind,309,Monday,November,Fall
7/27/2022,17,18,5742,Solar,208,Wednesday,July,Summer
6/2/2023,1,2,7448,Wind,153,Friday,June,Summer
9/24/2025,21,22,4188,Wind,267,Wednesday,September,Fall
4/7/2025,5,6,5623,Wind,97,Monday,April,Spring
4/30/2020,6,7,7964,Wind,121,Thursday,April,Spring
2/20/2020,17,18,11692,Wind,51,Thursday,February,Winter
4/13/2025,0,1,8982,Wind,103,Sunday,April,Spring
3/9/2022,8,9,4907,Wind,68,Wednesday,March,Spring
10/16/2024,23,0,9305,Wind,290,Wednesday,October,Fall
2/17/2021,23,0,8384,Wind,48,Wednesday,February,Winter
2/12/2025,4,5,2424,Wind,43,Wednesday,February,Winter
6/17/2024,14,15,8345,Solar,169,Monday,June,Summer
3/16/2022,6,7,4232,Wind,75,Wednesday,March,Spring
9/21/2020,5,6,748,Wind,265,Monday,September,Fall
2/2/2023,0,1,7717,Wind,33,Thursday,February,Winter
9/1/2021,0,1,6336,Wind,244,Wednesday,September,Fall
7/3/2022,9,10,4056,Solar,184,Sunday,July,Summer
11/24/2024,16,17,19997,Wind,329,Sunday,November,Fall
2/27/2020,7,8,10405,Wind,58,Thursday,February,Winter
10/14/2023,3,4,11104,Wind,287,Saturday,October,Fall
8/8/2022,13,14,10618,Solar,220,Monday,August,Summer
1/15/2025,10,11,5527,Solar,15,Wednesday,January,Winter
6/8/2025,18,19,9165,Wind,159,Sunday,June,Summer
6/1/2021,16,17,5624,Wind,152,Tuesday,June,Summer
8/7/2024,13,14,8258,Solar,220,Wednesday,August,Summer
4/13/2020,1,2,2806,Wind,104,Monday,April,Spring
5/17/2022,18,19,4803,Solar,137,Tuesday,May,Spring
10/17/2025,15,16,10238,Solar,290,Friday,October,Fall
9/13/2024,5,6,5468,Wind,257,Friday,September,Fall
10/7/2022,15,16,5162,Solar,280,Friday,October,Fall
6/30/2020,5,6,3408,Wind,182,Tuesday,June,Summer
3/2/2021,1,2,4406,Wind,61,Tuesday,March,Spring
6/14/2020,5,6,3033,Wind,166,Sunday,June,Summer
11/25/2022,13,14,5906,Wind,329,Friday,November,Fall
12/12/2024,11,12,5532,Solar,347,Thursday,December,Winter
9/14/2020,10,11,3928,Solar,258,Monday,September,Fall
1/5/2021,14,15,2553,Wind,5,Tuesday,January,Winter
11/10/2022,2,3,3569,Wind,314,Thursday,November,Fall
6/23/2020,17,18,5022,Solar,175,Tuesday,June,Summer
12/14/2021,1,2,697,Wind,348,Tuesday,December,Winter
3/15/2021,1,2,10033,Wind,74,Monday,March,Spring
12/23/2020,21,22,12383,Wind,358,Wednesday,December,Winter
7/21/2024,23,0,5492,Wind,203,Sunday,July,Summer
1/3/2023,20,21,12367,Wind,3,Tuesday,January,Winter
2/7/2023,17,18,4857,Wind,38,Tuesday,February,Winter
6/2/2024,2,3,6195,Wind,154,Sunday,June,Summer
2/3/2023,6,7,6280,Wind,34,Friday,February,Winter
11/22/2025,18,19,10609,Wind,326,Saturday,November,Fall
2/8/2023,9,10,6001,Wind,39,Wednesday,February,Winter
12/28/2023,22,23,13567,Wind,362,Thursday,December,Winter
8/19/2022,23,0,2636,Wind,231,Friday,August,Summer
9/2/2020,17,18,3171,Solar,246,Wednesday,September,Fall
8/6/2023,9,10,14227,Wind,218,Sunday,August,Summer
6/9/2020,19,20,3066,Wind,161,Tuesday,June,Summer
8/25/2021,10,11,6184,Solar,237,Wednesday,August,Summer
12/5/2022,5,6,745,Wind,339,Monday,December,Winter
6/11/2024,21,22,2556,Wind,163,Tuesday,June,Summer
11/2/2020,18,19,7368,Wind,307,Monday,November,Fall
7/28/2025,4,5,4142,Wind,209,Monday,July,Summer
6/12/2025,7,8,7051,Wind,163,Thursday,June,Summer
1/20/2024,13,14,6955,Solar,20,Saturday,January,Winter
12/2/2020,0,1,6005,Wind,337,Wednesday,December,Winter
1/12/2023,13,14,18143,Wind,12,Thursday,January,Winter
12/7/2023,2,3,3871,Wind,341,Thursday,December,Winter
10/24/2020,4,5,6496,Wind,298,Saturday,October,Fall
5/26/2021,14,15,10741,Wind,146,Wednesday,May,Spring
4/16/2020,9,10,4412,Wind,107,Thursday,April,Spring
2/23/2022,0,1,4731,Wind,54,Wednesday,February,Winter
7/4/2021,1,2,945,Wind,185,Sunday,July,Summer
7/11/2020,22,23,3841,Wind,193,Saturday,July,Summer
9/6/2022,10,11,5098,Solar,249,Tuesday,September,Fall
4/8/2021,9,10,2512,Solar,98,Thursday,April,Spring
11/7/2020,19,20,4651,Wind,312,Saturday,November,Fall
9/6/2024,23,0,3317,Wind,250,Friday,September,Fall
5/9/2022,15,16,5817,Solar,129,Monday,May,Spring
10/12/2023,21,22,3414,Wind,285,Thursday,October,Fall
12/21/2023,10,11,18315,Wind,355,Thursday,December,Winter
4/15/2020,11,12,7334,Wind,106,Wednesday,April,Spring
7/3/2021,19,20,2491,Wind,184,Saturday,July,Summer
5/13/2022,8,9,2490,Solar,133,Friday,May,Spring
4/13/2025,4,5,9216,Wind,103,Sunday,April,Spring
7/30/2020,7,8,2458,Wind,212,Thursday,July,Summer
4/3/2020,3,4,2210,Wind,94,Friday,April,Spring
12/22/2021,12,13,4599,Solar,356,Wednesday,December,Winter
1/4/2021,6,7,1576,Wind,4,Monday,January,Winter
11/16/2023,19,20,10803,Wind,320,Thursday,November,Fall
3/14/2024,11,12,9275,Solar,74,Thursday,March,Spring
3/25/2021,0,1,2018,Wind,84,Thursday,March,Spring
5/25/2024,4,5,559,Wind,146,Saturday,May,Spring
12/18/2023,19,20,3919,Wind,352,Monday,December,Winter
6/6/2022,2,3,2342,Wind,157,Monday,June,Summer
7/20/2024,22,23,3228,Wind,202,Saturday,July,Summer
2/12/2024,14,15,4159,Solar,43,Monday,February,Winter
8/19/2023,12,13,7735,Solar,231,Saturday,August,Summer
7/27/2025,15,16,11229,Solar,208,Sunday,July,Summer
7/19/2021,22,23,4238,Wind,200,Monday,July,Summer
12/3/2021,10,11,10812,Wind,337,Friday,December,Winter
3/2/2021,12,13,4176,Solar,61,Tuesday,March,Spring
11/22/2024,12,13,16368,Wind,327,Friday,November,Fall
11/26/2025,3,4,6726,Wind,330,Wednesday,November,Fall
9/9/2024,1,2,9715,Wind,253,Monday,September,Fall
3/8/2020,2,3,8287,Wind,68,Sunday,March,Spring
7/11/2023,8,9,3309,Solar,192,Tuesday,July,Summer
8/19/2022,22,23,2631,Wind,231,Friday,August,Summer
9/5/2020,11,12,4275,Solar,249,Saturday,September,Fall
6/25/2025,17,18,6948,Solar,176,Wednesday,June,Summer
5/21/2025,23,0,5000,Wind,141,Wednesday,May,Spring
12/3/2024,14,15,2679,Solar,338,Tuesday,December,Winter
4/17/2022,7,8,5772,Wind,107,Sunday,April,Spring
9/10/2020,18,19,1696,Wind,254,Thursday,September,Fall
6/9/2024,11,12,3803,Solar,161,Sunday,June,Summer
5/18/2024,12,13,3094,Solar,139,Saturday,May,Spring
11/10/2022,22,23,4139,Wind,314,Thursday,November,Fall
9/27/2022,5,6,6708,Wind,270,Tuesday,September,Fall
5/16/2024,22,23,847,Wind,137,Thursday,May,Spring
10/13/2021,19,20,1863,Wind,286,Wednesday,October,Fall
10/19/2022,16,17,8533,Wind,292,Wednesday,October,Fall
1/15/2020,18,19,5712,Wind,15,Wednesday,January,Winter
3/15/2024,13,14,18195,Wind,75,Friday,March,Spring
10/6/2020,2,3,10584,Wind,280,Tuesday,October,Fall
7/27/2021,20,21,3440,Wind,208,Tuesday,July,Summer
2/19/2025,21,22,7729,Wind,50,Wednesday,February,Winter
10/29/2020,14,15,8306,Wind,303,Thursday,October,Fall
4/13/2025,9,10,8594,Wind,103,Sunday,April,Spring
1/22/2022,15,16,4368,Solar,22,Saturday,January,Winter
10/3/2022,9,10,2282,Solar,276,Monday,October,Fall
10/19/2023,3,4,9890,Wind,292,Thursday,October,Fall
9/2/2020,8,9,1441,Wind,246,Wednesday,September,Fall
2/1/2022,18,19,12318,Wind,32,Tuesday,February,Winter
7/26/2024,5,6,1499,Wind,208,Friday,July,Summer
2/27/2023,21,22,11222,Wind,58,Monday,February,Winter
2/9/2020,18,19,12401,Wind,40,Sunday,February,Winter
7/16/2024,5,6,7839,Wind,198,Tuesday,July,Summer
6/6/2021,4,5,1717,Wind,157,Sunday,June,Summer
5/5/2021,23,0,3697,Wind,125,Wednesday,May,Spring
2/17/2020,12,13,11711,Wind,48,Monday,February,Winter
6/20/2021,3,4,4138,Wind,171,Sunday,June,Summer
12/20/2023,10,11,9444,Wind,354,Wednesday,December,Winter
8/30/2020,20,21,4156,Wind,243,Sunday,August,Summer
7/26/2021,16,17,7000,Solar,207,Monday,July,Summer
9/9/2022,16,17,14314,Wind,252,Friday,September,Fall
7/28/2023,1,2,4052,Wind,209,Friday,July,Summer
11/27/2025,14,15,11395,Wind,331,Thursday,November,Fall
3/10/2021,15,16,12784,Wind,69,Wednesday,March,Spring
8/16/2022,15,16,5725,Solar,228,Tuesday,August,Summer
5/25/2021,0,1,9649,Wind,145,Tuesday,May,Spring
2/9/2023,9,10,2688,Solar,40,Thursday,February,Winter
3/19/2020,15,16,3544,Solar,79,Thursday,March,Spring
10/15/2025,3,4,5298,Wind,288,Wednesday,October,Fall
8/25/2021,12,13,9861,Wind,237,Wednesday,August,Summer
11/8/2024,11,12,5752,Solar,313,Friday,November,Fall
6/3/2021,4,5,1688,Wind,154,Thursday,June,Summer
2/16/2020,10,11,14158,Wind,47,Sunday,February,Winter
3/29/2025,7,8,9375,Wind,88,Saturday,March,Spring
11/24/2021,14,15,2394,Wind,328,Wednesday,November,Fall
11/2/2025,3,4,8264,Wind,306,Sunday,November,Fall
10/5/2023,5,6,1071,Wind,278,Thursday,October,Fall
9/9/2021,19,20,2632,Wind,252,Thursday,September,Fall
12/11/2023,10,11,10839,Wind,345,Monday,December,Winter
8/19/2022,8,9,3436,Wind,231,Friday,August,Summer
8/28/2024,4,5,2065,Wind,241,Wednesday,August,Summer
4/27/2020,2,3,417,Wind,118,Monday,April,Spring
3/25/2022,7,8,4540,Wind,84,Friday,March,Spring
4/24/2024,7,8,4826,Wind,115,Wednesday,April,Spring
8/1/2021,9,10,3739,Solar,213,Sunday,August,Summer
8/28/2021,1,2,4566,Wind,240,Saturday,August,Summer
12/13/2024,20,21,686,Wind,348,Friday,December,Winter
12/7/2020,19,20,3185,Wind,342,Monday,December,Winter
5/26/2024,14,15,7115,Wind,147,Sunday,May,Spring
6/16/2022,11,12,5985,Solar,167,Thursday,June,Summer
3/17/2023,4,5,6670,Wind,76,Friday,March,Spring
3/26/2025,18,19,3645,Wind,85,Wednesday,March,Spring
1/17/2021,9,10,6245,Wind,17,Sunday,January,Winter
3/18/2022,0,1,6619,Wind,77,Friday,March,Spring
11/22/2025,0,1,3067,Wind,326,Saturday,November,Fall
8/6/2020,19,20,1132,Solar,219,Thursday,August,Summer
3/10/2021,4,5,2462,Wind,69,Wednesday,March,Spring
11/28/2022,2,3,4487,Wind,332,Monday,November,Fall
6/23/2024,2,3,2516,Wind,175,Sunday,June,Summer
3/29/2020,12,13,15545,Wind,89,Sunday,March,Spring
8/5/2025,23,0,4981,Wind,217,Tuesday,August,Summer
12/16/2020,13,14,7740,Wind,351,Wednesday,December,Winter
12/31/2023,20,21,17068,Wind,365,Sunday,December,Winter
8/12/2025,3,4,4431,Wind,224,Tuesday,August,Summer
9/13/2023,1,2,1285,Wind,256,Wednesday,September,Fall
2/8/2023,4,5,3397,Wind,39,Wednesday,February,Winter
5/23/2021,21,22,7273,Wind,143,Sunday,May,Spring
7/31/2025,21,22,3693,Wind,212,Thursday,July,Summer
3/19/2023,7,8,3112,Wind,78,Sunday,March,Spring
2/7/2023,8,9,8064,Wind,38,Tuesday,February,Winter
8/8/2021,9,10,6573,Wind,220,Sunday,August,Summer
9/12/2020,18,19,1746,Solar,256,Saturday,September,Fall
12/17/2023,5,6,2111,Wind,351,Sunday,December,Winter
5/9/2021,13,14,10937,Wind,129,Sunday,May,Spring
3/24/2021,22,23,2221,Wind,83,Wednesday,March,Spring
5/28/2024,19,20,7603,Wind,149,Tuesday,May,Spring
1/6/2025,1,2,18790,Wind,6,Monday,January,Winter
11/16/2024,4,5,1285,Wind,321,Saturday,November,Fall
10/21/2021,9,10,11993,Wind,294,Thursday,October,Fall
5/9/2021,22,23,6320,Wind,129,Sunday,May,Spring
5/8/2023,7,8,1709,Wind,128,Monday,May,Spring
5/5/2021,13,14,12083,Wind,125,Wednesday,May,Spring
1/12/2023,15,16,16900,Wind,12,Thursday,January,Winter
8/8/2023,15,16,9831,Solar,220,Tuesday,August,Summer
12/9/2024,15,16,13808,Wind,344,Monday,December,Winter
4/25/2021,3,4,8232,Wind,115,Sunday,April,Spring
3/29/2021,2,3,4546,Wind,88,Monday,March,Spring
2/18/2025,14,15,9825,Solar,49,Tuesday,February,Winter
4/15/2025,23,0,7561,Wind,105,Tuesday,April,Spring
3/26/2022,18,19,8372,Wind,85,Saturday,March,Spring
9/10/2024,13,14,16867,Wind,254,Tuesday,September,Fall
1/6/2022,2,3,3292,Wind,6,Thursday,January,Winter
11/5/2024,12,13,3849,Solar,310,Tuesday,November,Fall
4/17/2022,10,11,7118,Solar,107,Sunday,April,Spring
8/16/2022,2,3,788,Wind,228,Tuesday,August,Summer
2/12/2021,16,17,9076,Wind,43,Friday,February,Winter
3/16/2023,14,15,12106,Wind,75,Thursday,March,Spring
7/13/2021,18,19,7587,Wind,194,Tuesday,July,Summer
6/19/2022,9,10,8414,Wind,170,Sunday,June,Summer
2/8/2022,7,8,4617,Wind,39,Tuesday,February,Winter
1/8/2024,7,8,12237,Wind,8,Monday,January,Winter
1/19/2023,21,22,1493,Wind,19,Thursday,January,Winter
9/24/2025,6,7,6194,Wind,267,Wednesday,September,Fall
7/26/2023,9,10,4441,Solar,207,Wednesday,July,Summer
8/9/2022,10,11,7230,Solar,221,Tuesday,August,Summer
12/9/2023,13,14,18217,Wind,343,Saturday,December,Winter
12/15/2023,1,2,2695,Wind,349,Friday,December,Winter
8/18/2025,15,16,8406,Solar,230,Monday,August,Summer
10/27/2025,1,2,17402,Wind,300,Monday,October,Fall
10/24/2020,14,15,13049,Wind,298,Saturday,October,Fall
5/31/2024,7,8,6019,Wind,152,Friday,May,Spring
1/27/2023,8,9,8809,Wind,27,Friday,January,Winter
4/5/2023,14,15,8048,Solar,95,Wednesday,April,Spring
9/17/2022,5,6,5089,Wind,260,Saturday,September,Fall
9/13/2022,16,17,5218,Wind,256,Tuesday,September,Fall
11/23/2022,1,2,8016,Wind,327,Wednesday,November,Fall
7/19/2023,6,7,3665,Wind,200,Wednesday,July,Summer
2/12/2020,0,1,9249,Wind,43,Wednesday,February,Winter
9/16/2023,17,18,4287,Solar,259,Saturday,September,Fall
7/22/2025,9,10,11218,Wind,203,Tuesday,July,Summer
1/10/2024,5,6,2519,Wind,10,Wednesday,January,Winter
11/30/2021,22,23,12595,Wind,334,Tuesday,November,Fall
4/1/2021,14,15,6136,Solar,91,Thursday,April,Spring
11/14/2023,20,21,14411,Wind,318,Tuesday,November,Fall
5/13/2024,10,11,8299,Solar,134,Monday,May,Spring
4/4/2020,5,6,1507,Wind,95,Saturday,April,Spring
12/13/2023,23,0,8250,Wind,347,Wednesday,December,Winter
2/14/2020,18,19,3877,Wind,45,Friday,February,Winter
4/18/2023,9,10,7969,Wind,108,Tuesday,April,Spring
6/3/2024,6,7,2313,Wind,155,Monday,June,Summer
2/6/2021,14,15,3721,Wind,37,Saturday,February,Winter
12/5/2023,8,9,11763,Wind,339,Tuesday,December,Winter
11/17/2021,1,2,1735,Wind,321,Wednesday,November,Fall
4/1/2025,21,22,16314,Wind,91,Tuesday,April,Spring
11/12/2020,23,0,3830,Wind,317,Thursday,November,Fall
3/29/2023,20,21,10029,Wind,88,Wednesday,March,Spring
8/18/2025,1,2,6436,Wind,230,Monday,August,Summer
1/16/2023,18,19,10560,Wind,16,Monday,January,Winter
6/25/2023,12,13,7617,Solar,176,Sunday,June,Summer
7/10/2020,14,15,6004,Wind,192,Friday,July,Summer
5/3/2020,18,19,2715,Solar,124,Sunday,May,Spring
7/11/2023,2,3,1440,Wind,192,Tuesday,July,Summer
1/19/2025,23,0,1247,Wind,19,Sunday,January,Winter
9/15/2025,13,14,11829,Wind,258,Monday,September,Fall
2/21/2020,4,5,4526,Wind,52,Friday,February,Winter
4/3/2020,4,5,2045,Wind,94,Friday,April,Spring
11/16/2020,9,10,8791,Wind,321,Monday,November,Fall
1/8/2024,0,1,11527,Wind,8,Monday,January,Winter
1/5/2023,17,18,5141,Wind,5,Thursday,January,Winter
2/13/2022,3,4,7754,Wind,44,Sunday,February,Winter
6/24/2022,17,18,10605,Wind,175,Friday,June,Summer
6/6/2022,14,15,8772,Solar,157,Monday,June,Summer
11/25/2025,20,21,10545,Wind,329,Tuesday,November,Fall
12/21/2024,10,11,11019,Wind,356,Saturday,December,Winter
7/4/2025,14,15,10382,Solar,185,Friday,July,Summer
4/3/2025,22,23,6607,Wind,93,Thursday,April,Spring
5/27/2020,7,8,3233,Wind,148,Wednesday,May,Spring
7/20/2025,19,20,9310,Wind,201,Sunday,July,Summer
8/3/2025,2,3,1880,Wind,215,Sunday,August,Summer
1/19/2021,5,6,10754,Wind,19,Tuesday,January,Winter
7/22/2021,19,20,3126,Wind,203,Thursday,July,Summer
11/12/2022,11,12,5451,Solar,316,Saturday,November,Fall
11/16/2023,3,4,3165,Wind,320,Thursday,November,Fall
11/25/2020,17,18,2800,Wind,330,Wednesday,November,Fall
3/23/2020,19,20,6877,Wind,83,Monday,March,Spring
7/21/2025,3,4,9816,Wind,202,Monday,July,Summer
9/19/2025,1,2,2045,Wind,262,Friday,September,Fall
6/5/2022,17,18,8606,Wind,156,Sunday,June,Summer
10/13/2024,23,0,3303,Wind,287,Sunday,October,Fall
4/8/2023,10,11,6560,Solar,98,Saturday,April,Spring
7/27/2020,12,13,10256,Wind,209,Monday,July,Summer
10/13/2020,17,18,4407,Wind,287,Tuesday,October,Fall
8/16/2021,0,1,5226,Wind,228,Monday,August,Summer
2/23/2022,20,21,2068,Wind,54,Wednesday,February,Winter
6/14/2020,1,2,4021,Wind,166,Sunday,June,Summer
2/24/2022,6,7,5440,Wind,55,Thursday,February,Winter
2/18/2022,1,2,6858,Wind,49,Friday,February,Winter
12/2/2022,13,14,3589,Wind,336,Friday,December,Winter
5/22/2020,16,17,7240,Wind,143,Friday,May,Spring
10/9/2021,8,9,2847,Wind,282,Saturday,October,Fall
10/13/2021,0,1,3296,Wind,286,Wednesday,October,Fall
4/9/2022,22,23,1982,Wind,99,Saturday,April,Spring
3/14/2020,9,10,5211,Wind,74,Saturday,March,Spring
9/11/2025,17,18,14879,Wind,254,Thursday,September,Fall
7/12/2020,18,19,4023,Wind,194,Sunday,July,Summer
10/15/2025,10,11,6940,Solar,288,Wednesday,October,Fall
3/17/2025,16,17,14877,Wind,76,Monday,March,Spring
8/7/2020,21,22,1119,Wind,220,Friday,August,Summer
4/13/2020,5,6,4328,Wind,104,Monday,April,Spring
5/31/2020,23,0,6056,Wind,152,Sunday,May,Spring
5/28/2023,17,18,6428,Wind,148,Sunday,May,Spring
8/23/2022,4,5,1005,Wind,235,Tuesday,August,Summer
7/30/2020,17,18,3388,Solar,212,Thursday,July,Summer
12/25/2021,7,8,1572,Wind,359,Saturday,December,Winter
11/16/2024,6,7,1374,Wind,321,Saturday,November,Fall
5/6/2022,1,2,3436,Wind,126,Friday,May,Spring
7/25/2023,7,8,5855,Wind,206,Tuesday,July,Summer
6/30/2023,0,1,2447,Wind,181,Friday,June,Summer
6/21/2020,1,2,1887,Wind,173,Sunday,June,Summer
3/30/2020,23,0,7156,Wind,90,Monday,March,Spring
11/7/2022,5,6,11253,Wind,311,Monday,November,Fall
8/2/2025,3,4,3930,Wind,214,Saturday,August,Summer
12/14/2020,9,10,8267,Wind,349,Monday,December,Winter
5/12/2024,7,8,4275,Wind,133,Sunday,May,Spring
1/12/2020,22,23,3733,Wind,12,Sunday,January,Winter
8/8/2021,1,2,7331,Wind,220,Sunday,August,Summer
5/11/2022,5,6,3101,Wind,131,Wednesday,May,Spring
10/1/2023,21,22,2395,Wind,274,Sunday,October,Fall
2/23/2022,12,13,5805,Solar,54,Wednesday,February,Winter
10/22/2023,23,0,3732,Wind,295,Sunday,October,Fall
6/14/2024,12,13,12826,Wind,166,Friday,June,Summer
3/4/2025,15,16,6290,Solar,63,Tuesday,March,Spring
6/23/2024,13,14,4302,Solar,175,Sunday,June,Summer
10/22/2021,19,20,2834,Wind,295,Friday,October,Fall
7/10/2024,0,1,2264,Wind,192,Wednesday,July,Summer
11/4/2020,13,14,4014,Solar,309,Wednesday,November,Fall
11/15/2022,9,10,10782,Wind,319,Tuesday,November,Fall
1/28/2023,23,0,2268,Wind,28,Saturday,January,Winter
4/19/2024,11,12,16276,Wind,110,Friday,April,Spring
7/23/2024,13,14,14087,Wind,205,Tuesday,July,Summer
10/6/2023,20,21,1085,Wind,279,Friday,October,Fall
7/7/2022,15,16,10600,Wind,188,Thursday,July,Summer
6/30/2024,6,7,3753,Wind,182,Sunday,June,Summer
5/5/2021,12,13,11434,Wind,125,Wednesday,May,Spring
10/9/2022,13,14,6807,Solar,282,Sunday,October,Fall
1/9/2024,16,17,4360,Wind,9,Tuesday,January,Winter
6/19/2023,18,19,4195,Wind,170,Monday,June,Summer
1/24/2025,22,23,11288,Wind,24,Friday,January,Winter
6/21/2022,21,22,1796,Wind,172,Tuesday,June,Summer
9/7/2023,7,8,2686,Wind,250,Thursday,September,Fall
6/24/2023,11,12,8244,Solar,175,Saturday,June,Summer
4/28/2025,2,3,3071,Wind,118,Monday,April,Spring
5/15/2021,5,6,4264,Wind,135,Saturday,May,Spring
5/25/2023,2,3,6906,Wind,145,Thursday,May,Spring
9/14/2020,13,14,5071,Solar,258,Monday,September,Fall
4/7/2024,22,23,5202,Wind,98,Sunday,April,Spring
6/21/2022,4,5,3804,Wind,172,Tuesday,June,Summer
7/4/2025,3,4,5286,Wind,185,Friday,July,Summer
9/21/2021,19,20,2280,Wind,264,Tuesday,September,Fall
3/4/2024,9,10,6988,Wind,64,Monday,March,Spring
7/27/2021,22,23,3166,Wind,208,Tuesday,July,Summer
4/9/2025,1,2,5058,Wind,99,Wednesday,April,Spring
7/4/2021,13,14,6911,Wind,185,Sunday,July,Summer
10/20/2021,20,21,13048,Wind,293,Wednesday,October,Fall
11/27/2022,20,21,7343,Wind,331,Sunday,November,Fall
3/17/2025,14,15,15549,Wind,76,Monday,March,Spring
3/14/2024,7,8,6363,Wind,74,Thursday,March,Spring
5/10/2020,18,19,4802,Wind,131,Sunday,May,Spring
12/27/2020,6,7,11736,Wind,362,Sunday,December,Winter
11/21/2021,9,10,1770,Wind,325,Sunday,November,Fall
11/28/2025,15,16,7931,Wind,332,Friday,November,Fall
12/9/2021,11,12,7038,Wind,343,Thursday,December,Winter
3/16/2024,22,23,2197,Wind,76,Saturday,March,Spring
8/5/2020,16,17,4806,Solar,218,Wednesday,August,Summer
4/6/2025,19,20,8524,Wind,96,Sunday,April,Spring
2/23/2022,7,8,888,Wind,54,Wednesday,February,Winter
12/22/2020,7,8,10664,Wind,357,Tuesday,December,Winter
6/10/2023,8,9,3002,Solar,161,Saturday,June,Summer
11/13/2025,6,7,10431,Wind,317,Thursday,November,Fall
3/16/2022,2,3,4258,Wind,75,Wednesday,March,Spring
9/16/2025,2,3,11697,Wind,259,Tuesday,September,Fall
11/21/2020,23,0,2372,Wind,326,Saturday,November,Fall
12/12/2024,5,6,3271,Wind,347,Thursday,December,Winter
6/15/2023,10,11,5298,Solar,166,Thursday,June,Summer
2/24/2023,0,1,6635,Wind,55,Friday,February,Winter
4/1/2022,13,14,14543,Wind,91,Friday,April,Spring
4/20/2021,6,7,577,Wind,110,Tuesday,April,Spring
6/17/2024,21,22,1375,Wind,169,Monday,June,Summer
6/29/2021,8,9,2049,Solar,180,Tuesday,June,Summer
5/7/2023,5,6,1473,Wind,127,Sunday,May,Spring
8/9/2020,4,5,1263,Wind,222,Sunday,August,Summer
11/9/2024,6,7,884,Wind,314,Saturday,November,Fall
7/3/2024,15,16,12305,Wind,185,Wednesday,July,Summer
2/26/2020,19,20,6383,Wind,57,Wednesday,February,Winter
7/8/2025,10,11,10854,Solar,189,Tuesday,July,Summer
12/27/2023,16,17,13272,Wind,361,Wednesday,December,Winter
2/8/2025,22,23,4543,Wind,39,Saturday,February,Winter
10/25/2024,10,11,6611,Wind,299,Friday,October,Fall
12/2/2021,7,8,7999,Wind,336,Thursday,December,Winter
5/10/2024,3,4,5301,Wind,131,Friday,May,Spring
1/31/2023,10,11,6313,Wind,31,Tuesday,January,Winter
2/28/2024,9,10,4006,Wind,59,Wednesday,February,Winter
10/27/2022,17,18,5638,Wind,300,Thursday,October,Fall
11/9/2024,21,22,622,Wind,314,Saturday,November,Fall
11/26/2020,7,8,2650,Wind,331,Thursday,November,Fall
12/12/2022,16,17,3694,Wind,346,Monday,December,Winter
1/8/2022,3,4,6540,Wind,8,Saturday,January,Winter
7/22/2023,5,6,1465,Wind,203,Saturday,July,Summer
12/21/2020,13,14,12706,Wind,356,Monday,December,Winter
2/16/2021,20,21,9859,Wind,47,Tuesday,February,Winter
8/18/2020,22,23,728,Wind,231,Tuesday,August,Summer
2/2/2020,16,17,11800,Wind,33,Sunday,February,Winter
4/22/2020,20,21,2587,Wind,113,Wednesday,April,Spring
6/5/2020,7,8,5969,Wind,157,Friday,June,Summer
5/23/2024,11,12,6613,Solar,144,Thursday,May,Spring
3/20/2022,1,2,6580,Wind,79,Sunday,March,Spring
5/19/2024,11,12,2794,Solar,140,Sunday,May,Spring
9/6/2023,17,18,4611,Solar,249,Wednesday,September,Fall
4/22/2021,16,17,8227,Wind,112,Thursday,April,Spring
7/21/2025,19,20,13652,Wind,202,Monday,July,Summer
10/26/2020,9,10,7859,Wind,300,Monday,October,Fall
9/26/2025,15,16,4353,Solar,269,Friday,September,Fall
7/28/2020,6,7,3610,Wind,210,Tuesday,July,Summer
1/16/2024,4,5,1715,Wind,16,Tuesday,January,Winter
10/26/2020,20,21,7818,Wind,300,Monday,October,Fall
3/26/2024,0,1,8416,Wind,86,Tuesday,March,Spring
11/28/2023,8,9,7464,Wind,332,Tuesday,November,Fall
11/14/2024,14,15,5909,Solar,319,Thursday,November,Fall
12/17/2024,11,12,6713,Wind,352,Tuesday,December,Winter
3/20/2020,11,12,6937,Wind,80,Friday,March,Spring
3/28/2025,8,9,5489,Wind,87,Friday,March,Spring
1/16/2022,1,2,1349,Wind,16,Sunday,January,Winter
8/17/2021,8,9,2250,Wind,229,Tuesday,August,Summer
10/22/2025,12,13,6865,Solar,295,Wednesday,October,Fall
1/25/2020,8,9,1579,Wind,25,Saturday,January,Winter
2/22/2025,0,1,11725,Wind,53,Saturday,February,Winter
4/10/2023,10,11,7919,Wind,100,Monday,April,Spring
10/20/2021,14,15,14657,Wind,293,Wednesday,October,Fall
1/30/2020,9,10,8402,Wind,30,Thursday,January,Winter
9/29/2024,13,14,6168,Wind,273,Sunday,September,Fall
11/15/2020,12,13,14508,Wind,320,Sunday,November,Fall
6/8/2021,3,4,916,Wind,159,Tuesday,June,Summer
12/12/2020,21,22,5943,Wind,347,Saturday,December,Winter
12/11/2020,3,4,7153,Wind,346,Friday,December,Winter
2/8/2023,3,4,3513,Wind,39,Wednesday,February,Winter
5/21/2020,20,21,600,Wind,142,Thursday,May,Spring
7/9/2025,14,15,10461,Solar,190,Wednesday,July,Summer
2/10/2024,7,8,4227,Wind,41,Saturday,February,Winter
7/7/2023,16,17,8765,Solar,188,Friday,July,Summer
1/3/2020,13,14,9695,Wind,3,Friday,January,Winter
12/6/2020,22,23,1374,Wind,341,Sunday,December,Winter
10/6/2021,8,9,8548,Wind,279,Wednesday,October,Fall
6/9/2023,16,17,5753,Solar,160,Friday,June,Summer
7/4/2021,12,13,6187,Wind,185,Sunday,July,Summer
2/19/2021,5,6,4799,Wind,50,Friday,February,Winter
11/24/2021,5,6,4927,Wind,328,Wednesday,November,Fall
12/15/2021,4,5,1396,Wind,349,Wednesday,December,Winter
1/25/2025,16,17,5724,Wind,25,Saturday,January,Winter
7/14/2020,15,16,5718,Solar,196,Tuesday,July,Summer
10/18/2023,6,7,11303,Wind,291,Wednesday,October,Fall
6/27/2024,18,19,7928,Wind,179,Thursday,June,Summer
4/24/2021,18,19,6916,Wind,114,Saturday,April,Spring
10/16/2023,21,22,9973,Wind,289,Monday,October,Fall
2/18/2024,22,23,6925,Wind,49,Sunday,February,Winter
5/8/2020,8,9,3039,Wind,129,Friday,May,Spring
3/12/2024,7,8,5075,Wind,72,Tuesday,March,Spring
3/14/2020,20,21,3300,Wind,74,Saturday,March,Spring
1/17/2021,7,8,5676,Wind,17,Sunday,January,Winter
1/3/2022,13,14,12240,Wind,3,Monday,January,Winter
8/7/2020,5,6,2101,Wind,220,Friday,August,Summer
9/26/2023,11,12,6439,Solar,269,Tuesday,September,Fall
7/28/2025,19,20,6132,Wind,209,Monday,July,Summer
7/19/2025,23,0,3954,Wind,200,Saturday,July,Summer
3/20/2021,18,19,4921,Wind,79,Saturday,March,Spring
8/25/2021,5,6,4981,Wind,237,Wednesday,August,Summer
5/16/2021,9,10,4884,Wind,136,Sunday,May,Spring
11/24/2025,6,7,7424,Wind,328,Monday,November,Fall
1/6/2023,14,15,7958,Wind,6,Friday,January,Winter
8/25/2023,9,10,5505,Wind,237,Friday,August,Summer
8/21/2020,10,11,7837,Wind,234,Friday,August,Summer
12/10/2020,15,16,2800,Wind,345,Thursday,December,Winter
12/24/2022,22,23,3971,Wind,358,Saturday,December,Winter
2/26/2025,8,9,8242,Wind,57,Wednesday,February,Winter
3/1/2022,11,12,4988,Solar,60,Tuesday,March,Spring
9/25/2022,21,22,1684,Wind,268,Sunday,September,Fall
11/26/2022,0,1,2624,Wind,330,Saturday,November,Fall
3/25/2021,9,10,3091,Solar,84,Thursday,March,Spring
1/18/2025,7,8,1399,Wind,18,Saturday,January,Winter
10/6/2022,7,8,1712,Wind,279,Thursday,October,Fall
5/20/2025,0,1,6826,Wind,140,Tuesday,May,Spring
10/5/2020,16,17,10905,Wind,279,Monday,October,Fall
1/31/2020,21,22,8388,Wind,31,Friday,January,Winter
1/10/2021,15,16,4559,Wind,10,Sunday,January,Winter
6/14/2023,3,4,3197,Wind,165,Wednesday,June,Summer
3/15/2021,15,16,10846,Wind,74,Monday,March,Spring
11/29/2024,3,4,6487,Wind,334,Friday,November,Fall
12/22/2020,4,5,10281,Wind,357,Tuesday,December,Winter
10/5/2020,3,4,11256,Wind,279,Monday,October,Fall
4/20/2021,5,6,637,Wind,110,Tuesday,April,Spring
8/25/2020,21,22,9550,Wind,238,Tuesday,August,Summer
11/24/2023,18,19,10539,Wind,328,Friday,November,Fall
6/20/2025,5,6,5645,Wind,171,Friday,June,Summer
8/31/2024,15,16,8116,Solar,244,Saturday,August,Summer
7/23/2024,9,10,9773,Wind,205,Tuesday,July,Summer
7/16/2025,15,16,16069,Solar,197,Wednesday,July,Summer
5/6/2021,15,16,8791,Wind,126,Thursday,May,Spring
10/10/2020,7,8,2346,Wind,284,Saturday,October,Fall
2/13/2025,14,15,4494,Solar,44,Thursday,February,Winter
9/29/2025,23,0,2697,Wind,272,Monday,September,Fall
10/27/2021,3,4,2392,Wind,300,Wednesday,October,Fall
6/1/2022,5,6,1109,Wind,152,Wednesday,June,Summer
7/24/2020,4,5,1771,Wind,206,Friday,July,Summer
4/29/2020,22,23,5811,Wind,120,Wednesday,April,Spring
3/30/2023,17,18,15694,Wind,89,Thursday,March,Spring
7/24/2023,6,7,3944,Wind,205,Monday,July,Summer
4/23/2023,23,0,9704,Wind,113,Sunday,April,Spring
10/12/2022,1,2,1054,Wind,285,Wednesday,October,Fall
3/12/2021,3,4,10222,Wind,71,Friday,March,Spring
7/12/2022,2,3,3789,Wind,193,Tuesday,July,Summer
12/22/2020,23,0,7182,Wind,357,Tuesday,December,Winter
2/13/2024,8,9,5445,Wind,44,Tuesday,February,Winter
5/3/2024,20,21,2251,Wind,124,Friday,May,Spring
12/5/2022,11,12,3554,Solar,339,Monday,December,Winter
12/18/2023,12,13,5551,Solar,352,Monday,December,Winter
6/10/2021,6,7,1116,Wind,161,Thursday,June,Summer
8/5/2024,21,22,751,Wind,218,Monday,August,Summer
11/24/2021,1,2,6358,Wind,328,Wednesday,November,Fall
8/31/2025,4,5,5964,Wind,243,Sunday,August,Summer
6/24/2020,14,15,6958,Solar,176,Wednesday,June,Summer
8/11/2023,17,18,6263,Solar,223,Friday,August,Summer
4/21/2021,13,14,5395,Solar,111,Wednesday,April,Spring
2/25/2024,2,3,8187,Wind,56,Sunday,February,Winter
7/22/2024,2,3,4013,Wind,204,Monday,July,Summer
8/6/2022,9,10,7062,Wind,218,Saturday,August,Summer
7/7/2023,6,7,4525,Wind,188,Friday,July,Summer
3/22/2021,3,4,4256,Wind,81,Monday,March,Spring
11/19/2025,1,2,9964,Wind,323,Wednesday,November,Fall
7/16/2022,10,11,6731,Solar,197,Saturday,July,Summer
8/3/2022,22,23,1474,Wind,215,Wednesday,August,Summer
5/3/2025,18,19,7626,Wind,123,Saturday,May,Spring
9/29/2023,19,20,2198,Wind,272,Friday,September,Fall
1/15/2022,19,20,651,Wind,15,Saturday,January,Winter
4/9/2022,4,5,4701,Wind,99,Saturday,April,Spring
10/9/2022,22,23,5394,Wind,282,Sunday,October,Fall
8/12/2023,15,16,9789,Solar,224,Saturday,August,Summer
7/2/2025,22,23,5548,Wind,183,Wednesday,July,Summer
5/16/2023,23,0,7799,Wind,136,Tuesday,May,Spring
7/31/2020,18,19,4080,Wind,213,Friday,July,Summer
4/23/2020,1,2,2669,Wind,114,Thursday,April,Spring
12/14/2021,0,1,810,Wind,348,Tuesday,December,Winter
3/11/2020,12,13,12163,Wind,71,Wednesday,March,Spring
7/26/2024,21,22,506,Wind,208,Friday,July,Summer
8/4/2021,17,18,3345,Solar,216,Wednesday,August,Summer
7/18/2023,8,9,3434,Wind,199,Tuesday,July,Summer
8/28/2020,17,18,8079,Wind,241,Friday,August,Summer
8/27/2024,17,18,6209,Solar,240,Tuesday,August,Summer
3/28/2021,9,10,5097,Wind,87,Sunday,March,Spring
12/16/2023,21,22,2504,Wind,350,Saturday,December,Winter
6/3/2021,16,17,3738,Solar,154,Thursday,June,Summer
10/15/2021,8,9,1488,Wind,288,Friday,October,Fall
10/5/2024,19,20,5905,Wind,279,Saturday,October,Fall
4/7/2020,18,19,2681,Wind,98,Tuesday,April,Spring
11/26/2021,12,13,10802,Wind,330,Friday,November,Fall
6/26/2022,8,9,1719,Solar,177,Sunday,June,Summer
3/19/2020,14,15,3939,Solar,79,Thursday,March,Spring
6/15/2025,14,15,4719,Solar,166,Sunday,June,Summer
11/17/2022,17,18,8379,Wind,321,Thursday,November,Fall
12/2/2024,22,23,7331,Wind,337,Monday,December,Winter
9/11/2024,3,4,11638,Wind,255,Wednesday,September,Fall
5/22/2025,21,22,4939,Wind,142,Thursday,May,Spring
10/16/2024,3,4,11452,Wind,290,Wednesday,October,Fall
12/2/2020,12,13,2987,Wind,337,Wednesday,December,Winter
11/6/2025,19,20,2440,Wind,310,Thursday,November,Fall
8/29/2025,15,16,15987,Wind,241,Friday,August,Summer
3/5/2024,22,23,3012,Wind,65,Tuesday,March,Spring
6/26/2025,23,0,3959,Wind,177,Thursday,June,Summer
10/20/2023,8,9,4473,Wind,293,Friday,October,Fall
9/21/2025,17,18,4316,Wind,264,Sunday,September,Fall
8/7/2020,16,17,3640,Solar,220,Friday,August,Summer
12/3/2021,3,4,3110,Wind,337,Friday,December,Winter
10/16/2021,10,11,3384,Solar,289,Saturday,October,Fall
8/30/2025,7,8,4396,Wind,242,Saturday,August,Summer
2/23/2025,22,23,11952,Wind,54,Sunday,February,Winter
10/20/2020,16,17,9534,Wind,294,Tuesday,October,Fall
12/26/2024,20,21,3449,Wind,361,Thursday,December,Winter
12/13/2024,22,23,785,Wind,348,Friday,December,Winter
7/16/2022,0,1,3960,Wind,197,Saturday,July,Summer
10/11/2020,3,4,3670,Wind,285,Sunday,October,Fall
7/26/2024,15,16,7022,Solar,208,Friday,July,Summer
9/29/2023,6,7,8290,Wind,272,Friday,September,Fall
12/20/2023,13,14,11237,Wind,354,Wednesday,December,Winter
7/11/2020,19,20,4072,Wind,193,Saturday,July,Summer
1/31/2025,1,2,2272,Wind,31,Friday,January,Winter
3/10/2020,8,9,11993,Wind,70,Tuesday,March,Spring
3/3/2022,4,5,1517,Wind,62,Thursday,March,Spring
3/7/2024,17,18,11067,Wind,67,Thursday,March,Spring
10/19/2024,22,23,3297,Wind,293,Saturday,October,Fall
5/21/2020,13,14,4337,Solar,142,Thursday,May,Spring
10/11/2023,13,14,8576,Solar,284,Wednesday,October,Fall
7/2/2022,0,1,754,Wind,183,Saturday,July,Summer
1/15/2023,21,22,14992,Wind,15,Sunday,January,Winter
7/19/2022,3,4,5671,Wind,200,Tuesday,July,Summer
10/22/2022,3,4,6189,Wind,295,Saturday,October,Fall
12/31/2023,5,6,17336,Wind,365,Sunday,December,Winter
4/4/2022,3,4,2150,Wind,94,Monday,April,Spring
3/2/2022,1,2,2780,Wind,61,Wednesday,March,Spring
9/24/2021,4,5,475,Wind,267,Friday,September,Fall
5/23/2021,23,0,9144,Wind,143,Sunday,May,Spring
9/29/2020,5,6,1805,Wind,273,Tuesday,September,Fall
3/9/2024,7,8,12796,Wind,69,Saturday,March,Spring
4/16/2024,10,11,10158,Wind,107,Tuesday,April,Spring
6/11/2020,12,13,4847,Wind,163,Thursday,June,Summer
2/1/2022,0,1,6934,Wind,32,Tuesday,February,Winter
8/30/2024,3,4,2706,Wind,243,Friday,August,Summer
6/27/2021,3,4,3872,Wind,178,Sunday,June,Summer
11/17/2020,19,20,2225,Wind,322,Tuesday,November,Fall
7/23/2024,1,2,4890,Wind,205,Tuesday,July,Summer
7/16/2022,2,3,3533,Wind,197,Saturday,July,Summer
7/8/2025,20,21,3770,Wind,189,Tuesday,July,Summer
10/19/2022,17,18,7629,Wind,292,Wednesday,October,Fall
6/16/2020,20,21,1666,Wind,168,Tuesday,June,Summer
1/10/2025,15,16,3319,Wind,10,Friday,January,Winter
9/10/2020,11,12,3052,Solar,254,Thursday,September,Fall
11/13/2021,8,9,5126,Wind,317,Saturday,November,Fall
4/22/2025,13,14,7792,Solar,112,Tuesday,April,Spring
5/15/2020,5,6,6575,Wind,136,Friday,May,Spring
3/25/2024,15,16,10580,Wind,85,Monday,March,Spring
1/26/2023,23,0,6312,Wind,26,Thursday,January,Winter
7/19/2024,5,6,1335,Wind,201,Friday,July,Summer
6/30/2025,21,22,1192,Wind,181,Monday,June,Summer
2/12/2023,0,1,3402,Wind,43,Sunday,February,Winter
9/27/2022,6,7,6509,Wind,270,Tuesday,September,Fall
7/27/2020,15,16,11749,Wind,209,Monday,July,Summer
7/10/2023,13,14,8700,Solar,191,Monday,July,Summer
1/20/2025,2,3,1542,Wind,20,Monday,January,Winter
3/28/2023,16,17,9979,Wind,87,Tuesday,March,Spring
10/4/2021,8,9,5584,Wind,277,Monday,October,Fall
6/9/2024,1,2,3464,Wind,161,Sunday,June,Summer
8/17/2021,12,13,6878,Solar,229,Tuesday,August,Summer
1/27/2023,7,8,8252,Wind,27,Friday,January,Winter
8/5/2021,14,15,8681,Wind,217,Thursday,August,Summer
7/21/2025,23,0,7848,Wind,202,Monday,July,Summer
5/27/2025,17,18,15563,Wind,147,Tuesday,May,Spring
2/22/2024,0,1,14343,Wind,53,Thursday,February,Winter
12/10/2023,0,1,16050,Wind,344,Sunday,December,Winter
6/18/2021,1,2,3603,Wind,169,Friday,June,Summer
4/25/2025,10,11,7896,Solar,115,Friday,April,Spring
7/5/2021,0,1,2602,Wind,186,Monday,July,Summer
7/7/2021,23,0,1703,Wind,188,Wednesday,July,Summer
12/12/2020,11,12,6348,Wind,347,Saturday,December,Winter
11/1/2025,16,17,9647,Wind,305,Saturday,November,Fall
1/22/2024,20,21,14875,Wind,22,Monday,January,Winter
8/28/2025,16,17,11353,Wind,240,Thursday,August,Summer
4/29/2022,10,11,4724,Solar,119,Friday,April,Spring
1/20/2021,18,19,15051,Wind,20,Wednesday,January,Winter
6/19/2024,22,23,6935,Wind,171,Wednesday,June,Summer
4/2/2022,16,17,12110,Wind,92,Saturday,April,Spring
8/8/2024,5,6,1189,Wind,221,Thursday,August,Summer
11/2/2024,18,19,3994,Wind,307,Saturday,November,Fall
9/6/2021,15,16,5313,Solar,249,Monday,September,Fall
3/28/2020,19,20,9382,Wind,88,Saturday,March,Spring
2/14/2022,21,22,6029,Wind,45,Monday,February,Winter
10/13/2022,17,18,4003,Wind,286,Thursday,October,Fall
7/15/2024,16,17,10450,Wind,197,Monday,July,Summer
4/22/2023,0,1,3755,Wind,112,Saturday,April,Spring
10/26/2024,16,17,2125,Solar,300,Saturday,October,Fall
1/25/2025,11,12,7875,Wind,25,Saturday,January,Winter
2/6/2024,14,15,15869,Wind,37,Tuesday,February,Winter
11/24/2024,18,19,19758,Wind,329,Sunday,November,Fall
12/4/2022,2,3,3252,Wind,338,Sunday,December,Winter
2/12/2023,14,15,6688,Solar,43,Sunday,February,Winter
1/31/2020,4,5,7716,Wind,31,Friday,January,Winter
11/29/2020,10,11,4788,Wind,334,Sunday,November,Fall
4/29/2022,18,19,4816,Wind,119,Friday,April,Spring
8/1/2021,16,17,6683,Solar,213,Sunday,August,Summer
3/15/2020,0,1,3612,Wind,75,Sunday,March,Spring
7/1/2023,21,22,7075,Wind,182,Saturday,July,Summer
3/2/2023,21,22,4877,Wind,61,Thursday,March,Spring
8/3/2024,7,8,3218,Wind,216,Saturday,August,Summer
11/19/2024,20,21,12210,Wind,324,Tuesday,November,Fall
1/8/2024,6,7,12121,Wind,8,Monday,January,Winter
12/21/2024,21,22,18922,Wind,356,Saturday,December,Winter
10/25/2022,17,18,4158,Wind,298,Tuesday,October,Fall
4/15/2022,1,2,1942,Wind,105,Friday,April,Spring
12/7/2021,6,7,5150,Wind,341,Tuesday,December,Winter
1/17/2022,23,0,2215,Wind,17,Monday,January,Winter
2/24/2025,9,10,15311,Wind,55,Monday,February,Winter
7/14/2021,20,21,6824,Wind,195,Wednesday,July,Summer
1/11/2023,4,5,13408,Wind,11,Wednesday,January,Winter
10/15/2024,11,12,7313,Wind,289,Tuesday,October,Fall
9/14/2023,20,21,983,Wind,257,Thursday,September,Fall
12/4/2021,13,14,14167,Wind,338,Saturday,December,Winter
5/10/2021,21,22,1928,Wind,130,Monday,May,Spring
7/31/2021,13,14,6027,Wind,212,Saturday,July,Summer
11/26/2025,9,10,5852,Wind,330,Wednesday,November,Fall
6/20/2022,20,21,4764,Wind,171,Monday,June,Summer
8/1/2020,13,14,4517,Solar,214,Saturday,August,Summer
9/30/2022,17,18,8433,Wind,273,Friday,September,Fall
6/10/2024,13,14,16343,Wind,162,Monday,June,Summer
9/8/2024,5,6,5635,Wind,252,Sunday,September,Fall
8/20/2021,10,11,3653,Solar,232,Friday,August,Summer
10/21/2020,17,18,11801,Wind,295,Wednesday,October,Fall
11/8/2023,22,23,14010,Wind,312,Wednesday,November,Fall
10/11/2020,7,8,3222,Wind,285,Sunday,October,Fall
8/4/2023,11,12,7826,Solar,216,Friday,August,Summer
5/15/2021,16,17,11074,Wind,135,Saturday,May,Spring
11/1/2021,18,19,5774,Wind,305,Monday,November,Fall
2/13/2025,4,5,1341,Wind,44,Thursday,February,Winter
2/20/2022,20,21,16004,Wind,51,Sunday,February,Winter
1/2/2025,6,7,7704,Wind,2,Thursday,January,Winter
1/23/2023,4,5,4026,Wind,23,Monday,January,Winter
3/15/2022,0,1,5845,Wind,74,Tuesday,March,Spring
12/1/2022,15,16,4324,Wind,335,Thursday,December,Winter
5/10/2024,21,22,5155,Wind,131,Friday,May,Spring
8/15/2025,16,17,9881,Solar,227,Friday,August,Summer
2/9/2020,11,12,15238,Wind,40,Sunday,February,Winter
5/21/2024,21,22,3665,Wind,142,Tuesday,May,Spring
5/11/2024,6,7,4326,Wind,132,Saturday,May,Spring
9/23/2020,18,19,5813,Wind,267,Wednesday,September,Fall
11/17/2025,15,16,10323,Wind,321,Monday,November,Fall
1/2/2021,0,1,1169,Wind,2,Saturday,January,Winter
8/8/2023,23,0,2853,Wind,220,Tuesday,August,Summer
5/18/2023,19,20,6720,Wind,138,Thursday,May,Spring
10/24/2022,22,23,7627,Wind,297,Monday,October,Fall
9/3/2022,20,21,1066,Wind,246,Saturday,September,Fall
11/29/2024,14,15,7650,Solar,334,Friday,November,Fall
4/4/2020,10,11,4136,Solar,95,Saturday,April,Spring
3/18/2020,11,12,3727,Solar,78,Wednesday,March,Spring
4/29/2020,13,14,10092,Wind,120,Wednesday,April,Spring
10/16/2021,16,17,3207,Solar,289,Saturday,October,Fall
10/6/2021,17,18,8756,Wind,279,Wednesday,October,Fall
2/26/2025,11,12,13305,Wind,57,Wednesday,February,Winter
3/1/2021,13,14,5810,Solar,60,Monday,March,Spring
11/24/2022,3,4,11415,Wind,328,Thursday,November,Fall
9/1/2025,20,21,5387,Wind,244,Monday,September,Fall
11/14/2024,21,22,3630,Wind,319,Thursday,November,Fall
3/20/2021,6,7,4488,Wind,79,Saturday,March,Spring
12/17/2021,5,6,6817,Wind,351,Friday,December,Winter
2/7/2025,3,4,9958,Wind,38,Friday,February,Winter
1/5/2024,0,1,12301,Wind,5,Friday,January,Winter
9/8/2024,12,13,11440,Wind,252,Sunday,September,Fall
7/27/2020,8,9,3719,Wind,209,Monday,July,Summer
2/17/2023,13,14,13006,Wind,48,Friday,February,Winter
7/22/2024,5,6,3267,Wind,204,Monday,July,Summer
9/7/2024,12,13,6652,Solar,251,Saturday,September,Fall
8/2/2021,8,9,1835,Solar,214,Monday,August,Summer
7/24/2021,18,19,5008,Wind,205,Saturday,July,Summer
6/26/2022,21,22,1353,Wind,177,Sunday,June,Summer
5/25/2021,9,10,10972,Wind,145,Tuesday,May,Spring
1/3/2024,5,6,16091,Wind,3,Wednesday,January,Winter
4/28/2024,18,19,4975,Wind,119,Sunday,April,Spring
2/10/2022,3,4,4390,Wind,41,Thursday,February,Winter
9/1/2023,2,3,4835,Wind,244,Friday,September,Fall
1/23/2025,8,9,6187,Wind,23,Thursday,January,Winter
8/12/2022,9,10,4233,Solar,224,Friday,August,Summer
6/6/2022,0,1,3154,Wind,157,Monday,June,Summer
4/26/2021,23,0,6682,Wind,116,Monday,April,Spring
8/21/2022,4,5,492,Wind,233,Sunday,August,Summer
7/29/2025,17,18,9703,Solar,210,Tuesday,July,Summer
1/14/2020,1,2,12193,Wind,14,Tuesday,January,Winter
11/23/2020,6,7,197,Wind,328,Monday,November,Fall
3/3/2020,16,17,2913,Wind,63,Tuesday,March,Spring
4/30/2022,23,0,4152,Wind,120,Saturday,April,Spring
8/28/2025,3,4,2154,Wind,240,Thursday,August,Summer
9/28/2025,17,18,3101,Solar,271,Sunday,September,Fall
4/26/2020,19,20,826,Solar,117,Sunday,April,Spring
4/26/2020,7,8,1234,Wind,117,Sunday,April,Spring
1/13/2020,0,1,3124,Wind,13,Monday,January,Winter
7/4/2021,8,9,1516,Wind,185,Sunday,July,Summer
8/20/2022,16,17,6307,Solar,232,Saturday,August,Summer
10/15/2022,21,22,4985,Wind,288,Saturday,October,Fall
11/4/2024,20,21,2945,Wind,309,Monday,November,Fall
5/27/2024,1,2,2781,Wind,148,Monday,May,Spring
5/3/2021,7,8,1219,Wind,123,Monday,May,Spring
6/25/2023,21,22,4990,Wind,176,Sunday,June,Summer
1/24/2023,17,18,3120,Wind,24,Tuesday,January,Winter
2/11/2022,8,9,2704,Wind,42,Friday,February,Winter
6/17/2023,22,23,1596,Wind,168,Saturday,June,Summer
9/25/2021,10,11,3100,Solar,268,Saturday,September,Fall
9/9/2024,8,9,8509,Wind,253,Monday,September,Fall
4/25/2023,23,0,2732,Wind,115,Tuesday,April,Spring
4/17/2021,20,21,5570,Wind,107,Saturday,April,Spring
8/1/2022,23,0,1415,Wind,213,Monday,August,Summer
7/14/2021,18,19,7691,Wind,195,Wednesday,July,Summer
10/14/2025,10,11,8624,Wind,287,Tuesday,October,Fall
2/21/2020,14,15,8633,Wind,52,Friday,February,Winter
10/24/2024,11,12,7285,Solar,298,Thursday,October,Fall
7/17/2022,2,3,6218,Wind,198,Sunday,July,Summer
8/15/2022,12,13,7754,Solar,227,Monday,August,Summer
8/23/2020,7,8,4453,Wind,236,Sunday,August,Summer
8/1/2020,6,7,1772,Wind,214,Saturday,August,Summer
7/3/2025,3,4,5681,Wind,184,Thursday,July,Summer
5/2/2022,0,1,3281,Wind,122,Monday,May,Spring
10/11/2020,0,1,4013,Wind,285,Sunday,October,Fall
5/15/2021,10,11,7542,Wind,135,Saturday,May,Spring
8/19/2024,10,11,6872,Solar,232,Monday,August,Summer
10/21/2025,5,6,12221,Wind,294,Tuesday,October,Fall
6/25/2023,11,12,7269,Solar,176,Sunday,June,Summer
9/15/2024,17,18,7756,Solar,259,Sunday,September,Fall
7/19/2024,6,7,1367,Wind,201,Friday,July,Summer
6/20/2022,11,12,6635,Solar,171,Monday,June,Summer
11/24/2020,2,3,1825,Wind,329,Tuesday,November,Fall
3/20/2022,4,5,4944,Wind,79,Sunday,March,Spring
5/26/2020,15,16,7491,Solar,147,Tuesday,May,Spring
9/9/2025,20,21,2139,Wind,252,Tuesday,September,Fall
1/23/2020,4,5,5821,Wind,23,Thursday,January,Winter
7/22/2022,4,5,3155,Wind,203,Friday,July,Summer
2/22/2023,6,7,2969,Wind,53,Wednesday,February,Winter
5/4/2023,18,19,7974,Wind,124,Thursday,May,Spring
3/29/2022,15,16,3886,Solar,88,Tuesday,March,Spring
1/24/2025,13,14,19431,Wind,24,Friday,January,Winter
3/17/2025,21,22,11797,Wind,76,Monday,March,Spring
11/4/2024,4,5,2853,Wind,309,Monday,November,Fall
1/11/2023,10,11,10073,Wind,11,Wednesday,January,Winter
6/21/2022,15,16,4791,Solar,172,Tuesday,June,Summer
7/2/2020,18,19,6452,Wind,184,Thursday,July,Summer
5/12/2024,14,15,4059,Solar,133,Sunday,May,Spring
3/11/2021,6,7,14266,Wind,70,Thursday,March,Spring
9/23/2020,13,14,8641,Wind,267,Wednesday,September,Fall
4/30/2024,21,22,3124,Wind,121,Tuesday,April,Spring
9/16/2023,22,23,2367,Wind,259,Saturday,September,Fall
5/4/2025,19,20,11985,Wind,124,Sunday,May,Spring
4/8/2022,18,19,10607,Wind,98,Friday,April,Spring
12/23/2023,16,17,14470,Wind,357,Saturday,December,Winter
8/11/2025,22,23,5924,Wind,223,Monday,August,Summer
7/16/2021,17,18,7525,Wind,197,Friday,July,Summer
2/11/2020,7,8,11753,Wind,42,Tuesday,February,Winter
11/9/2024,1,2,1782,Wind,314,Saturday,November,Fall
9/27/2022,18,19,9228,Wind,270,Tuesday,September,Fall
9/1/2024,8,9,4830,Wind,245,Sunday,September,Fall
11/1/2020,7,8,9246,Wind,306,Sunday,November,Fall
1/9/2025,7,8,14188,Wind,9,Thursday,January,Winter
12/31/2024,1,2,2303,Wind,366,Tuesday,December,Winter
1/6/2025,0,1,18763,Wind,6,Monday,January,Winter
1/30/2024,14,15,7283,Solar,30,Tuesday,January,Winter
4/18/2021,20,21,2015,Wind,108,Sunday,April,Spring
4/24/2021,15,16,8651,Solar,114,Saturday,April,Spring
10/27/2021,19,20,2324,Wind,300,Wednesday,October,Fall
7/2/2020,0,1,2474,Wind,184,Thursday,July,Summer
1/7/2024,4,5,7340,Wind,7,Sunday,January,Winter
1/18/2024,14,15,6969,Wind,18,Thursday,January,Winter
9/9/2023,1,2,1650,Wind,252,Saturday,September,Fall
3/17/2025,10,11,11786,Solar,76,Monday,March,Spring
10/20/2024,7,8,6846,Wind,294,Sunday,October,Fall
9/11/2021,16,17,4615,Solar,254,Saturday,September,Fall
3/12/2024,15,16,12222,Wind,72,Tuesday,March,Spring
8/6/2020,16,17,3605,Solar,219,Thursday,August,Summer
1/15/2022,1,2,847,Wind,15,Saturday,January,Winter
4/18/2022,17,18,4269,Solar,108,Monday,April,Spring
1/13/2020,6,7,2987,Wind,13,Monday,January,Winter
3/16/2021,11,12,5314,Solar,75,Tuesday,March,Spring
6/15/2022,6,7,2328,Wind,166,Wednesday,June,Summer
9/30/2023,12,13,6508,Solar,273,Saturday,September,Fall
10/29/2024,21,22,685,Wind,303,Tuesday,October,Fall
9/4/2025,20,21,6150,Wind,247,Thursday,September,Fall
8/21/2023,15,16,6576,Solar,233,Monday,August,Summer
4/19/2020,14,15,2914,Wind,110,Sunday,April,Spring
7/12/2021,9,10,2663,Wind,193,Monday,July,Summer
1/3/2022,7,8,9393,Wind,3,Monday,January,Winter
11/10/2020,6,7,486,Wind,315,Tuesday,November,Fall
2/3/2025,23,0,1883,Wind,34,Monday,February,Winter
3/31/2025,0,1,4280,Wind,90,Monday,March,Spring
7/12/2024,17,18,8243,Wind,194,Friday,July,Summer
6/14/2024,17,18,12714,Wind,166,Friday,June,Summer
9/21/2025,11,12,3451,Solar,264,Sunday,September,Fall
5/16/2021,23,0,9508,Wind,136,Sunday,May,Spring
3/7/2022,5,6,6815,Wind,66,Monday,March,Spring
8/10/2022,10,11,6251,Solar,222,Wednesday,August,Summer
3/7/2023,5,6,5865,Wind,66,Tuesday,March,Spring
3/14/2025,15,16,7686,Wind,73,Friday,March,Spring
10/4/2024,7,8,4180,Wind,278,Friday,October,Fall
12/15/2022,22,23,7205,Wind,349,Thursday,December,Winter
9/3/2020,0,1,931,Wind,247,Thursday,September,Fall
6/17/2022,21,22,1078,Wind,168,Friday,June,Summer
12/21/2023,18,19,17520,Wind,355,Thursday,December,Winter
3/2/2023,14,15,6558,Solar,61,Thursday,March,Spring
8/4/2024,20,21,1620,Wind,217,Sunday,August,Summer
12/29/2024,21,22,548,Wind,364,Sunday,December,Winter
11/14/2024,1,2,3831,Wind,319,Thursday,November,Fall
8/4/2022,9,10,3343,Solar,216,Thursday,August,Summer
4/26/2022,0,1,2101,Wind,116,Tuesday,April,Spring
5/16/2022,5,6,5648,Wind,136,Monday,May,Spring
1/9/2020,16,17,10435,Wind,9,Thursday,January,Winter
11/24/2022,14,15,9150,Wind,328,Thursday,November,Fall
1/20/2024,23,0,10670,Wind,20,Saturday,January,Winter
3/14/2020,22,23,3349,Wind,74,Saturday,March,Spring
3/10/2020,22,23,11030,Wind,70,Tuesday,March,Spring
5/26/2024,2,3,4508,Wind,147,Sunday,May,Spring
8/13/2023,1,2,1162,Wind,225,Sunday,August,Summer
3/28/2022,6,7,1606,Wind,87,Monday,March,Spring
10/12/2020,14,15,4590,Solar,286,Monday,October,Fall
10/22/2024,10,11,3182,Solar,296,Tuesday,October,Fall
10/19/2020,11,12,5009,Solar,293,Monday,October,Fall
9/12/2021,21,22,1376,Wind,255,Sunday,September,Fall
7/17/2024,3,4,2046,Wind,199,Wednesday,July,Summer
8/17/2024,1,2,1571,Wind,230,Saturday,August,Summer
8/13/2023,16,17,7801,Solar,225,Sunday,August,Summer
6/28/2024,2,3,3695,Wind,180,Friday,June,Summer
2/6/2022,4,5,13477,Wind,37,Sunday,February,Winter
3/31/2021,10,11,4010,Solar,90,Wednesday,March,Spring
10/25/2023,11,12,11630,Wind,298,Wednesday,October,Fall
7/23/2024,23,0,2067,Wind,205,Tuesday,July,Summer
3/18/2023,3,4,7204,Wind,77,Saturday,March,Spring
12/5/2024,23,0,18205,Wind,340,Thursday,December,Winter
1/8/2024,2,3,11508,Wind,8,Monday,January,Winter
6/11/2020,8,9,2692,Wind,163,Thursday,June,Summer
6/6/2025,22,23,4429,Wind,157,Friday,June,Summer
6/2/2021,23,0,2032,Wind,153,Wednesday,June,Summer
9/21/2020,21,22,1334,Wind,265,Monday,September,Fall
9/2/2025,23,0,11315,Wind,245,Tuesday,September,Fall
9/21/2025,20,21,4453,Wind,264,Sunday,September,Fall
8/9/2021,10,11,6015,Wind,221,Monday,August,Summer
3/16/2021,2,3,3997,Wind,75,Tuesday,March,Spring
10/18/2022,13,14,5899,Solar,291,Tuesday,October,Fall
12/26/2021,12,13,4600,Wind,360,Sunday,December,Winter
7/27/2024,2,3,455,Wind,209,Saturday,July,Summer
9/11/2020,9,10,1917,Solar,255,Friday,September,Fall
9/13/2020,19,20,705,Wind,257,Sunday,September,Fall
8/15/2023,17,18,4625,Solar,227,Tuesday,August,Summer
7/29/2021,5,6,4205,Wind,210,Thursday,July,Summer
5/19/2024,2,3,552,Wind,140,Sunday,May,Spring
3/30/2023,7,8,11130,Wind,89,Thursday,March,Spring
7/10/2025,16,17,11067,Solar,191,Thursday,July,Summer
8/9/2025,4,5,1139,Wind,221,Saturday,August,Summer
11/1/2023,18,19,12788,Wind,305,Wednesday,November,Fall
6/12/2024,20,21,2252,Wind,164,Wednesday,June,Summer
9/20/2025,5,6,6560,Wind,263,Saturday,September,Fall
5/1/2020,0,1,7535,Wind,122,Friday,May,Spring
1/21/2020,11,12,2976,Wind,21,Tuesday,January,Winter
6/29/2025,6,7,2536,Wind,180,Sunday,June,Summer
10/12/2020,6,7,2120,Wind,286,Monday,October,Fall
7/25/2024,12,13,9805,Solar,207,Thursday,July,Summer
6/5/2023,13,14,9739,Solar,156,Monday,June,Summer
6/9/2023,7,8,4688,Wind,160,Friday,June,Summer
9/4/2025,21,22,6077,Wind,247,Thursday,September,Fall
5/11/2024,23,0,4091,Wind,132,Saturday,May,Spring
3/24/2025,10,11,5051,Solar,83,Monday,March,Spring
7/26/2023,7,8,2889,Wind,207,Wednesday,July,Summer
8/6/2024,20,21,2592,Wind,219,Tuesday,August,Summer
4/22/2025,5,6,1421,Wind,112,Tuesday,April,Spring
8/27/2024,11,12,8753,Solar,240,Tuesday,August,Summer
7/11/2021,15,16,4877,Solar,192,Sunday,July,Summer
11/11/2021,7,8,1001,Wind,315,Thursday,November,Fall
2/25/2025,0,1,4530,Wind,56,Tuesday,February,Winter
4/2/2025,11,12,18987,Wind,92,Wednesday,April,Spring
7/22/2020,6,7,3797,Wind,204,Wednesday,July,Summer
2/5/2020,16,17,2504,Wind,36,Wednesday,February,Winter
3/30/2020,20,21,8073,Wind,90,Monday,March,Spring
5/11/2020,4,5,9699,Wind,132,Monday,May,Spring
11/5/2021,2,3,3405,Wind,309,Friday,November,Fall
8/30/2020,3,4,3012,Wind,243,Sunday,August,Summer
9/8/2025,21,22,2307,Wind,251,Monday,September,Fall
3/4/2022,8,9,3630,Wind,63,Friday,March,Spring
8/6/2022,2,3,5462,Wind,218,Saturday,August,Summer
12/13/2024,19,20,698,Wind,348,Friday,December,Winter
12/31/2023,17,18,17198,Wind,365,Sunday,December,Winter
9/4/2025,9,10,9465,Wind,247,Thursday,September,Fall
2/25/2025,9,10,8542,Wind,56,Tuesday,February,Winter
3/18/2022,11,12,12613,Wind,77,Friday,March,Spring
3/19/2025,14,15,12452,Solar,78,Wednesday,March,Spring
8/7/2022,0,1,7995,Wind,219,Sunday,August,Summer
3/24/2025,4,5,747,Wind,83,Monday,March,Spring
12/22/2020,11,12,9500,Wind,357,Tuesday,December,Winter
5/5/2020,22,23,2517,Wind,126,Tuesday,May,Spring
12/14/2024,7,8,2252,Wind,349,Saturday,December,Winter
2/3/2023,21,22,4534,Wind,34,Friday,February,Winter
11/12/2022,8,9,4144,Wind,316,Saturday,November,Fall
7/18/2024,11,12,7522,Solar,200,Thursday,July,Summer
3/9/2020,6,7,6476,Wind,69,Monday,March,Spring
6/28/2021,12,13,4142,Solar,179,Monday,June,Summer
3/24/2022,11,12,6783,Solar,83,Thursday,March,Spring
1/3/2020,8,9,9177,Wind,3,Friday,January,Winter
5/2/2025,20,21,3054,Wind,122,Friday,May,Spring
11/23/2022,10,11,12239,Wind,327,Wednesday,November,Fall
11/3/2023,4,5,9640,Wind,307,Friday,November,Fall
4/9/2024,23,0,8241,Wind,100,Tuesday,April,Spring
5/16/2021,19,20,9726,Wind,136,Sunday,May,Spring
2/14/2025,5,6,5166,Wind,45,Friday,February,Winter
10/23/2022,14,15,13158,Wind,296,Sunday,October,Fall
12/14/2022,17,18,2357,Wind,348,Wednesday,December,Winter
7/31/2024,16,17,6848,Solar,213,Wednesday,July,Summer
1/15/2025,0,1,2675,Wind,15,Wednesday,January,Winter
11/21/2021,21,22,5308,Wind,325,Sunday,November,Fall
11/12/2023,5,6,7747,Wind,316,Sunday,November,Fall
11/10/2021,19,20,1095,Wind,314,Wednesday,November,Fall
10/30/2022,15,16,4128,Wind,303,Sunday,October,Fall
1/12/2021,13,14,11705,Wind,12,Tuesday,January,Winter
11/17/2023,5,6,4471,Wind,321,Friday,November,Fall
7/3/2022,8,9,2588,Solar,184,Sunday,July,Summer
3/9/2021,17,18,3112,Wind,68,Tuesday,March,Spring
3/17/2023,10,11,9438,Wind,76,Friday,March,Spring
4/1/2025,5,6,10726,Wind,91,Tuesday,April,Spring
3/28/2020,2,3,2228,Wind,88,Saturday,March,Spring
1/29/2022,4,5,5616,Wind,29,Saturday,January,Winter
2/11/2023,1,2,2311,Wind,42,Saturday,February,Winter
5/19/2020,22,23,3873,Wind,140,Tuesday,May,Spring
5/8/2023,20,21,1613,Wind,128,Monday,May,Spring
4/23/2021,9,10,4703,Solar,113,Friday,April,Spring
10/13/2025,19,20,6779,Wind,286,Monday,October,Fall
1/8/2020,12,13,5049,Wind,8,Wednesday,January,Winter
11/13/2023,4,5,10748,Wind,317,Monday,November,Fall
6/30/2021,5,6,2072,Wind,181,Wednesday,June,Summer
8/28/2023,3,4,3728,Wind,240,Monday,August,Summer
9/2/2021,16,17,6041,Wind,245,Thursday,September,Fall
3/31/2022,7,8,5596,Wind,90,Thursday,March,Spring
1/14/2023,14,15,18425,Wind,14,Saturday,January,Winter
12/10/2020,17,18,3945,Wind,345,Thursday,December,Winter
1/6/2025,8,9,18841,Wind,6,Monday,January,Winter
2/5/2024,14,15,9758,Wind,36,Monday,February,Winter
11/4/2024,14,15,4760,Solar,309,Monday,November,Fall
11/10/2022,4,5,3540,Wind,314,Thursday,November,Fall
7/14/2020,9,10,2423,Solar,196,Tuesday,July,Summer
9/17/2020,0,1,4803,Wind,261,Thursday,September,Fall
7/12/2021,15,16,4724,Solar,193,Monday,July,Summer
5/22/2020,10,11,5050,Solar,143,Friday,May,Spring
1/18/2021,14,15,5818,Wind,18,Monday,January,Winter
9/22/2022,22,23,613,Wind,265,Thursday,September,Fall
2/22/2021,7,8,6262,Wind,53,Monday,February,Winter
3/22/2020,8,9,8856,Wind,82,Sunday,March,Spring
10/12/2020,9,10,2453,Wind,286,Monday,October,Fall
4/19/2025,15,16,4612,Wind,109,Saturday,April,Spring
8/25/2025,22,23,1411,Wind,237,Monday,August,Summer
4/20/2022,4,5,4490,Wind,110,Wednesday,April,Spring
12/9/2020,14,15,2985,Wind,344,Wednesday,December,Winter
7/22/2020,14,15,4307,Solar,204,Wednesday,July,Summer
5/21/2023,5,6,5032,Wind,141,Sunday,May,Spring
1/22/2022,6,7,2925,Wind,22,Saturday,January,Winter
12/1/2021,11,12,12759,Wind,335,Wednesday,December,Winter
1/11/2021,2,3,1886,Wind,11,Monday,January,Winter
3/9/2020,5,6,7030,Wind,69,Monday,March,Spring
2/26/2024,16,17,13709,Wind,57,Monday,February,Winter
3/7/2022,18,19,5870,Wind,66,Monday,March,Spring
10/11/2021,10,11,4324,Solar,284,Monday,October,Fall
9/1/2025,13,14,12704,Wind,244,Monday,September,Fall
10/2/2020,22,23,3285,Wind,276,Friday,October,Fall
12/20/2024,11,12,8847,Wind,355,Friday,December,Winter
8/7/2022,15,16,10239,Solar,219,Sunday,August,Summer
2/7/2024,13,14,17700,Wind,38,Wednesday,February,Winter
6/4/2020,16,17,6146,Wind,156,Thursday,June,Summer
10/13/2021,7,8,2432,Wind,286,Wednesday,October,Fall
2/9/2020,1,2,8445,Wind,40,Sunday,February,Winter
2/21/2022,22,23,10192,Wind,52,Monday,February,Winter
3/3/2024,5,6,3260,Wind,63,Sunday,March,Spring
7/17/2025,4,5,1257,Wind,198,Thursday,July,Summer
2/23/2024,16,17,12084,Wind,54,Friday,February,Winter
3/7/2025,23,0,10966,Wind,66,Friday,March,Spring
12/15/2023,20,21,1834,Wind,349,Friday,December,Winter
9/24/2025,1,2,7488,Wind,267,Wednesday,September,Fall
8/3/2025,8,9,4235,Solar,215,Sunday,August,Summer
11/20/2025,17,18,3840,Wind,324,Thursday,November,Fall
9/11/2020,8,9,1169,Wind,255,Friday,September,Fall
11/2/2025,6,7,8973,Wind,306,Sunday,November,Fall
9/22/2022,15,16,5500,Solar,265,Thursday,September,Fall
5/23/2020,15,16,8605,Wind,144,Saturday,May,Spring
12/20/2022,0,1,13706,Wind,354,Tuesday,December,Winter
11/22/2024,0,1,5864,Wind,327,Friday,November,Fall
11/13/2022,3,4,2267,Wind,317,Sunday,November,Fall
4/19/2021,10,11,3728,Solar,109,Monday,April,Spring
7/4/2024,6,7,7129,Wind,186,Thursday,July,Summer
6/26/2023,21,22,3874,Wind,177,Monday,June,Summer
10/22/2023,21,22,2996,Wind,295,Sunday,October,Fall
1/16/2022,13,14,5824,Solar,16,Sunday,January,Winter
9/7/2020,23,0,1722,Wind,251,Monday,September,Fall
5/23/2022,7,8,3621,Wind,143,Monday,May,Spring
10/4/2025,1,2,16699,Wind,277,Saturday,October,Fall
12/10/2020,20,21,6025,Wind,345,Thursday,December,Winter
5/1/2021,6,7,1335,Wind,121,Saturday,May,Spring
6/11/2021,19,20,2701,Wind,162,Friday,June,Summer
1/1/2024,10,11,12702,Wind,1,Monday,January,Winter
5/9/2023,10,11,5818,Wind,129,Tuesday,May,Spring
1/12/2022,15,16,3844,Solar,12,Wednesday,January,Winter
11/12/2023,3,4,7217,Wind,316,Sunday,November,Fall
11/2/2022,1,2,10172,Wind,306,Wednesday,November,Fall
9/8/2020,13,14,4412,Solar,252,Tuesday,September,Fall
4/16/2021,0,1,6013,Wind,106,Friday,April,Spring
11/15/2022,2,3,6725,Wind,319,Tuesday,November,Fall
12/23/2022,19,20,13142,Wind,357,Friday,December,Winter
4/13/2022,9,10,2030,Solar,103,Wednesday,April,Spring
4/21/2023,15,16,7766,Solar,111,Friday,April,Spring
3/3/2025,20,21,3662,Wind,62,Monday,March,Spring
11/11/2022,11,12,6178,Solar,315,Friday,November,Fall
6/10/2023,19,20,2892,Wind,161,Saturday,June,Summer
8/25/2021,1,2,6301,Wind,237,Wednesday,August,Summer
2/4/2022,22,23,5142,Wind,35,Friday,February,Winter
2/3/2020,3,4,8082,Wind,34,Monday,February,Winter
3/24/2021,9,10,3598,Solar,83,Wednesday,March,Spring
4/25/2021,1,2,8643,Wind,115,Sunday,April,Spring
6/15/2024,17,18,9554,Wind,167,Saturday,June,Summer
1/7/2020,15,16,4202,Wind,7,Tuesday,January,Winter
3/25/2021,5,6,1803,Wind,84,Thursday,March,Spring
4/11/2021,4,5,4909,Wind,101,Sunday,April,Spring
12/25/2022,14,15,9014,Wind,359,Sunday,December,Winter
9/9/2025,19,20,2515,Wind,252,Tuesday,September,Fall
6/28/2020,2,3,5007,Wind,180,Sunday,June,Summer
4/29/2022,3,4,3276,Wind,119,Friday,April,Spring
4/8/2023,7,8,3945,Wind,98,Saturday,April,Spring
3/19/2023,6,7,2707,Wind,78,Sunday,March,Spring
3/23/2020,8,9,8097,Wind,83,Monday,March,Spring
7/4/2023,21,22,7479,Wind,185,Tuesday,July,Summer
9/2/2021,6,7,5757,Wind,245,Thursday,September,Fall
5/1/2024,4,5,1919,Wind,122,Wednesday,May,Spring
8/10/2024,8,9,2611,Solar,223,Saturday,August,Summer
4/6/2024,4,5,13920,Wind,97,Saturday,April,Spring
7/28/2020,15,16,7320,Wind,210,Tuesday,July,Summer
9/12/2023,14,15,4847,Solar,255,Tuesday,September,Fall
6/20/2022,7,8,3854,Wind,171,Monday,June,Summer
4/30/2024,4,5,3211,Wind,121,Tuesday,April,Spring
7/19/2021,8,9,3621,Wind,200,Monday,July,Summer
11/2/2024,5,6,2593,Wind,307,Saturday,November,Fall
10/23/2023,1,2,4629,Wind,296,Monday,October,Fall
11/8/2025,22,23,2972,Wind,312,Saturday,November,Fall
7/17/2022,7,8,4452,Wind,198,Sunday,July,Summer
8/21/2023,18,19,2986,Solar,233,Monday,August,Summer
4/14/2022,19,20,1781,Wind,104,Thursday,April,Spring
11/2/2023,14,15,16663,Wind,306,Thursday,November,Fall
3/11/2024,1,2,3569,Wind,71,Monday,March,Spring
5/19/2025,4,5,5554,Wind,139,Monday,May,Spring
8/18/2023,8,9,2753,Wind,230,Friday,August,Summer
1/24/2021,15,16,9368,Wind,24,Sunday,January,Winter
11/4/2025,19,20,14722,Wind,308,Tuesday,November,Fall
1/2/2025,17,18,2940,Wind,2,Thursday,January,Winter
11/7/2022,13,14,14582,Wind,311,Monday,November,Fall
6/21/2022,17,18,4256,Solar,172,Tuesday,June,Summer
10/23/2025,10,11,21130,Wind,296,Thursday,October,Fall
12/4/2021,5,6,8479,Wind,338,Saturday,December,Winter
6/30/2025,3,4,4201,Wind,181,Monday,June,Summer
11/6/2022,20,21,11082,Wind,310,Sunday,November,Fall
10/22/2021,15,16,7563,Wind,295,Friday,October,Fall
9/26/2024,17,18,18099,Wind,270,Thursday,September,Fall
11/10/2025,7,8,7424,Wind,314,Monday,November,Fall
12/14/2023,3,4,7386,Wind,348,Thursday,December,Winter
1/30/2025,15,16,7524,Wind,30,Thursday,January,Winter
12/26/2020,6,7,2946,Wind,361,Saturday,December,Winter
9/22/2025,17,18,8345,Wind,265,Monday,September,Fall
12/10/2024,1,2,10950,Wind,345,Tuesday,December,Winter
12/1/2020,4,5,7384,Wind,336,Tuesday,December,Winter
9/23/2021,2,3,1187,Wind,266,Thursday,September,Fall
7/17/2022,14,15,8450,Solar,198,Sunday,July,Summer
7/20/2020,17,18,4972,Solar,202,Monday,July,Summer
9/10/2023,8,9,3618,Wind,253,Sunday,September,Fall
7/10/2023,12,13,8155,Solar,191,Monday,July,Summer
2/10/2021,10,11,8366,Wind,41,Wednesday,February,Winter
1/29/2020,16,17,5091,Wind,29,Wednesday,January,Winter
9/16/2025,1,2,12139,Wind,259,Tuesday,September,Fall
11/29/2020,23,0,1854,Wind,334,Sunday,November,Fall
9/20/2022,10,11,4950,Solar,263,Tuesday,September,Fall
8/22/2020,8,9,5453,Wind,235,Saturday,August,Summer
1/9/2022,2,3,13974,Wind,9,Sunday,January,Winter
6/4/2020,1,2,2997,Wind,156,Thursday,June,Summer
11/4/2021,18,19,3557,Wind,308,Thursday,November,Fall
1/14/2023,17,18,15699,Wind,14,Saturday,January,Winter
2/21/2021,18,19,6413,Wind,52,Sunday,February,Winter
5/2/2021,21,22,919,Wind,122,Sunday,May,Spring
5/30/2025,4,5,790,Wind,150,Friday,May,Spring
2/8/2024,15,16,17063,Wind,39,Thursday,February,Winter
3/22/2023,7,8,10725,Wind,81,Wednesday,March,Spring
4/22/2023,3,4,4253,Wind,112,Saturday,April,Spring
3/27/2024,14,15,15606,Wind,87,Wednesday,March,Spring
12/25/2020,10,11,6831,Wind,360,Friday,December,Winter
12/24/2023,4,5,10062,Wind,358,Sunday,December,Winter
5/24/2024,13,14,5499,Solar,145,Friday,May,Spring
4/28/2020,18,19,7447,Wind,119,Tuesday,April,Spring
8/20/2025,22,23,3508,Wind,232,Wednesday,August,Summer
1/24/2022,1,2,3310,Wind,24,Monday,January,Winter
4/20/2023,16,17,9461,Wind,110,Thursday,April,Spring
9/2/2020,22,23,1225,Wind,246,Wednesday,September,Fall
9/2/2023,20,21,2344,Wind,245,Saturday,September,Fall
9/10/2020,10,11,2771,Solar,254,Thursday,September,Fall
8/22/2025,18,19,5766,Solar,234,Friday,August,Summer
5/24/2023,9,10,6816,Solar,144,Wednesday,May,Spring
1/11/2025,9,10,2854,Wind,11,Saturday,January,Winter
2/28/2024,0,1,4724,Wind,59,Wednesday,February,Winter
3/6/2020,14,15,8581,Wind,66,Friday,March,Spring
8/18/2020,18,19,3539,Wind,231,Tuesday,August,Summer
2/18/2022,3,4,9335,Wind,49,Friday,February,Winter
9/3/2021,14,15,3775,Solar,246,Friday,September,Fall
3/24/2020,23,0,7447,Wind,84,Tuesday,March,Spring
8/25/2024,20,21,2137,Wind,238,Sunday,August,Summer
10/22/2021,0,1,2121,Wind,295,Friday,October,Fall
7/17/2021,19,20,5398,Wind,198,Saturday,July,Summer
10/30/2022,8,9,5100,Wind,303,Sunday,October,Fall
3/9/2021,15,16,5136,Solar,68,Tuesday,March,Spring
6/23/2020,1,2,2034,Wind,175,Tuesday,June,Summer
4/22/2023,1,2,4008,Wind,112,Saturday,April,Spring
7/12/2024,12,13,7573,Solar,194,Friday,July,Summer
9/5/2024,22,23,700,Wind,249,Thursday,September,Fall
4/16/2021,1,2,5880,Wind,106,Friday,April,Spring
5/17/2022,2,3,2321,Wind,137,Tuesday,May,Spring
10/1/2024,23,0,4747,Wind,275,Tuesday,October,Fall
9/27/2021,8,9,6867,Wind,270,Monday,September,Fall
4/3/2020,8,9,2170,Wind,94,Friday,April,Spring
1/17/2023,23,0,4827,Wind,17,Tuesday,January,Winter
11/7/2024,13,14,5149,Solar,312,Thursday,November,Fall
3/31/2020,1,2,6769,Wind,91,Tuesday,March,Spring
3/28/2020,22,23,11081,Wind,88,Saturday,March,Spring
9/14/2024,12,13,10121,Solar,258,Saturday,September,Fall
10/18/2025,16,17,7924,Solar,291,Saturday,October,Fall
10/31/2021,17,18,10469,Wind,304,Sunday,October,Fall
4/28/2022,15,16,7312,Solar,118,Thursday,April,Spring
1/24/2024,19,20,6892,Wind,24,Wednesday,January,Winter
6/24/2021,22,23,1974,Wind,175,Thursday,June,Summer
12/11/2023,16,17,6768,Wind,345,Monday,December,Winter
1/27/2024,11,12,5814,Solar,27,Saturday,January,Winter
8/15/2022,14,15,8036,Solar,227,Monday,August,Summer
1/29/2021,3,4,13907,Wind,29,Friday,January,Winter
9/5/2020,1,2,2121,Wind,249,Saturday,September,Fall
8/12/2024,16,17,8871,Solar,225,Monday,August,Summer
1/26/2021,13,14,5482,Wind,26,Tuesday,January,Winter
4/11/2025,20,21,4837,Wind,101,Friday,April,Spring
7/11/2025,11,12,11758,Solar,192,Friday,July,Summer
5/16/2025,13,14,7092,Solar,136,Friday,May,Spring
10/25/2025,16,17,9821,Wind,298,Saturday,October,Fall
1/31/2021,22,23,5906,Wind,31,Sunday,January,Winter
5/25/2025,13,14,9581,Wind,145,Sunday,May,Spring
7/5/2022,9,10,4126,Solar,186,Tuesday,July,Summer
11/19/2020,9,10,9061,Wind,324,Thursday,November,Fall
10/18/2022,22,23,5538,Wind,291,Tuesday,October,Fall
1/15/2023,3,4,10240,Wind,15,Sunday,January,Winter
5/2/2022,20,21,3792,Wind,122,Monday,May,Spring
10/8/2020,3,4,6421,Wind,282,Thursday,October,Fall
11/24/2023,1,2,8505,Wind,328,Friday,November,Fall
5/17/2020,10,11,4507,Solar,138,Sunday,May,Spring
3/18/2022,3,4,6998,Wind,77,Friday,March,Spring
10/28/2023,22,23,16635,Wind,301,Saturday,October,Fall
5/19/2021,2,3,3258,Wind,139,Wednesday,May,Spring
7/17/2022,20,21,2312,Wind,198,Sunday,July,Summer
7/22/2023,11,12,10194,Solar,203,Saturday,July,Summer
11/12/2024,13,14,13235,Wind,317,Tuesday,November,Fall
3/27/2022,9,10,4841,Wind,86,Sunday,March,Spring
4/5/2022,17,18,9675,Wind,95,Tuesday,April,Spring
8/29/2023,20,21,1992,Wind,241,Tuesday,August,Summer
6/23/2025,22,23,3779,Wind,174,Monday,June,Summer
2/9/2020,20,21,11896,Wind,40,Sunday,February,Winter
1/5/2023,6,7,7965,Wind,5,Thursday,January,Winter
9/15/2023,20,21,3195,Wind,258,Friday,September,Fall
9/15/2023,23,0,4953,Wind,258,Friday,September,Fall
11/14/2020,15,16,8436,Wind,319,Saturday,November,Fall
2/11/2022,17,18,2107,Wind,42,Friday,February,Winter
2/20/2025,4,5,7070,Wind,51,Thursday,February,Winter
6/28/2025,8,9,3941,Solar,179,Saturday,June,Summer
8/6/2022,4,5,5611,Wind,218,Saturday,August,Summer
5/24/2020,23,0,2435,Wind,145,Sunday,May,Spring
6/13/2025,23,0,5332,Wind,164,Friday,June,Summer
5/3/2025,16,17,10481,Solar,123,Saturday,May,Spring
11/22/2024,7,8,9522,Wind,327,Friday,November,Fall
8/22/2021,9,10,4991,Wind,234,Sunday,August,Summer
1/10/2023,12,13,15075,Wind,10,Tuesday,January,Winter
6/21/2021,4,5,2933,Wind,172,Monday,June,Summer
9/20/2022,17,18,5469,Solar,263,Tuesday,September,Fall
1/27/2021,17,18,3743,Wind,27,Wednesday,January,Winter
9/23/2020,9,10,4073,Wind,267,Wednesday,September,Fall
4/8/2020,18,19,1595,Solar,99,Wednesday,April,Spring
10/9/2024,7,8,8883,Wind,283,Wednesday,October,Fall
5/7/2025,0,1,9348,Wind,127,Wednesday,May,Spring
9/14/2023,21,22,1857,Wind,257,Thursday,September,Fall
2/11/2020,5,6,11769,Wind,42,Tuesday,February,Winter
1/17/2020,12,13,8804,Wind,17,Friday,January,Winter
3/24/2025,14,15,6048,Solar,83,Monday,March,Spring
8/7/2024,10,11,5496,Solar,220,Wednesday,August,Summer
5/15/2025,1,2,6358,Wind,135,Thursday,May,Spring
3/22/2023,6,7,9994,Wind,81,Wednesday,March,Spring
11/26/2020,16,17,1476,Wind,331,Thursday,November,Fall
5/13/2020,20,21,7492,Wind,134,Wednesday,May,Spring
3/18/2025,1,2,12131,Wind,77,Tuesday,March,Spring
11/6/2025,10,11,6247,Wind,310,Thursday,November,Fall
8/19/2021,3,4,1695,Wind,231,Thursday,August,Summer
2/23/2020,4,5,9644,Wind,54,Sunday,February,Winter
4/23/2025,3,4,6268,Wind,113,Wednesday,April,Spring
5/10/2022,2,3,1193,Wind,130,Tuesday,May,Spring
12/1/2023,20,21,5060,Wind,335,Friday,December,Winter
7/21/2021,2,3,2864,Wind,202,Wednesday,July,Summer
9/23/2022,5,6,546,Wind,266,Friday,September,Fall
1/3/2023,10,11,6763,Wind,3,Tuesday,January,Winter
12/7/2024,22,23,17557,Wind,342,Saturday,December,Winter
3/28/2022,3,4,1693,Wind,87,Monday,March,Spring
10/7/2020,10,11,6946,Wind,281,Wednesday,October,Fall
8/23/2022,21,22,736,Wind,235,Tuesday,August,Summer
5/27/2023,20,21,3594,Wind,147,Saturday,May,Spring
10/10/2023,20,21,2170,Wind,283,Tuesday,October,Fall
5/17/2025,4,5,4673,Wind,137,Saturday,May,Spring
5/21/2020,21,22,660,Wind,142,Thursday,May,Spring
3/15/2023,7,8,2413,Wind,74,Wednesday,March,Spring
12/14/2024,10,11,3475,Wind,349,Saturday,December,Winter
1/19/2025,14,15,3805,Solar,19,Sunday,January,Winter
12/29/2021,1,2,9126,Wind,363,Wednesday,December,Winter
1/29/2025,1,2,17602,Wind,29,Wednesday,January,Winter
1/22/2024,2,3,16724,Wind,22,Monday,January,Winter
8/21/2023,8,9,2472,Solar,233,Monday,August,Summer
9/16/2022,21,22,5135,Wind,259,Friday,September,Fall
4/21/2023,7,8,3141,Wind,111,Friday,April,Spring
4/22/2023,15,16,9856,Wind,112,Saturday,April,Spring
11/5/2021,22,23,2244,Wind,309,Friday,November,Fall
12/23/2024,6,7,16444,Wind,358,Monday,December,Winter
3/9/2022,17,18,5318,Wind,68,Wednesday,March,Spring
8/10/2025,23,0,7903,Wind,222,Sunday,August,Summer
2/17/2023,1,2,7099,Wind,48,Friday,February,Winter
8/29/2020,18,19,4957,Wind,242,Saturday,August,Summer
8/29/2025,9,10,13975,Wind,241,Friday,August,Summer
2/5/2021,7,8,1837,Wind,36,Friday,February,Winter
5/13/2020,10,11,5295,Wind,134,Wednesday,May,Spring
1/27/2024,1,2,1993,Wind,27,Saturday,January,Winter
2/13/2025,8,9,1808,Wind,44,Thursday,February,Winter
3/10/2022,20,21,6268,Wind,69,Thursday,March,Spring
7/2/2022,4,5,780,Wind,183,Saturday,July,Summer
2/11/2022,21,22,2877,Wind,42,Friday,February,Winter
12/18/2022,16,17,9972,Wind,352,Sunday,December,Winter
4/7/2023,14,15,8432,Solar,97,Friday,April,Spring
1/9/2025,12,13,13546,Wind,9,Thursday,January,Winter
12/19/2020,23,0,5475,Wind,354,Saturday,December,Winter
2/18/2022,12,13,18336,Wind,49,Friday,February,Winter
10/16/2025,7,8,5067,Wind,289,Thursday,October,Fall
9/29/2020,23,0,648,Wind,273,Tuesday,September,Fall
8/17/2025,3,4,5689,Wind,229,Sunday,August,Summer
9/29/2022,10,11,3096,Solar,272,Thursday,September,Fall
4/22/2024,22,23,4627,Wind,113,Monday,April,Spring
7/3/2025,23,0,6293,Wind,184,Thursday,July,Summer
10/1/2020,10,11,6509,Wind,275,Thursday,October,Fall
2/24/2024,2,3,7042,Wind,55,Saturday,February,Winter
6/26/2024,23,0,1220,Wind,178,Wednesday,June,Summer
11/17/2022,11,12,15564,Wind,321,Thursday,November,Fall
8/23/2022,1,2,1180,Wind,235,Tuesday,August,Summer
3/8/2025,12,13,14394,Wind,67,Saturday,March,Spring
4/25/2020,6,7,1918,Wind,116,Saturday,April,Spring
3/29/2025,13,14,14163,Wind,88,Saturday,March,Spring
3/20/2021,1,2,6045,Wind,79,Saturday,March,Spring
3/26/2021,14,15,11408,Wind,85,Friday,March,Spring
4/25/2023,0,1,2929,Wind,115,Tuesday,April,Spring
10/16/2020,7,8,2998,Wind,290,Friday,October,Fall
7/15/2022,15,16,7499,Solar,196,Friday,July,Summer
8/28/2023,4,5,3258,Wind,240,Monday,August,Summer
1/9/2024,0,1,4857,Wind,9,Tuesday,January,Winter
11/5/2025,15,16,12356,Wind,309,Wednesday,November,Fall
12/14/2020,22,23,6487,Wind,349,Monday,December,Winter
7/31/2022,23,0,3161,Wind,212,Sunday,July,Summer
1/14/2023,20,21,13584,Wind,14,Saturday,January,Winter
4/13/2020,16,17,11122,Wind,104,Monday,April,Spring
2/26/2024,13,14,14168,Wind,57,Monday,February,Winter
9/3/2020,6,7,1674,Wind,247,Thursday,September,Fall
12/21/2020,16,17,11318,Wind,356,Monday,December,Winter
4/24/2023,0,1,9557,Wind,114,Monday,April,Spring
4/30/2023,20,21,1754,Wind,120,Sunday,April,Spring
8/27/2021,10,11,5627,Solar,239,Friday,August,Summer
9/16/2022,11,12,6902,Solar,259,Friday,September,Fall
11/21/2025,1,2,4563,Wind,325,Friday,November,Fall
9/22/2022,13,14,6248,Solar,265,Thursday,September,Fall
6/26/2021,18,19,2918,Solar,177,Saturday,June,Summer
5/24/2023,21,22,6974,Wind,144,Wednesday,May,Spring
7/21/2020,19,20,3934,Wind,203,Tuesday,July,Summer
8/8/2021,12,13,9302,Wind,220,Sunday,August,Summer
3/5/2021,12,13,9127,Wind,64,Friday,March,Spring
7/28/2022,23,0,1995,Wind,209,Thursday,July,Summer
8/6/2023,1,2,13743,Wind,218,Sunday,August,Summer
12/2/2022,15,16,3878,Wind,336,Friday,December,Winter
10/11/2023,17,18,6965,Wind,284,Wednesday,October,Fall
11/20/2022,1,2,4543,Wind,324,Sunday,November,Fall
7/15/2023,10,11,11920,Wind,196,Saturday,July,Summer
2/9/2023,10,11,4291,Solar,40,Thursday,February,Winter
3/11/2024,14,15,10464,Wind,71,Monday,March,Spring
2/28/2023,17,18,7747,Wind,59,Tuesday,February,Winter
7/19/2022,0,1,5843,Wind,200,Tuesday,July,Summer
3/24/2022,23,0,5843,Wind,83,Thursday,March,Spring
7/31/2021,2,3,5229,Wind,212,Saturday,July,Summer
2/1/2025,5,6,3211,Wind,32,Saturday,February,Winter
8/29/2020,10,11,3727,Wind,242,Saturday,August,Summer
1/21/2021,3,4,12756,Wind,21,Thursday,January,Winter
7/3/2022,3,4,1428,Wind,184,Sunday,July,Summer
9/14/2025,0,1,5040,Wind,257,Sunday,September,Fall
12/22/2021,8,9,3172,Wind,356,Wednesday,December,Winter
2/6/2021,18,19,4300,Wind,37,Saturday,February,Winter
3/9/2020,16,17,8263,Wind,69,Monday,March,Spring
2/5/2022,7,8,3579,Wind,36,Saturday,February,Winter
10/31/2025,20,21,14868,Wind,304,Friday,October,Fall
4/7/2025,18,19,5498,Solar,97,Monday,April,Spring
8/2/2021,2,3,1200,Wind,214,Monday,August,Summer
6/11/2025,17,18,8263,Solar,162,Wednesday,June,Summer
10/25/2022,13,14,5679,Solar,298,Tuesday,October,Fall
10/21/2022,5,6,9051,Wind,294,Friday,October,Fall
10/20/2025,13,14,19753,Wind,293,Monday,October,Fall
8/14/2025,19,20,3576,Wind,226,Thursday,August,Summer
1/30/2024,8,9,6919,Wind,30,Tuesday,January,Winter
7/6/2023,9,10,3928,Solar,187,Thursday,July,Summer
6/8/2020,14,15,5620,Solar,160,Monday,June,Summer
10/7/2021,7,8,1491,Wind,280,Thursday,October,Fall
4/4/2021,4,5,5664,Wind,94,Sunday,April,Spring
11/26/2020,14,15,2923,Solar,331,Thursday,November,Fall
12/30/2024,10,11,2306,Solar,365,Monday,December,Winter
8/30/2022,14,15,5938,Solar,242,Tuesday,August,Summer
7/19/2021,10,11,5500,Solar,200,Monday,July,Summer
7/24/2021,8,9,4225,Wind,205,Saturday,July,Summer
2/21/2021,5,6,8883,Wind,52,Sunday,February,Winter
4/27/2022,2,3,5575,Wind,117,Wednesday,April,Spring
1/4/2023,12,13,17318,Wind,4,Wednesday,January,Winter
7/11/2021,0,1,1348,Wind,192,Sunday,July,Summer
11/4/2025,20,21,14429,Wind,308,Tuesday,November,Fall
9/12/2022,8,9,3604,Wind,255,Monday,September,Fall
9/2/2022,6,7,1890,Wind,245,Friday,September,Fall
5/5/2021,9,10,9071,Wind,125,Wednesday,May,Spring
1/29/2021,19,20,11119,Wind,29,Friday,January,Winter
11/26/2023,22,23,5154,Wind,330,Sunday,November,Fall
11/7/2024,20,21,3375,Wind,312,Thursday,November,Fall
8/3/2021,19,20,1828,Wind,215,Tuesday,August,Summer
4/19/2022,8,9,2444,Wind,109,Tuesday,April,Spring
8/8/2021,14,15,9714,Wind,220,Sunday,August,Summer
1/2/2022,6,7,8787,Wind,2,Sunday,January,Winter
2/5/2024,21,22,8276,Wind,36,Monday,February,Winter
7/11/2021,2,3,1192,Wind,192,Sunday,July,Summer
9/20/2020,21,22,2433,Wind,264,Sunday,September,Fall
11/11/2024,11,12,6891,Wind,316,Monday,November,Fall
7/31/2024,4,5,2129,Wind,213,Wednesday,July,Summer
3/21/2020,0,1,7735,Wind,81,Saturday,March,Spring
10/14/2021,14,15,5650,Solar,287,Thursday,October,Fall
1/19/2025,22,23,1188,Wind,19,Sunday,January,Winter
10/7/2024,13,14,6044,Wind,281,Monday,October,Fall
2/13/2025,2,3,1090,Wind,44,Thursday,February,Winter
6/11/2022,8,9,2423,Solar,162,Saturday,June,Summer
10/25/2023,9,10,10380,Wind,298,Wednesday,October,Fall
3/18/2024,10,11,5581,Solar,78,Monday,March,Spring
9/21/2020,4,5,817,Wind,265,Monday,September,Fall
11/28/2025,7,8,7806,Wind,332,Friday,November,Fall
4/7/2020,4,5,1718,Wind,98,Tuesday,April,Spring
3/2/2020,10,11,5353,Wind,62,Monday,March,Spring
7/23/2020,10,11,2720,Solar,205,Thursday,July,Summer
3/22/2022,23,0,4199,Wind,81,Tuesday,March,Spring
2/22/2023,22,23,1437,Wind,53,Wednesday,February,Winter
10/4/2023,0,1,3511,Wind,277,Wednesday,October,Fall
10/26/2023,17,18,4734,Wind,299,Thursday,October,Fall
2/25/2023,19,20,8542,Wind,56,Saturday,February,Winter
8/28/2024,21,22,2163,Wind,241,Wednesday,August,Summer
11/13/2020,15,16,4593,Wind,318,Friday,November,Fall
4/29/2021,16,17,3421,Solar,119,Thursday,April,Spring
4/15/2024,21,22,14523,Wind,106,Monday,April,Spring
2/17/2024,9,10,4037,Wind,48,Saturday,February,Winter
10/18/2020,22,23,912,Wind,292,Sunday,October,Fall
10/7/2023,10,11,6141,Solar,280,Saturday,October,Fall
7/17/2021,23,0,5090,Wind,198,Saturday,July,Summer
10/30/2022,20,21,2069,Wind,303,Sunday,October,Fall
2/2/2021,10,11,11997,Wind,33,Tuesday,February,Winter
6/25/2020,5,6,3558,Wind,177,Thursday,June,Summer
5/3/2025,17,18,9346,Solar,123,Saturday,May,Spring
11/12/2021,0,1,934,Wind,316,Friday,November,Fall
8/2/2024,11,12,6672,Solar,215,Friday,August,Summer
9/26/2020,20,21,8134,Wind,270,Saturday,September,Fall
9/21/2023,3,4,9550,Wind,264,Thursday,September,Fall
4/23/2022,9,10,6361,Wind,113,Saturday,April,Spring
1/2/2021,18,19,1837,Wind,2,Saturday,January,Winter
12/17/2021,18,19,8144,Wind,351,Friday,December,Winter
11/23/2021,12,13,9900,Wind,327,Tuesday,November,Fall
12/13/2023,1,2,9953,Wind,347,Wednesday,December,Winter
10/27/2024,9,10,3309,Solar,301,Sunday,October,Fall
9/7/2025,1,2,6555,Wind,250,Sunday,September,Fall
8/22/2020,2,3,5104,Wind,235,Saturday,August,Summer
7/30/2022,21,22,1951,Wind,211,Saturday,July,Summer
8/26/2025,8,9,5983,Wind,238,Tuesday,August,Summer
11/1/2020,11,12,13574,Wind,306,Sunday,November,Fall
6/20/2025,10,11,8561,Solar,171,Friday,June,Summer
9/22/2023,12,13,11770,Wind,265,Friday,September,Fall
1/20/2025,5,6,1668,Wind,20,Monday,January,Winter
10/20/2021,5,6,10713,Wind,293,Wednesday,October,Fall
12/20/2020,15,16,4461,Wind,355,Sunday,December,Winter
8/9/2025,19,20,5496,Wind,221,Saturday,August,Summer
11/20/2024,3,4,8076,Wind,325,Wednesday,November,Fall
7/2/2025,17,18,11247,Wind,183,Wednesday,July,Summer
1/23/2020,21,22,2993,Wind,23,Thursday,January,Winter
8/11/2021,3,4,704,Wind,223,Wednesday,August,Summer
6/10/2020,16,17,3105,Solar,162,Wednesday,June,Summer
8/9/2021,6,7,2967,Wind,221,Monday,August,Summer
11/5/2020,20,21,8082,Wind,310,Thursday,November,Fall
4/23/2024,1,2,4273,Wind,114,Tuesday,April,Spring
7/30/2024,23,0,2765,Wind,212,Tuesday,July,Summer
7/23/2022,15,16,6571,Solar,204,Saturday,July,Summer
12/25/2020,1,2,6863,Wind,360,Friday,December,Winter
8/8/2024,1,2,1289,Wind,221,Thursday,August,Summer
12/30/2022,17,18,15843,Wind,364,Friday,December,Winter
2/25/2022,10,11,7997,Wind,56,Friday,February,Winter
10/21/2023,12,13,20931,Wind,294,Saturday,October,Fall
7/21/2021,5,6,1927,Wind,202,Wednesday,July,Summer
11/15/2023,10,11,10577,Wind,319,Wednesday,November,Fall
1/9/2023,17,18,13412,Wind,9,Monday,January,Winter
11/8/2021,7,8,1922,Wind,312,Monday,November,Fall
4/14/2021,22,23,5346,Wind,104,Wednesday,April,Spring
6/27/2021,20,21,1366,Wind,178,Sunday,June,Summer
2/5/2020,17,18,1746,Wind,36,Wednesday,February,Winter
9/17/2021,2,3,711,Wind,260,Friday,September,Fall
12/29/2023,6,7,12493,Wind,363,Friday,December,Winter
12/2/2022,1,2,2232,Wind,336,Friday,December,Winter
7/23/2021,13,14,7412,Solar,204,Friday,July,Summer
1/26/2025,4,5,10046,Wind,26,Sunday,January,Winter
6/3/2022,21,22,2859,Wind,154,Friday,June,Summer
6/23/2022,0,1,1625,Wind,174,Thursday,June,Summer
4/23/2021,17,18,7944,Wind,113,Friday,April,Spring
3/23/2022,16,17,5220,Solar,82,Wednesday,March,Spring
4/3/2023,1,2,5706,Wind,93,Monday,April,Spring
6/16/2023,8,9,2630,Solar,167,Friday,June,Summer
11/16/2024,19,20,2040,Wind,321,Saturday,November,Fall
6/22/2025,13,14,5526,Solar,173,Sunday,June,Summer
2/24/2023,11,12,6498,Wind,55,Friday,February,Winter
10/17/2020,17,18,1367,Solar,291,Saturday,October,Fall
5/11/2022,10,11,7976,Solar,131,Wednesday,May,Spring
6/20/2023,19,20,3357,Wind,171,Tuesday,June,Summer
5/22/2022,23,0,3313,Wind,142,Sunday,May,Spring
10/30/2024,6,7,1827,Wind,304,Wednesday,October,Fall
2/20/2020,19,20,10617,Wind,51,Thursday,February,Winter
6/22/2022,9,10,3779,Solar,173,Wednesday,June,Summer
3/31/2021,19,20,1121,Wind,90,Wednesday,March,Spring
12/30/2024,0,1,709,Wind,365,Monday,December,Winter
3/20/2020,10,11,6229,Wind,80,Friday,March,Spring
12/25/2021,6,7,1843,Wind,359,Saturday,December,Winter
3/28/2023,1,2,2283,Wind,87,Tuesday,March,Spring
6/30/2022,15,16,5921,Solar,181,Thursday,June,Summer
7/24/2025,23,0,2166,Wind,205,Thursday,July,Summer
2/27/2022,20,21,6011,Wind,58,Sunday,February,Winter
3/16/2025,17,18,7970,Wind,75,Sunday,March,Spring
6/15/2024,11,12,10538,Wind,167,Saturday,June,Summer
1/13/2023,19,20,10798,Wind,13,Friday,January,Winter
2/10/2020,16,17,13770,Wind,41,Monday,February,Winter
11/8/2021,17,18,1805,Wind,312,Monday,November,Fall
1/10/2025,16,17,2433,Wind,10,Friday,January,Winter
6/2/2020,23,0,1765,Wind,154,Tuesday,June,Summer
12/18/2022,4,5,5927,Wind,352,Sunday,December,Winter
11/19/2023,11,12,16559,Wind,323,Sunday,November,Fall
4/14/2020,4,5,7144,Wind,105,Tuesday,April,Spring
6/21/2024,10,11,5580,Solar,173,Friday,June,Summer
5/21/2021,6,7,8861,Wind,141,Friday,May,Spring
6/25/2021,1,2,2038,Wind,176,Friday,June,Summer
10/9/2023,11,12,5494,Solar,282,Monday,October,Fall
4/11/2024,5,6,3540,Wind,102,Thursday,April,Spring
1/12/2025,6,7,3081,Wind,12,Sunday,January,Winter
12/28/2024,17,18,354,Wind,363,Saturday,December,Winter
7/20/2020,4,5,2939,Wind,202,Monday,July,Summer
5/18/2020,5,6,1868,Wind,139,Monday,May,Spring
2/6/2022,19,20,16044,Wind,37,Sunday,February,Winter
4/30/2023,5,6,3818,Wind,120,Sunday,April,Spring
2/29/2024,13,14,12775,Wind,60,Thursday,February,Winter
8/17/2022,20,21,1406,Wind,229,Wednesday,August,Summer
3/12/2022,2,3,9389,Wind,71,Saturday,March,Spring
3/21/2020,15,16,11152,Wind,81,Saturday,March,Spring
2/2/2025,9,10,3472,Wind,33,Sunday,February,Winter
2/14/2022,5,6,11744,Wind,45,Monday,February,Winter
8/9/2023,20,21,1211,Wind,221,Wednesday,August,Summer
2/23/2024,8,9,14058,Wind,54,Friday,February,Winter
6/30/2020,0,1,3738,Wind,182,Tuesday,June,Summer
8/14/2023,17,18,7241,Solar,226,Monday,August,Summer
4/10/2022,15,16,7678,Solar,100,Sunday,April,Spring
6/9/2025,10,11,3733,Solar,160,Monday,June,Summer
5/7/2024,12,13,7214,Solar,128,Tuesday,May,Spring
5/31/2022,10,11,4174,Solar,151,Tuesday,May,Spring
7/24/2025,0,1,2396,Wind,205,Thursday,July,Summer
3/14/2024,16,17,9218,Wind,74,Thursday,March,Spring
5/30/2025,17,18,6501,Solar,150,Friday,May,Spring
9/27/2020,22,23,5190,Wind,271,Sunday,September,Fall
9/27/2022,14,15,13231,Wind,270,Tuesday,September,Fall
1/27/2020,2,3,8486,Wind,27,Monday,January,Winter
6/28/2021,17,18,3945,Solar,179,Monday,June,Summer
10/3/2020,0,1,3195,Wind,277,Saturday,October,Fall
6/12/2025,11,12,5733,Solar,163,Thursday,June,Summer
9/2/2025,17,18,15009,Wind,245,Tuesday,September,Fall
6/4/2023,17,18,7894,Wind,155,Sunday,June,Summer
12/2/2024,8,9,8193,Wind,337,Monday,December,Winter
6/4/2023,20,21,5847,Wind,155,Sunday,June,Summer
3/25/2023,5,6,14863,Wind,84,Saturday,March,Spring
5/2/2024,12,13,12077,Wind,123,Thursday,May,Spring
9/18/2024,21,22,8671,Wind,262,Wednesday,September,Fall
10/9/2025,8,9,2496,Wind,282,Thursday,October,Fall
9/11/2022,2,3,664,Wind,254,Sunday,September,Fall
1/29/2025,15,16,12248,Wind,29,Wednesday,January,Winter
3/29/2021,9,10,4622,Wind,88,Monday,March,Spring
5/31/2023,22,23,8211,Wind,151,Wednesday,May,Spring
8/31/2024,23,0,5370,Wind,244,Saturday,August,Summer
11/6/2023,1,2,12102,Wind,310,Monday,November,Fall
3/25/2021,8,9,2635,Wind,84,Thursday,March,Spring
8/5/2024,8,9,2548,Solar,218,Monday,August,Summer
7/2/2021,5,6,405,Wind,183,Friday,July,Summer
1/27/2025,4,5,18396,Wind,27,Monday,January,Winter
5/15/2020,18,19,4342,Wind,136,Friday,May,Spring
9/6/2021,4,5,1107,Wind,249,Monday,September,Fall
10/24/2021,20,21,3398,Wind,297,Sunday,October,Fall
12/6/2024,7,8,14357,Wind,341,Friday,December,Winter
8/26/2023,22,23,1513,Wind,238,Saturday,August,Summer
5/4/2020,16,17,5092,Solar,125,Monday,May,Spring
10/17/2022,7,8,7554,Wind,290,Monday,October,Fall
8/2/2022,10,11,5062,Solar,214,Tuesday,August,Summer
4/13/2025,15,16,4463,Wind,103,Sunday,April,Spring
4/25/2022,7,8,3208,Wind,115,Monday,April,Spring
10/26/2022,13,14,8890,Wind,299,Wednesday,October,Fall
12/7/2022,4,5,2473,Wind,341,Wednesday,December,Winter
10/24/2025,19,20,12506,Wind,297,Friday,October,Fall
8/31/2020,9,10,3237,Wind,244,Monday,August,Summer
6/30/2022,17,18,5168,Wind,181,Thursday,June,Summer
11/4/2025,15,16,12341,Wind,308,Tuesday,November,Fall
8/17/2022,21,22,1307,Wind,229,Wednesday,August,Summer
12/8/2020,11,12,2686,Wind,343,Tuesday,December,Winter
3/24/2020,1,2,6628,Wind,84,Tuesday,March,Spring
7/21/2023,14,15,8927,Solar,202,Friday,July,Summer
6/28/2023,0,1,2630,Wind,179,Wednesday,June,Summer
9/14/2022,12,13,5716,Solar,257,Wednesday,September,Fall
5/29/2020,15,16,7953,Wind,150,Friday,May,Spring
8/19/2022,17,18,7064,Wind,231,Friday,August,Summer
8/17/2025,4,5,6032,Wind,229,Sunday,August,Summer
4/1/2025,17,18,13004,Wind,91,Tuesday,April,Spring
10/13/2024,9,10,2980,Wind,287,Sunday,October,Fall
4/5/2022,12,13,9346,Wind,95,Tuesday,April,Spring
4/29/2021,14,15,4221,Solar,119,Thursday,April,Spring
2/25/2023,14,15,9931,Wind,56,Saturday,February,Winter
7/19/2023,17,18,11158,Wind,200,Wednesday,July,Summer
10/10/2022,1,2,4732,Wind,283,Monday,October,Fall
4/17/2021,0,1,4306,Wind,107,Saturday,April,Spring
12/21/2021,20,21,3015,Wind,355,Tuesday,December,Winter
4/22/2021,21,22,6303,Wind,112,Thursday,April,Spring
11/23/2025,17,18,10653,Wind,327,Sunday,November,Fall
6/11/2024,5,6,1874,Wind,163,Tuesday,June,Summer
5/27/2024,20,21,3315,Wind,148,Monday,May,Spring
9/28/2020,19,20,4208,Wind,272,Monday,September,Fall
8/7/2023,3,4,3593,Wind,219,Monday,August,Summer
3/29/2021,22,23,2491,Wind,88,Monday,March,Spring
5/22/2021,21,22,5778,Wind,142,Saturday,May,Spring
11/19/2021,14,15,3318,Solar,323,Friday,November,Fall
1/27/2025,5,6,18096,Wind,27,Monday,January,Winter
8/13/2025,9,10,4027,Solar,225,Wednesday,August,Summer
9/14/2021,17,18,3219,Wind,257,Tuesday,September,Fall
5/8/2022,2,3,4076,Wind,128,Sunday,May,Spring
7/3/2022,2,3,1530,Wind,184,Sunday,July,Summer
7/24/2021,0,1,5890,Wind,205,Saturday,July,Summer
11/21/2022,0,1,7993,Wind,325,Monday,November,Fall
4/5/2023,10,11,5948,Solar,95,Wednesday,April,Spring
8/11/2025,14,15,11543,Solar,223,Monday,August,Summer
7/13/2021,11,12,5885,Wind,194,Tuesday,July,Summer
9/19/2022,6,7,2502,Wind,262,Monday,September,Fall
12/5/2024,17,18,15699,Wind,340,Thursday,December,Winter
11/1/2025,9,10,14047,Wind,305,Saturday,November,Fall
11/17/2025,3,4,5317,Wind,321,Monday,November,Fall
8/16/2020,20,21,1759,Wind,229,Sunday,August,Summer
1/22/2023,12,13,7106,Wind,22,Sunday,January,Winter
5/24/2025,17,18,13001,Wind,144,Saturday,May,Spring
1/21/2021,12,13,12248,Wind,21,Thursday,January,Winter
7/17/2023,11,12,7791,Solar,198,Monday,July,Summer
10/28/2022,10,11,8983,Wind,301,Friday,October,Fall
7/8/2021,0,1,1738,Wind,189,Thursday,July,Summer
6/6/2021,19,20,2910,Wind,157,Sunday,June,Summer
9/12/2025,2,3,10052,Wind,255,Friday,September,Fall
10/13/2024,15,16,5251,Solar,287,Sunday,October,Fall
2/13/2023,5,6,3438,Wind,44,Monday,February,Winter
4/21/2023,16,17,7315,Solar,111,Friday,April,Spring
12/22/2024,4,5,18507,Wind,357,Sunday,December,Winter
6/11/2020,19,20,3890,Wind,163,Thursday,June,Summer
10/17/2021,4,5,1793,Wind,290,Sunday,October,Fall
4/7/2022,9,10,16777,Wind,97,Thursday,April,Spring
11/25/2024,19,20,6360,Wind,330,Monday,November,Fall
5/30/2024,14,15,11924,Wind,151,Thursday,May,Spring
11/19/2023,14,15,17043,Wind,323,Sunday,November,Fall
2/4/2024,20,21,8328,Wind,35,Sunday,February,Winter
9/23/2022,4,5,505,Wind,266,Friday,September,Fall
5/17/2023,15,16,13945,Wind,137,Wednesday,May,Spring
5/2/2024,23,0,9680,Wind,123,Thursday,May,Spring
9/21/2025,12,13,4035,Solar,264,Sunday,September,Fall
8/28/2025,13,14,12192,Wind,240,Thursday,August,Summer
1/15/2023,18,19,14920,Wind,15,Sunday,January,Winter
3/30/2024,0,1,4270,Wind,90,Saturday,March,Spring
11/27/2024,1,2,8974,Wind,332,Wednesday,November,Fall
3/11/2022,8,9,12227,Wind,70,Friday,March,Spring
8/27/2022,23,0,4610,Wind,239,Saturday,August,Summer
11/9/2025,16,17,4511,Wind,313,Sunday,November,Fall
4/3/2021,2,3,9279,Wind,93,Saturday,April,Spring
7/5/2022,12,13,7173,Solar,186,Tuesday,July,Summer
10/2/2020,16,17,4517,Wind,276,Friday,October,Fall
3/3/2024,19,20,4860,Wind,63,Sunday,March,Spring
10/30/2020,22,23,2173,Wind,304,Friday,October,Fall
1/29/2025,13,14,14188,Wind,29,Wednesday,January,Winter
6/7/2025,2,3,5372,Wind,158,Saturday,June,Summer
7/17/2022,4,5,5437,Wind,198,Sunday,July,Summer
9/21/2021,2,3,3038,Wind,264,Tuesday,September,Fall
8/21/2022,15,16,5244,Solar,233,Sunday,August,Summer
10/28/2022,1,2,7785,Wind,301,Friday,October,Fall
3/14/2025,1,2,2246,Wind,73,Friday,March,Spring
4/22/2024,23,0,4362,Wind,113,Monday,April,Spring
8/15/2021,14,15,6192,Solar,227,Sunday,August,Summer
11/1/2023,8,9,12856,Wind,305,Wednesday,November,Fall
12/19/2024,5,6,17699,Wind,354,Thursday,December,Winter
9/15/2024,14,15,6259,Solar,259,Sunday,September,Fall
7/1/2022,14,15,7548,Solar,182,Friday,July,Summer
1/11/2020,4,5,2401,Wind,11,Saturday,January,Winter
9/7/2021,14,15,7947,Solar,250,Tuesday,September,Fall
12/4/2022,23,0,708,Wind,338,Sunday,December,Winter
7/27/2025,11,12,8163,Solar,208,Sunday,July,Summer
3/19/2022,3,4,11419,Wind,78,Saturday,March,Spring
6/13/2023,12,13,7666,Solar,164,Tuesday,June,Summer
10/31/2020,15,16,9419,Wind,305,Saturday,October,Fall
6/19/2023,6,7,1407,Wind,170,Monday,June,Summer
5/15/2023,23,0,7719,Wind,135,Monday,May,Spring
3/16/2021,19,20,6005,Wind,75,Tuesday,March,Spring
6/12/2023,17,18,4747,Solar,163,Monday,June,Summer
7/3/2020,21,22,2958,Wind,185,Friday,July,Summer
6/19/2025,20,21,5164,Wind,170,Thursday,June,Summer
2/12/2020,7,8,8307,Wind,43,Wednesday,February,Winter
9/7/2024,19,20,4461,Wind,251,Saturday,September,Fall
12/17/2020,17,18,2892,Wind,352,Thursday,December,Winter
10/4/2021,22,23,6535,Wind,277,Monday,October,Fall
2/27/2021,6,7,5900,Wind,58,Saturday,February,Winter
12/14/2022,2,3,1972,Wind,348,Wednesday,December,Winter
1/1/2024,1,2,15228,Wind,1,Monday,January,Winter
7/25/2023,22,23,2896,Wind,206,Tuesday,July,Summer
7/18/2022,8,9,4324,Wind,199,Monday,July,Summer
5/10/2021,10,11,9543,Wind,130,Monday,May,Spring
11/8/2021,12,13,4759,Solar,312,Monday,November,Fall
12/10/2022,5,6,1514,Wind,344,Saturday,December,Winter
6/25/2020,17,18,3179,Solar,177,Thursday,June,Summer
11/29/2020,2,3,4361,Wind,334,Sunday,November,Fall
8/5/2023,4,5,2376,Wind,217,Saturday,August,Summer
10/12/2020,2,3,3229,Wind,286,Monday,October,Fall
1/13/2021,17,18,9862,Wind,13,Wednesday,January,Winter
4/20/2022,22,23,4403,Wind,110,Wednesday,April,Spring
3/6/2020,7,8,7635,Wind,66,Friday,March,Spring
1/15/2021,0,1,8913,Wind,15,Friday,January,Winter
2/16/2022,0,1,13892,Wind,47,Wednesday,February,Winter
4/2/2021,18,19,12278,Wind,92,Friday,April,Spring
11/24/2021,20,21,2080,Wind,328,Wednesday,November,Fall
9/18/2022,13,14,11642,Solar,261,Sunday,September,Fall
8/5/2025,18,19,11488,Wind,217,Tuesday,August,Summer
4/16/2022,11,12,9283,Solar,106,Saturday,April,Spring
5/2/2024,20,21,11202,Wind,123,Thursday,May,Spring
12/1/2022,8,9,4364,Wind,335,Thursday,December,Winter
9/17/2023,12,13,7328,Solar,260,Sunday,September,Fall
6/21/2025,13,14,10245,Solar,172,Saturday,June,Summer
5/27/2020,5,6,3501,Wind,148,Wednesday,May,Spring
2/27/2021,16,17,10738,Wind,58,Saturday,February,Winter
3/26/2024,21,22,8154,Wind,86,Tuesday,March,Spring
8/26/2022,16,17,6095,Solar,238,Friday,August,Summer
7/13/2022,21,22,1816,Wind,194,Wednesday,July,Summer
1/23/2020,6,7,5026,Wind,23,Thursday,January,Winter
8/17/2020,7,8,1942,Wind,230,Monday,August,Summer
3/26/2020,9,10,7178,Wind,86,Thursday,March,Spring
3/6/2024,21,22,1843,Wind,66,Wednesday,March,Spring
4/30/2025,23,0,5987,Wind,120,Wednesday,April,Spring
2/14/2020,7,8,3792,Wind,45,Friday,February,Winter
8/26/2022,18,19,4553,Wind,238,Friday,August,Summer
4/22/2025,6,7,1187,Wind,112,Tuesday,April,Spring
12/1/2022,17,18,3675,Wind,335,Thursday,December,Winter
2/5/2025,13,14,6610,Solar,36,Wednesday,February,Winter
1/30/2022,17,18,1434,Wind,30,Sunday,January,Winter
9/29/2021,21,22,3641,Wind,272,Wednesday,September,Fall
5/13/2024,6,7,1884,Wind,134,Monday,May,Spring
8/30/2020,21,22,3777,Wind,243,Sunday,August,Summer
7/11/2020,16,17,5785,Solar,193,Saturday,July,Summer
9/29/2025,12,13,8857,Solar,272,Monday,September,Fall
6/28/2024,8,9,3771,Solar,180,Friday,June,Summer
5/9/2020,11,12,3231,Solar,130,Saturday,May,Spring
5/22/2024,19,20,4870,Wind,143,Wednesday,May,Spring
7/3/2020,8,9,2944,Wind,185,Friday,July,Summer
11/23/2020,15,16,1643,Solar,328,Monday,November,Fall
2/24/2022,1,2,3851,Wind,55,Thursday,February,Winter
3/7/2025,7,8,9990,Wind,66,Friday,March,Spring
5/26/2020,6,7,3338,Wind,147,Tuesday,May,Spring
1/12/2023,9,10,16699,Wind,12,Thursday,January,Winter
11/30/2021,10,11,13024,Wind,334,Tuesday,November,Fall
6/19/2022,3,4,10066,Wind,170,Sunday,June,Summer
12/7/2022,7,8,2196,Wind,341,Wednesday,December,Winter
7/21/2022,23,0,2858,Wind,202,Thursday,July,Summer
5/17/2025,22,23,3077,Wind,137,Saturday,May,Spring
12/15/2024,21,22,9775,Wind,350,Sunday,December,Winter
9/28/2020,22,23,4092,Wind,272,Monday,September,Fall
3/5/2022,11,12,5186,Solar,64,Saturday,March,Spring
7/4/2025,12,13,10562,Solar,185,Friday,July,Summer
6/20/2024,5,6,4917,Wind,172,Thursday,June,Summer
2/4/2022,19,20,6944,Wind,35,Friday,February,Winter
1/18/2020,10,11,2843,Wind,18,Saturday,January,Winter
5/26/2021,21,22,2353,Wind,146,Wednesday,May,Spring
10/30/2024,7,8,2071,Wind,304,Wednesday,October,Fall
8/18/2020,2,3,1283,Wind,231,Tuesday,August,Summer
5/23/2022,13,14,9217,Wind,143,Monday,May,Spring
4/28/2025,3,4,3069,Wind,118,Monday,April,Spring
7/9/2024,4,5,5209,Wind,191,Tuesday,July,Summer
10/20/2025,17,18,17333,Wind,293,Monday,October,Fall
3/9/2020,12,13,9648,Wind,69,Monday,March,Spring
3/14/2025,2,3,2194,Wind,73,Friday,March,Spring
9/16/2020,6,7,526,Wind,260,Wednesday,September,Fall
6/26/2023,14,15,10618,Solar,177,Monday,June,Summer
5/6/2025,14,15,8761,Wind,126,Tuesday,May,Spring
10/27/2024,3,4,1944,Wind,301,Sunday,October,Fall
9/6/2024,4,5,1511,Wind,250,Friday,September,Fall
10/18/2020,3,4,583,Wind,292,Sunday,October,Fall
8/12/2020,14,15,4536,Solar,225,Wednesday,August,Summer
7/14/2021,23,0,7745,Wind,195,Wednesday,July,Summer
1/21/2024,10,11,14443,Wind,21,Sunday,January,Winter
6/19/2024,2,3,3425,Wind,171,Wednesday,June,Summer
9/22/2024,22,23,3299,Wind,266,Sunday,September,Fall
1/6/2022,21,22,7422,Wind,6,Thursday,January,Winter
1/3/2020,10,11,9189,Wind,3,Friday,January,Winter
1/21/2023,3,4,6960,Wind,21,Saturday,January,Winter
9/4/2021,16,17,3636,Solar,247,Saturday,September,Fall
6/19/2021,14,15,4390,Solar,170,Saturday,June,Summer
4/11/2021,0,1,4255,Wind,101,Sunday,April,Spring
3/13/2021,13,14,17323,Wind,72,Saturday,March,Spring
9/15/2025,11,12,11011,Wind,258,Monday,September,Fall
5/9/2024,1,2,4350,Wind,130,Thursday,May,Spring
8/31/2024,14,15,8366,Solar,244,Saturday,August,Summer
5/22/2025,18,19,9293,Wind,142,Thursday,May,Spring
3/30/2021,15,16,5587,Solar,89,Tuesday,March,Spring
4/29/2022,21,22,4703,Wind,119,Friday,April,Spring
6/24/2025,15,16,5446,Solar,175,Tuesday,June,Summer
6/19/2022,2,3,10201,Wind,170,Sunday,June,Summer
4/1/2020,17,18,3836,Wind,92,Wednesday,April,Spring
6/8/2020,4,5,1414,Wind,160,Monday,June,Summer
11/13/2025,19,20,11859,Wind,317,Thursday,November,Fall
10/3/2023,19,20,4989,Wind,276,Tuesday,October,Fall
1/11/2023,21,22,15556,Wind,11,Wednesday,January,Winter
8/20/2024,1,2,3390,Wind,233,Tuesday,August,Summer
3/1/2020,14,15,8968,Wind,61,Sunday,March,Spring
8/14/2021,21,22,916,Wind,226,Saturday,August,Summer
12/14/2021,2,3,587,Wind,348,Tuesday,December,Winter
10/27/2024,1,2,1635,Wind,301,Sunday,October,Fall
7/30/2021,1,2,1469,Wind,211,Friday,July,Summer
4/16/2025,6,7,3691,Wind,106,Wednesday,April,Spring
10/4/2020,0,1,7366,Wind,278,Sunday,October,Fall
12/18/2022,6,7,6077,Wind,352,Sunday,December,Winter
7/9/2021,21,22,370,Wind,190,Friday,July,Summer
1/17/2022,17,18,1397,Wind,17,Monday,January,Winter
2/10/2025,1,2,3221,Wind,41,Monday,February,Winter
7/23/2023,15,16,9714,Wind,204,Sunday,July,Summer
5/1/2020,5,6,6913,Wind,122,Friday,May,Spring
5/12/2023,18,19,5556,Wind,132,Friday,May,Spring
12/21/2022,19,20,11825,Wind,355,Wednesday,December,Winter
1/4/2020,10,11,4479,Wind,4,Saturday,January,Winter
7/14/2021,17,18,8231,Wind,195,Wednesday,July,Summer
7/8/2025,21,22,2398,Wind,189,Tuesday,July,Summer
5/31/2025,1,2,837,Wind,151,Saturday,May,Spring
9/17/2025,8,9,4458,Wind,260,Wednesday,September,Fall
5/10/2022,21,22,2140,Wind,130,Tuesday,May,Spring
3/31/2023,18,19,19093,Wind,90,Friday,March,Spring
10/4/2024,23,0,2882,Wind,278,Friday,October,Fall
2/4/2021,2,3,4372,Wind,35,Thursday,February,Winter
1/3/2020,11,12,9534,Wind,3,Friday,January,Winter
8/31/2020,23,0,1614,Wind,244,Monday,August,Summer
9/8/2025,9,10,3178,Solar,251,Monday,September,Fall
11/11/2022,18,19,3699,Wind,315,Friday,November,Fall
10/21/2024,15,16,8393,Solar,295,Monday,October,Fall
7/4/2022,15,16,6170,Solar,185,Monday,July,Summer
2/1/2025,2,3,3863,Wind,32,Saturday,February,Winter
5/23/2022,12,13,8430,Wind,143,Monday,May,Spring
6/20/2025,8,9,5469,Solar,171,Friday,June,Summer
5/22/2020,13,14,6982,Solar,143,Friday,May,Spring
1/1/2022,23,0,5385,Wind,1,Saturday,January,Winter
10/29/2022,8,9,7385,Wind,302,Saturday,October,Fall
1/3/2025,22,23,3446,Wind,3,Friday,January,Winter
3/29/2021,4,5,3859,Wind,88,Monday,March,Spring
1/24/2021,13,14,9132,Wind,24,Sunday,January,Winter
10/6/2021,6,7,8232,Wind,279,Wednesday,October,Fall
11/26/2023,15,16,3911,Wind,330,Sunday,November,Fall
5/28/2022,9,10,5809,Solar,148,Saturday,May,Spring
2/5/2024,4,5,7263,Wind,36,Monday,February,Winter
1/28/2025,7,8,18356,Wind,28,Tuesday,January,Winter
2/22/2023,17,18,2037,Wind,53,Wednesday,February,Winter
2/17/2024,1,2,3267,Wind,48,Saturday,February,Winter
10/3/2022,22,23,1692,Wind,276,Monday,October,Fall
11/25/2021,17,18,2854,Wind,329,Thursday,November,Fall
2/24/2025,10,11,15434,Wind,55,Monday,February,Winter
11/20/2021,8,9,1106,Wind,324,Saturday,November,Fall
8/20/2025,2,3,2739,Wind,232,Wednesday,August,Summer
11/14/2020,18,19,10406,Wind,319,Saturday,November,Fall
7/23/2025,16,17,6403,Solar,204,Wednesday,July,Summer
9/29/2021,20,21,3738,Wind,272,Wednesday,September,Fall
1/23/2024,20,21,17177,Wind,23,Tuesday,January,Winter
4/10/2025,11,12,11510,Solar,100,Thursday,April,Spring
12/24/2024,0,1,4716,Wind,359,Tuesday,December,Winter
8/15/2025,15,16,10700,Solar,227,Friday,August,Summer
6/3/2024,8,9,3377,Solar,155,Monday,June,Summer
1/10/2025,0,1,4208,Wind,10,Friday,January,Winter
5/28/2020,7,8,3834,Wind,149,Thursday,May,Spring
2/2/2024,6,7,5384,Wind,33,Friday,February,Winter
4/15/2021,1,2,5298,Wind,105,Thursday,April,Spring
7/16/2023,1,2,10971,Wind,197,Sunday,July,Summer
7/4/2022,0,1,3402,Wind,185,Monday,July,Summer
12/15/2022,18,19,8325,Wind,349,Thursday,December,Winter
5/31/2020,13,14,8072,Wind,152,Sunday,May,Spring
11/8/2020,9,10,3896,Wind,313,Sunday,November,Fall
7/25/2021,10,11,5701,Wind,206,Sunday,July,Summer
2/15/2020,17,18,10164,Wind,46,Saturday,February,Winter
5/22/2023,20,21,4807,Wind,142,Monday,May,Spring
6/20/2024,21,22,2123,Wind,172,Thursday,June,Summer
1/24/2022,7,8,3018,Wind,24,Monday,January,Winter
8/30/2021,23,0,4985,Wind,242,Monday,August,Summer
10/7/2021,14,15,5955,Solar,280,Thursday,October,Fall
6/18/2020,14,15,5121,Solar,170,Thursday,June,Summer
2/17/2020,5,6,6130,Wind,48,Monday,February,Winter
3/30/2020,1,2,11994,Wind,90,Monday,March,Spring
7/3/2025,8,9,5437,Wind,184,Thursday,July,Summer
12/10/2021,16,17,13856,Wind,344,Friday,December,Winter
3/8/2023,11,12,15972,Wind,67,Wednesday,March,Spring
7/31/2025,19,20,6732,Wind,212,Thursday,July,Summer
5/27/2023,0,1,8791,Wind,147,Saturday,May,Spring
10/29/2023,5,6,14125,Wind,302,Sunday,October,Fall
4/21/2024,8,9,7076,Wind,112,Sunday,April,Spring
11/30/2025,8,9,4801,Wind,334,Sunday,November,Fall
1/23/2022,19,20,4009,Wind,23,Sunday,January,Winter
12/10/2024,3,4,9960,Wind,345,Tuesday,December,Winter
7/16/2022,13,14,8810,Solar,197,Saturday,July,Summer
8/23/2020,15,16,8621,Wind,236,Sunday,August,Summer
10/20/2021,10,11,13349,Wind,293,Wednesday,October,Fall
5/5/2023,12,13,8234,Solar,125,Friday,May,Spring
5/28/2020,13,14,7312,Solar,149,Thursday,May,Spring
12/23/2022,8,9,9829,Wind,357,Friday,December,Winter
9/10/2025,16,17,6743,Wind,253,Wednesday,September,Fall
1/1/2023,22,23,12955,Wind,1,Sunday,January,Winter
5/30/2024,23,0,5756,Wind,151,Thursday,May,Spring
11/7/2024,17,18,2897,Wind,312,Thursday,November,Fall
6/30/2024,19,20,4150,Wind,182,Sunday,June,Summer
7/26/2020,2,3,4286,Wind,208,Sunday,July,Summer
11/1/2024,2,3,695,Wind,306,Friday,November,Fall
4/5/2024,3,4,8961,Wind,96,Friday,April,Spring
11/16/2020,18,19,4496,Wind,321,Monday,November,Fall
12/15/2022,13,14,6526,Wind,349,Thursday,December,Winter
10/12/2021,11,12,5020,Solar,285,Tuesday,October,Fall
6/25/2020,4,5,3496,Wind,177,Thursday,June,Summer
6/21/2023,18,19,2516,Solar,172,Wednesday,June,Summer
4/17/2025,16,17,7819,Solar,107,Thursday,April,Spring
3/7/2024,22,23,12265,Wind,67,Thursday,March,Spring
8/1/2025,21,22,4475,Wind,213,Friday,August,Summer
9/13/2025,12,13,13818,Wind,256,Saturday,September,Fall
7/8/2025,7,8,6101,Wind,189,Tuesday,July,Summer
3/14/2023,7,8,16522,Wind,73,Tuesday,March,Spring
7/17/2023,0,1,3144,Wind,198,Monday,July,Summer
7/24/2023,21,22,3610,Wind,205,Monday,July,Summer
5/1/2022,15,16,6259,Solar,121,Sunday,May,Spring
10/16/2021,1,2,1687,Wind,289,Saturday,October,Fall
7/19/2020,1,2,1362,Wind,201,Sunday,July,Summer
9/22/2024,8,9,3775,Wind,266,Sunday,September,Fall
7/27/2021,6,7,1578,Wind,208,Tuesday,July,Summer
1/23/2020,2,3,6707,Wind,23,Thursday,January,Winter
7/7/2023,11,12,8342,Solar,188,Friday,July,Summer
1/23/2022,9,10,3207,Wind,23,Sunday,January,Winter
5/2/2020,9,10,4667,Wind,123,Saturday,May,Spring
6/22/2022,2,3,3806,Wind,173,Wednesday,June,Summer
8/15/2024,1,2,1851,Wind,228,Thursday,August,Summer
10/4/2021,17,18,6267,Wind,277,Monday,October,Fall
1/21/2023,14,15,10389,Wind,21,Saturday,January,Winter
10/5/2021,16,17,12707,Wind,278,Tuesday,October,Fall
4/8/2025,22,23,5079,Wind,98,Tuesday,April,Spring
8/16/2021,6,7,4749,Wind,228,Monday,August,Summer
1/18/2020,5,6,4645,Wind,18,Saturday,January,Winter
8/16/2021,7,8,5046,Wind,228,Monday,August,Summer
1/5/2025,18,19,18488,Wind,5,Sunday,January,Winter
10/25/2020,5,6,7800,Wind,299,Sunday,October,Fall
6/11/2022,11,12,5797,Solar,162,Saturday,June,Summer
5/9/2024,6,7,3436,Wind,130,Thursday,May,Spring
7/7/2024,20,21,3000,Wind,189,Sunday,July,Summer
7/11/2023,14,15,9794,Solar,192,Tuesday,July,Summer
6/16/2020,21,22,1450,Wind,168,Tuesday,June,Summer
10/22/2022,12,13,6219,Solar,295,Saturday,October,Fall
6/22/2022,13,14,5622,Solar,173,Wednesday,June,Summer
6/12/2020,18,19,4969,Wind,164,Friday,June,Summer
3/29/2024,11,12,13290,Wind,89,Friday,March,Spring
12/27/2020,12,13,13159,Wind,362,Sunday,December,Winter
7/1/2021,14,15,5041,Solar,182,Thursday,July,Summer
8/4/2025,3,4,3303,Wind,216,Monday,August,Summer
12/2/2021,19,20,4964,Wind,336,Thursday,December,Winter
4/24/2023,14,15,10534,Wind,114,Monday,April,Spring
9/15/2022,23,0,2156,Wind,258,Thursday,September,Fall
12/12/2022,6,7,1038,Wind,346,Monday,December,Winter
12/11/2022,6,7,2415,Wind,345,Sunday,December,Winter
5/30/2021,23,0,5191,Wind,150,Sunday,May,Spring
6/7/2022,20,21,3487,Wind,158,Tuesday,June,Summer
12/20/2021,23,0,3377,Wind,354,Monday,December,Winter
10/26/2025,1,2,10453,Wind,299,Sunday,October,Fall
4/2/2023,8,9,10121,Wind,92,Sunday,April,Spring
4/26/2020,20,21,466,Wind,117,Sunday,April,Spring
4/19/2021,9,10,2735,Solar,109,Monday,April,Spring
3/1/2021,8,9,5349,Wind,60,Monday,March,Spring
8/26/2023,17,18,5041,Wind,238,Saturday,August,Summer
9/23/2024,8,9,4634,Wind,267,Monday,September,Fall
3/21/2023,16,17,8241,Wind,80,Tuesday,March,Spring
7/29/2020,11,12,3483,Solar,211,Wednesday,July,Summer
11/14/2024,0,1,4003,Wind,319,Thursday,November,Fall
8/5/2020,2,3,1003,Wind,218,Wednesday,August,Summer
7/15/2020,8,9,1905,Wind,197,Wednesday,July,Summer
4/24/2023,5,6,8273,Wind,114,Monday,April,Spring
6/13/2020,8,9,2926,Wind,165,Saturday,June,Summer
1/4/2020,18,19,2983,Wind,4,Saturday,January,Winter
6/25/2024,6,7,3497,Wind,177,Tuesday,June,Summer
1/12/2022,14,15,4731,Solar,12,Wednesday,January,Winter
8/19/2025,21,22,3579,Wind,231,Tuesday,August,Summer
6/28/2020,0,1,4765,Wind,180,Sunday,June,Summer
3/8/2025,6,7,10878,Wind,67,Saturday,March,Spring
9/6/2024,6,7,2426,Wind,250,Friday,September,Fall
5/31/2024,12,13,11737,Wind,152,Friday,May,Spring
6/1/2020,17,18,4261,Wind,153,Monday,June,Summer
11/2/2020,12,13,13394,Wind,307,Monday,November,Fall
4/11/2023,12,13,9998,Wind,101,Tuesday,April,Spring
3/1/2021,1,2,5776,Wind,60,Monday,March,Spring
2/24/2020,18,19,10814,Wind,55,Monday,February,Winter
9/15/2025,2,3,9831,Wind,258,Monday,September,Fall
5/23/2023,18,19,10411,Wind,143,Tuesday,May,Spring
3/4/2021,21,22,3114,Wind,63,Thursday,March,Spring
3/20/2022,6,7,4720,Wind,79,Sunday,March,Spring
6/21/2025,14,15,9972,Solar,172,Saturday,June,Summer
8/12/2023,4,5,1660,Wind,224,Saturday,August,Summer
2/11/2021,14,15,8606,Wind,42,Thursday,February,Winter
12/16/2020,8,9,6819,Wind,351,Wednesday,December,Winter
1/23/2022,10,11,4428,Wind,23,Sunday,January,Winter
8/22/2021,23,0,2991,Wind,234,Sunday,August,Summer
10/27/2024,14,15,3213,Solar,301,Sunday,October,Fall
9/8/2025,12,13,6498,Solar,251,Monday,September,Fall
2/27/2024,1,2,13652,Wind,58,Tuesday,February,Winter
2/2/2025,19,20,1296,Wind,33,Sunday,February,Winter
11/19/2022,8,9,2689,Wind,323,Saturday,November,Fall
1/10/2023,19,20,14924,Wind,10,Tuesday,January,Winter
12/26/2021,10,11,4021,Wind,360,Sunday,December,Winter
7/26/2021,17,18,6326,Wind,207,Monday,July,Summer
7/10/2023,8,9,2252,Solar,191,Monday,July,Summer
3/18/2022,1,2,6520,Wind,77,Friday,March,Spring
3/26/2024,6,7,4088,Wind,86,Tuesday,March,Spring
12/25/2021,10,11,1761,Wind,359,Saturday,December,Winter
3/9/2025,4,5,9371,Wind,68,Sunday,March,Spring
11/21/2025,22,23,3561,Wind,325,Friday,November,Fall
8/28/2024,11,12,8271,Solar,241,Wednesday,August,Summer
4/9/2022,7,8,3140,Wind,99,Saturday,April,Spring
8/27/2025,13,14,9935,Wind,239,Wednesday,August,Summer
7/24/2024,14,15,8396,Solar,206,Wednesday,July,Summer
12/1/2021,3,4,13696,Wind,335,Wednesday,December,Winter
10/2/2022,14,15,11081,Wind,275,Sunday,October,Fall
6/2/2021,18,19,5123,Wind,153,Wednesday,June,Summer
8/25/2025,0,1,4994,Wind,237,Monday,August,Summer
6/21/2025,10,11,7971,Solar,172,Saturday,June,Summer
6/20/2023,23,0,1043,Wind,171,Tuesday,June,Summer
8/9/2022,11,12,9212,Solar,221,Tuesday,August,Summer
5/7/2024,0,1,2917,Wind,128,Tuesday,May,Spring
2/20/2023,0,1,3125,Wind,51,Monday,February,Winter
10/17/2023,7,8,7154,Wind,290,Tuesday,October,Fall
12/18/2020,4,5,5875,Wind,353,Friday,December,Winter
5/29/2020,16,17,7583,Wind,150,Friday,May,Spring
8/14/2023,14,15,9682,Solar,226,Monday,August,Summer
5/4/2021,15,16,14449,Wind,124,Tuesday,May,Spring
3/1/2021,9,10,5489,Wind,60,Monday,March,Spring
2/4/2025,17,18,4150,Wind,35,Tuesday,February,Winter
5/20/2023,16,17,9396,Wind,140,Saturday,May,Spring
2/20/2021,6,7,11021,Wind,51,Saturday,February,Winter
6/8/2023,23,0,4890,Wind,159,Thursday,June,Summer
8/11/2021,8,9,1398,Solar,223,Wednesday,August,Summer
4/16/2022,1,2,5425,Wind,106,Saturday,April,Spring
2/22/2020,15,16,11215,Wind,53,Saturday,February,Winter
9/20/2020,5,6,1430,Wind,264,Sunday,September,Fall
7/26/2025,16,17,12297,Solar,207,Saturday,July,Summer
7/7/2020,16,17,4966,Solar,189,Tuesday,July,Summer
10/14/2024,7,8,4181,Wind,288,Monday,October,Fall
1/10/2021,12,13,4787,Wind,10,Sunday,January,Winter
5/26/2020,13,14,7674,Solar,147,Tuesday,May,Spring
6/11/2022,10,11,4978,Solar,162,Saturday,June,Summer
11/15/2021,3,4,3192,Wind,319,Monday,November,Fall
2/17/2024,2,3,2933,Wind,48,Saturday,February,Winter
8/4/2021,20,21,1904,Wind,216,Wednesday,August,Summer
2/24/2022,4,5,4560,Wind,55,Thursday,February,Winter
4/25/2021,16,17,10672,Wind,115,Sunday,April,Spring
10/10/2022,15,16,4814,Solar,283,Monday,October,Fall
6/7/2020,13,14,4010,Solar,159,Sunday,June,Summer
3/20/2023,21,22,1961,Wind,79,Monday,March,Spring
4/16/2022,19,20,6468,Wind,106,Saturday,April,Spring
2/21/2023,19,20,1282,Wind,52,Tuesday,February,Winter
9/16/2025,10,11,13417,Wind,259,Tuesday,September,Fall
10/15/2025,11,12,8271,Solar,288,Wednesday,October,Fall
4/30/2022,2,3,4404,Wind,120,Saturday,April,Spring
3/16/2023,13,14,12494,Wind,75,Thursday,March,Spring
6/18/2020,13,14,4693,Solar,170,Thursday,June,Summer
5/13/2022,11,12,5938,Solar,133,Friday,May,Spring
11/5/2020,11,12,6089,Wind,310,Thursday,November,Fall
4/29/2025,15,16,6311,Solar,119,Tuesday,April,Spring
5/4/2023,23,0,3643,Wind,124,Thursday,May,Spring
11/17/2025,0,1,5025,Wind,321,Monday,November,Fall
7/1/2021,5,6,651,Wind,182,Thursday,July,Summer
3/15/2023,11,12,6484,Solar,74,Wednesday,March,Spring
9/15/2023,10,11,5974,Solar,258,Friday,September,Fall
12/22/2023,23,0,13587,Wind,356,Friday,December,Winter
3/22/2021,4,5,4054,Wind,81,Monday,March,Spring
12/12/2022,22,23,6733,Wind,346,Monday,December,Winter
9/3/2023,11,12,7094,Solar,246,Sunday,September,Fall
11/9/2021,0,1,1819,Wind,313,Tuesday,November,Fall
1/17/2021,12,13,7552,Wind,17,Sunday,January,Winter
6/21/2023,7,8,1637,Wind,172,Wednesday,June,Summer
5/20/2021,18,19,9869,Wind,140,Thursday,May,Spring
4/16/2021,7,8,4456,Wind,106,Friday,April,Spring
12/17/2022,9,10,3658,Wind,351,Saturday,December,Winter
5/8/2022,6,7,3605,Wind,128,Sunday,May,Spring
12/22/2022,12,13,14188,Wind,356,Thursday,December,Winter
7/11/2021,19,20,1524,Solar,192,Sunday,July,Summer
1/27/2020,23,0,11841,Wind,27,Monday,January,Winter
6/15/2020,14,15,5662,Solar,167,Monday,June,Summer
1/17/2020,19,20,7060,Wind,17,Friday,January,Winter
8/8/2025,21,22,1377,Wind,220,Friday,August,Summer
12/22/2023,3,4,16098,Wind,356,Friday,December,Winter
10/22/2025,14,15,7599,Solar,295,Wednesday,October,Fall
5/21/2023,11,12,5316,Wind,141,Sunday,May,Spring
6/14/2025,23,0,2727,Wind,165,Saturday,June,Summer
7/7/2025,8,9,7413,Wind,188,Monday,July,Summer
1/9/2024,13,14,7152,Wind,9,Tuesday,January,Winter
1/21/2021,5,6,11117,Wind,21,Thursday,January,Winter
3/28/2024,0,1,14268,Wind,88,Thursday,March,Spring
3/24/2024,9,10,14489,Wind,84,Sunday,March,Spring
5/11/2022,7,8,3997,Wind,131,Wednesday,May,Spring
6/20/2021,19,20,3126,Wind,171,Sunday,June,Summer
12/23/2020,13,14,11166,Wind,358,Wednesday,December,Winter
4/14/2024,11,12,3777,Solar,105,Sunday,April,Spring
10/17/2025,1,2,5705,Wind,290,Friday,October,Fall
8/24/2023,5,6,3806,Wind,236,Thursday,August,Summer
10/5/2022,22,23,6523,Wind,278,Wednesday,October,Fall
3/4/2025,22,23,2922,Wind,63,Tuesday,March,Spring
6/15/2021,1,2,2375,Wind,166,Tuesday,June,Summer
6/27/2020,14,15,11830,Wind,179,Saturday,June,Summer
1/22/2020,23,0,6702,Wind,22,Wednesday,January,Winter
9/1/2023,0,1,4962,Wind,244,Friday,September,Fall
7/27/2024,7,8,942,Wind,209,Saturday,July,Summer
9/12/2024,13,14,11222,Solar,256,Thursday,September,Fall
9/5/2022,22,23,5367,Wind,248,Monday,September,Fall
6/22/2022,19,20,2962,Wind,173,Wednesday,June,Summer
9/6/2023,7,8,2356,Wind,249,Wednesday,September,Fall
8/26/2020,23,0,1950,Wind,239,Wednesday,August,Summer
2/19/2021,6,7,4981,Wind,50,Friday,February,Winter
6/14/2022,14,15,6715,Solar,165,Tuesday,June,Summer
2/22/2020,13,14,12629,Wind,53,Saturday,February,Winter
9/14/2022,11,12,5082,Solar,257,Wednesday,September,Fall
6/15/2024,13,14,11056,Wind,167,Saturday,June,Summer
1/1/2023,7,8,9266,Wind,1,Sunday,January,Winter
9/5/2021,17,18,2963,Solar,248,Sunday,September,Fall
11/24/2023,23,0,9503,Wind,328,Friday,November,Fall
5/26/2024,0,1,3450,Wind,147,Sunday,May,Spring
9/23/2025,4,5,4925,Wind,266,Tuesday,September,Fall
8/28/2022,5,6,3796,Wind,240,Sunday,August,Summer
11/17/2023,4,5,4902,Wind,321,Friday,November,Fall
12/15/2024,12,13,9874,Wind,350,Sunday,December,Winter
8/22/2020,17,18,10771,Wind,235,Saturday,August,Summer
10/3/2020,2,3,2954,Wind,277,Saturday,October,Fall
6/4/2024,22,23,4507,Wind,156,Tuesday,June,Summer
5/3/2024,15,16,10504,Solar,124,Friday,May,Spring
2/6/2020,11,12,4762,Solar,37,Thursday,February,Winter
1/19/2025,3,4,931,Wind,19,Sunday,January,Winter
7/6/2021,15,16,11191,Wind,187,Tuesday,July,Summer
8/12/2020,11,12,3755,Solar,225,Wednesday,August,Summer
2/3/2024,12,13,7803,Wind,34,Saturday,February,Winter
10/7/2025,9,10,3821,Solar,280,Tuesday,October,Fall
10/19/2024,13,14,10146,Wind,293,Saturday,October,Fall
10/28/2025,3,4,11254,Wind,301,Tuesday,October,Fall
8/11/2021,21,22,438,Wind,223,Wednesday,August,Summer
2/5/2024,22,23,8550,Wind,36,Monday,February,Winter
9/28/2022,23,0,2524,Wind,271,Wednesday,September,Fall
12/18/2024,8,9,15129,Wind,353,Wednesday,December,Winter
2/6/2022,2,3,13175,Wind,37,Sunday,February,Winter
10/12/2022,8,9,584,Wind,285,Wednesday,October,Fall
7/26/2022,21,22,2482,Wind,207,Tuesday,July,Summer
5/28/2021,14,15,5503,Solar,148,Friday,May,Spring
9/13/2023,19,20,1538,Wind,256,Wednesday,September,Fall
10/29/2025,11,12,7794,Wind,302,Wednesday,October,Fall
7/2/2024,13,14,8030,Solar,184,Tuesday,July,Summer
12/4/2024,23,0,6973,Wind,339,Wednesday,December,Winter
4/14/2021,1,2,4020,Wind,104,Wednesday,April,Spring
2/4/2023,10,11,4372,Solar,35,Saturday,February,Winter
9/17/2023,3,4,2904,Wind,260,Sunday,September,Fall
4/19/2023,4,5,7469,Wind,109,Wednesday,April,Spring
5/29/2021,3,4,2960,Wind,149,Saturday,May,Spring
5/5/2025,9,10,12112,Wind,125,Monday,May,Spring
6/22/2024,0,1,4950,Wind,174,Saturday,June,Summer
5/9/2020,18,19,2119,Wind,130,Saturday,May,Spring
3/27/2025,18,19,3241,Wind,86,Thursday,March,Spring
3/5/2022,7,8,2368,Wind,64,Saturday,March,Spring
5/15/2020,2,3,7692,Wind,136,Friday,May,Spring
10/15/2022,9,10,11169,Wind,288,Saturday,October,Fall
7/5/2023,5,6,9980,Wind,186,Wednesday,July,Summer
3/18/2022,9,10,9550,Wind,77,Friday,March,Spring
1/15/2022,11,12,3590,Solar,15,Saturday,January,Winter
10/21/2022,12,13,8623,Wind,294,Friday,October,Fall
10/1/2021,18,19,5384,Wind,274,Friday,October,Fall
9/15/2023,16,17,6137,Solar,258,Friday,September,Fall
5/18/2022,6,7,1431,Wind,138,Wednesday,May,Spring
1/26/2025,7,8,10617,Wind,26,Sunday,January,Winter
4/6/2021,4,5,4973,Wind,96,Tuesday,April,Spring
6/5/2024,15,16,8338,Solar,157,Wednesday,June,Summer
5/27/2023,16,17,7001,Solar,147,Saturday,May,Spring
10/7/2023,14,15,8412,Solar,280,Saturday,October,Fall
6/19/2025,23,0,6656,Wind,170,Thursday,June,Summer
7/14/2020,16,17,5502,Solar,196,Tuesday,July,Summer
1/30/2025,9,10,6843,Wind,30,Thursday,January,Winter
4/18/2020,10,11,2403,Solar,109,Saturday,April,Spring
5/1/2020,20,21,7607,Wind,122,Friday,May,Spring
12/17/2024,7,8,2584,Wind,352,Tuesday,December,Winter
10/20/2021,2,3,11312,Wind,293,Wednesday,October,Fall
1/19/2025,13,14,4287,Solar,19,Sunday,January,Winter
1/19/2020,12,13,7168,Wind,19,Sunday,January,Winter
4/3/2022,12,13,8072,Wind,93,Sunday,April,Spring
11/26/2022,16,17,4098,Wind,330,Saturday,November,Fall
4/6/2024,11,12,11113,Wind,97,Saturday,April,Spring
6/29/2024,9,10,4606,Wind,181,Saturday,June,Summer
6/21/2022,13,14,4725,Solar,172,Tuesday,June,Summer
5/24/2021,7,8,7606,Wind,144,Monday,May,Spring
7/19/2025,22,23,3591,Wind,200,Saturday,July,Summer
1/24/2023,6,7,7138,Wind,24,Tuesday,January,Winter
1/5/2023,5,6,8718,Wind,5,Thursday,January,Winter
3/31/2024,15,16,12871,Wind,91,Sunday,March,Spring
10/20/2021,4,5,10723,Wind,293,Wednesday,October,Fall
10/8/2020,16,17,10734,Wind,282,Thursday,October,Fall
11/22/2025,4,5,4238,Wind,326,Saturday,November,Fall
2/9/2021,7,8,1690,Wind,40,Tuesday,February,Winter
12/11/2022,4,5,2435,Wind,345,Sunday,December,Winter
10/2/2022,10,11,8595,Wind,275,Sunday,October,Fall
12/11/2021,21,22,4734,Wind,345,Saturday,December,Winter
1/29/2025,19,20,7676,Wind,29,Wednesday,January,Winter
10/17/2024,16,17,3148,Wind,291,Thursday,October,Fall
2/15/2020,10,11,9345,Wind,46,Saturday,February,Winter
8/30/2021,17,18,7498,Wind,242,Monday,August,Summer
12/1/2022,2,3,3707,Wind,335,Thursday,December,Winter
9/24/2023,23,0,6907,Wind,267,Sunday,September,Fall
1/29/2020,5,6,8170,Wind,29,Wednesday,January,Winter
6/27/2025,0,1,3718,Wind,178,Friday,June,Summer
3/23/2020,20,21,7815,Wind,83,Monday,March,Spring
6/3/2024,11,12,6838,Solar,155,Monday,June,Summer
6/3/2020,21,22,4054,Wind,155,Wednesday,June,Summer
3/15/2024,22,23,11551,Wind,75,Friday,March,Spring
5/6/2020,1,2,2902,Wind,127,Wednesday,May,Spring
6/20/2022,8,9,4120,Wind,171,Monday,June,Summer
8/4/2022,8,9,2352,Wind,216,Thursday,August,Summer
6/5/2025,2,3,3520,Wind,156,Thursday,June,Summer
5/22/2024,21,22,3246,Wind,143,Wednesday,May,Spring
5/31/2021,12,13,8251,Solar,151,Monday,May,Spring
5/17/2025,16,17,5091,Solar,137,Saturday,May,Spring
6/8/2023,3,4,4963,Wind,159,Thursday,June,Summer
6/10/2020,13,14,3476,Solar,162,Wednesday,June,Summer
4/6/2021,7,8,4483,Wind,96,Tuesday,April,Spring
5/12/2020,13,14,5427,Wind,133,Tuesday,May,Spring
10/22/2021,13,14,7756,Wind,295,Friday,October,Fall
10/25/2020,20,21,5286,Wind,299,Sunday,October,Fall
11/10/2024,9,10,2337,Solar,315,Sunday,November,Fall
8/27/2020,3,4,746,Wind,240,Thursday,August,Summer
12/8/2020,13,14,2927,Wind,343,Tuesday,December,Winter
2/25/2020,19,20,11340,Wind,56,Tuesday,February,Winter
5/25/2025,22,23,7827,Wind,145,Sunday,May,Spring
10/29/2024,8,9,2469,Wind,303,Tuesday,October,Fall
6/12/2023,2,3,1550,Wind,163,Monday,June,Summer
6/11/2022,18,19,3464,Solar,162,Saturday,June,Summer
10/14/2024,9,10,4669,Wind,288,Monday,October,Fall
11/29/2023,7,8,3138,Wind,333,Wednesday,November,Fall
5/11/2023,19,20,3543,Wind,131,Thursday,May,Spring
5/30/2022,5,6,3358,Wind,150,Monday,May,Spring
4/20/2023,1,2,9578,Wind,110,Thursday,April,Spring
10/26/2025,15,16,14457,Wind,299,Sunday,October,Fall
6/3/2021,12,13,4373,Solar,154,Thursday,June,Summer
5/9/2022,19,20,1377,Solar,129,Monday,May,Spring
12/20/2021,3,4,3033,Wind,354,Monday,December,Winter
10/9/2023,6,7,1355,Wind,282,Monday,October,Fall
9/15/2023,0,1,3113,Wind,258,Friday,September,Fall
9/8/2023,5,6,1193,Wind,251,Friday,September,Fall
6/24/2020,3,4,4927,Wind,176,Wednesday,June,Summer
11/30/2024,2,3,4784,Wind,335,Saturday,November,Fall
4/14/2025,4,5,625,Wind,104,Monday,April,Spring
8/13/2021,1,2,1385,Wind,225,Friday,August,Summer
7/6/2021,20,21,3252,Wind,187,Tuesday,July,Summer
5/2/2020,6,7,4527,Wind,123,Saturday,May,Spring
9/25/2021,7,8,1626,Wind,268,Saturday,September,Fall
9/13/2025,23,0,5473,Wind,256,Saturday,September,Fall
5/3/2022,20,21,3913,Wind,123,Tuesday,May,Spring
5/31/2022,6,7,629,Wind,151,Tuesday,May,Spring
4/4/2021,20,21,1822,Wind,94,Sunday,April,Spring
5/2/2022,14,15,6399,Solar,122,Monday,May,Spring
4/22/2022,6,7,4924,Wind,112,Friday,April,Spring
12/6/2021,13,14,6810,Wind,340,Monday,December,Winter
12/11/2021,4,5,7205,Wind,345,Saturday,December,Winter
2/28/2025,2,3,4602,Wind,59,Friday,February,Winter
2/9/2023,0,1,2302,Wind,40,Thursday,February,Winter
10/16/2020,12,13,4771,Wind,290,Friday,October,Fall
10/17/2023,19,20,9601,Wind,290,Tuesday,October,Fall
10/21/2025,0,1,16078,Wind,294,Tuesday,October,Fall
11/7/2023,15,16,10062,Wind,311,Tuesday,November,Fall
10/30/2025,20,21,7973,Wind,303,Thursday,October,Fall
10/19/2020,1,2,1282,Wind,293,Monday,October,Fall
9/8/2023,0,1,1364,Wind,251,Friday,September,Fall
10/19/2025,18,19,12954,Wind,292,Sunday,October,Fall
11/13/2022,15,16,2623,Solar,317,Sunday,November,Fall
2/24/2021,23,0,6614,Wind,55,Wednesday,February,Winter
4/16/2023,14,15,10098,Solar,106,Sunday,April,Spring
8/19/2024,21,22,2334,Wind,232,Monday,August,Summer
3/1/2024,20,21,13391,Wind,61,Friday,March,Spring
4/25/2025,23,0,5109,Wind,115,Friday,April,Spring
6/5/2025,0,1,2919,Wind,156,Thursday,June,Summer
5/4/2024,20,21,3018,Wind,125,Saturday,May,Spring
8/19/2023,17,18,5543,Solar,231,Saturday,August,Summer
3/21/2024,9,10,3781,Solar,81,Thursday,March,Spring
4/5/2021,1,2,3111,Wind,95,Monday,April,Spring
5/19/2021,22,23,3897,Wind,139,Wednesday,May,Spring
12/21/2023,3,4,14043,Wind,355,Thursday,December,Winter
2/22/2025,4,5,10381,Wind,53,Saturday,February,Winter
2/7/2021,23,0,1739,Wind,38,Sunday,February,Winter
5/10/2025,6,7,7169,Wind,130,Saturday,May,Spring
2/25/2025,14,15,13221,Wind,56,Tuesday,February,Winter
7/2/2024,2,3,2993,Wind,184,Tuesday,July,Summer
5/25/2023,6,7,7649,Wind,145,Thursday,May,Spring
4/13/2022,16,17,3243,Solar,103,Wednesday,April,Spring
2/15/2025,18,19,3681,Wind,46,Saturday,February,Winter
4/19/2022,5,6,2287,Wind,109,Tuesday,April,Spring
2/14/2021,23,0,10047,Wind,45,Sunday,February,Winter
1/13/2024,2,3,2005,Wind,13,Saturday,January,Winter
6/23/2024,21,22,1679,Wind,175,Sunday,June,Summer
6/23/2023,22,23,2045,Wind,174,Friday,June,Summer
12/13/2022,16,17,2696,Wind,347,Tuesday,December,Winter
10/3/2023,20,21,4434,Wind,276,Tuesday,October,Fall
7/13/2023,15,16,9653,Solar,194,Thursday,July,Summer
4/19/2020,17,18,4146,Wind,110,Sunday,April,Spring
12/1/2022,19,20,3999,Wind,335,Thursday,December,Winter
6/23/2025,19,20,9992,Wind,174,Monday,June,Summer
9/8/2020,1,2,1554,Wind,252,Tuesday,September,Fall
7/3/2024,18,19,9354,Wind,185,Wednesday,July,Summer
7/25/2025,3,4,2035,Wind,206,Friday,July,Summer
6/20/2021,10,11,3778,Solar,171,Sunday,June,Summer
5/31/2023,8,9,7123,Wind,151,Wednesday,May,Spring
5/1/2021,11,12,3323,Solar,121,Saturday,May,Spring
4/2/2023,12,13,12812,Wind,92,Sunday,April,Spring
1/8/2022,10,11,10733,Wind,8,Saturday,January,Winter
2/23/2024,13,14,16191,Wind,54,Friday,February,Winter
1/22/2021,17,18,3817,Wind,22,Friday,January,Winter
7/5/2025,4,5,2489,Wind,186,Saturday,July,Summer
4/18/2024,12,13,8623,Solar,109,Thursday,April,Spring
10/24/2024,0,1,6796,Wind,298,Thursday,October,Fall
8/8/2023,22,23,2582,Wind,220,Tuesday,August,Summer
1/13/2020,17,18,9926,Wind,13,Monday,January,Winter
6/27/2025,13,14,11541,Solar,178,Friday,June,Summer
7/1/2024,5,6,1695,Wind,183,Monday,July,Summer
5/11/2024,21,22,3472,Wind,132,Saturday,May,Spring
9/7/2025,14,15,7231,Wind,250,Sunday,September,Fall
11/19/2023,13,14,17786,Wind,323,Sunday,November,Fall
12/11/2020,18,19,6188,Wind,346,Friday,December,Winter
8/28/2020,5,6,4524,Wind,241,Friday,August,Summer
2/4/2025,13,14,8211,Solar,35,Tuesday,February,Winter
2/9/2020,5,6,11052,Wind,40,Sunday,February,Winter
4/13/2022,5,6,1227,Wind,103,Wednesday,April,Spring
10/24/2021,22,23,3438,Wind,297,Sunday,October,Fall
10/24/2024,5,6,6302,Wind,298,Thursday,October,Fall
2/16/2023,6,7,4250,Wind,47,Thursday,February,Winter
6/11/2024,4,5,1800,Wind,163,Tuesday,June,Summer
10/16/2020,23,0,1207,Wind,290,Friday,October,Fall
6/28/2020,3,4,4867,Wind,180,Sunday,June,Summer
3/23/2024,11,12,12855,Wind,83,Saturday,March,Spring
8/13/2025,3,4,1056,Wind,225,Wednesday,August,Summer
7/4/2022,1,2,3580,Wind,185,Monday,July,Summer
4/18/2022,15,16,5600,Solar,108,Monday,April,Spring
8/18/2025,16,17,7367,Solar,230,Monday,August,Summer
11/17/2024,18,19,4964,Wind,322,Sunday,November,Fall
4/30/2023,23,0,1696,Wind,120,Sunday,April,Spring
3/20/2020,2,3,3316,Wind,80,Friday,March,Spring
12/15/2023,12,13,4274,Solar,349,Friday,December,Winter
11/28/2021,13,14,10375,Wind,332,Sunday,November,Fall
10/31/2025,21,22,15246,Wind,304,Friday,October,Fall
10/5/2022,12,13,14483,Wind,278,Wednesday,October,Fall
6/23/2025,10,11,11567,Wind,174,Monday,June,Summer
3/1/2023,18,19,7450,Wind,60,Wednesday,March,Spring
12/12/2022,10,11,3288,Wind,346,Monday,December,Winter
11/12/2021,15,16,3879,Wind,316,Friday,November,Fall
12/21/2023,12,13,19358,Wind,355,Thursday,December,Winter
10/25/2024,2,3,6941,Wind,299,Friday,October,Fall
2/24/2023,18,19,3224,Wind,55,Friday,February,Winter
7/8/2022,11,12,7531,Solar,189,Friday,July,Summer
11/8/2020,1,2,4275,Wind,313,Sunday,November,Fall
11/1/2021,0,1,9125,Wind,305,Monday,November,Fall
11/23/2024,0,1,8044,Wind,328,Saturday,November,Fall
12/23/2024,5,6,17108,Wind,358,Monday,December,Winter
11/15/2023,21,22,4402,Wind,319,Wednesday,November,Fall
7/29/2020,13,14,4027,Solar,211,Wednesday,July,Summer
3/1/2020,16,17,8574,Wind,61,Sunday,March,Spring
12/16/2020,10,11,8045,Wind,351,Wednesday,December,Winter
11/2/2021,4,5,4888,Wind,306,Tuesday,November,Fall
11/9/2020,9,10,3308,Wind,314,Monday,November,Fall
10/4/2023,4,5,2628,Wind,277,Wednesday,October,Fall
2/16/2024,22,23,4567,Wind,47,Friday,February,Winter
3/21/2020,11,12,10973,Wind,81,Saturday,March,Spring
8/8/2021,5,6,5042,Wind,220,Sunday,August,Summer
5/29/2021,5,6,2581,Wind,149,Saturday,May,Spring
9/8/2023,14,15,7239,Solar,251,Friday,September,Fall
1/16/2024,2,3,1868,Wind,16,Tuesday,January,Winter
6/26/2025,21,22,4580,Wind,177,Thursday,June,Summer
9/28/2021,5,6,1599,Wind,271,Tuesday,September,Fall
3/6/2020,2,3,10808,Wind,66,Friday,March,Spring
10/10/2021,5,6,1374,Wind,283,Sunday,October,Fall
6/7/2025,18,19,13408,Wind,158,Saturday,June,Summer
12/2/2023,11,12,4402,Solar,336,Saturday,December,Winter
6/9/2020,20,21,2462,Wind,161,Tuesday,June,Summer
7/14/2025,19,20,8818,Wind,195,Monday,July,Summer
2/5/2021,21,22,2566,Wind,36,Friday,February,Winter
2/2/2023,21,22,7011,Wind,33,Thursday,February,Winter
5/26/2023,16,17,11645,Solar,146,Friday,May,Spring
8/3/2024,14,15,10343,Solar,216,Saturday,August,Summer
10/14/2022,0,1,3451,Wind,287,Friday,October,Fall
8/12/2025,12,13,10561,Solar,224,Tuesday,August,Summer
3/28/2022,7,8,1693,Wind,87,Monday,March,Spring
5/2/2025,4,5,3410,Wind,122,Friday,May,Spring
4/13/2025,17,18,5953,Wind,103,Sunday,April,Spring
10/9/2020,21,22,3453,Wind,283,Friday,October,Fall
8/6/2025,2,3,3916,Wind,218,Wednesday,August,Summer
6/11/2021,21,22,2176,Wind,162,Friday,June,Summer
6/19/2020,9,10,3181,Solar,171,Friday,June,Summer
1/24/2023,7,8,7104,Wind,24,Tuesday,January,Winter
9/15/2020,21,22,833,Wind,259,Tuesday,September,Fall
7/24/2023,7,8,4430,Wind,205,Monday,July,Summer
7/6/2025,16,17,14176,Wind,187,Sunday,July,Summer
4/15/2021,12,13,9189,Wind,105,Thursday,April,Spring
3/22/2025,23,0,4464,Wind,81,Saturday,March,Spring
1/4/2024,11,12,11461,Wind,4,Thursday,January,Winter
2/17/2023,7,8,8100,Wind,48,Friday,February,Winter
5/20/2024,4,5,1616,Wind,141,Monday,May,Spring
1/27/2024,10,11,5738,Wind,27,Saturday,January,Winter
8/31/2023,15,16,10018,Wind,243,Thursday,August,Summer
2/19/2021,3,4,4793,Wind,50,Friday,February,Winter
7/8/2021,14,15,5195,Solar,189,Thursday,July,Summer
5/19/2023,1,2,6367,Wind,139,Friday,May,Spring
1/29/2021,16,17,14125,Wind,29,Friday,January,Winter
6/1/2022,20,21,2172,Wind,152,Wednesday,June,Summer
4/30/2020,16,17,14234,Wind,121,Thursday,April,Spring
9/22/2021,21,22,2338,Wind,265,Wednesday,September,Fall
2/2/2024,4,5,4279,Wind,33,Friday,February,Winter
7/24/2022,15,16,7307,Solar,205,Sunday,July,Summer
5/25/2021,13,14,14393,Wind,145,Tuesday,May,Spring
7/17/2023,7,8,2338,Wind,198,Monday,July,Summer
6/8/2024,9,10,4101,Solar,160,Saturday,June,Summer
7/19/2022,8,9,5523,Wind,200,Tuesday,July,Summer
11/16/2020,10,11,9212,Wind,321,Monday,November,Fall
2/2/2024,23,0,6383,Wind,33,Friday,February,Winter
6/25/2020,20,21,1654,Wind,177,Thursday,June,Summer
7/10/2025,22,23,3466,Wind,191,Thursday,July,Summer
6/3/2022,5,6,2794,Wind,154,Friday,June,Summer
6/18/2020,2,3,1786,Wind,170,Thursday,June,Summer
3/21/2024,4,5,2332,Wind,81,Thursday,March,Spring
4/25/2023,1,2,2739,Wind,115,Tuesday,April,Spring
1/7/2022,9,10,9573,Wind,7,Friday,January,Winter
4/18/2023,12,13,12157,Wind,108,Tuesday,April,Spring
3/26/2023,8,9,14251,Wind,85,Sunday,March,Spring
12/19/2023,9,10,9075,Wind,353,Tuesday,December,Winter
10/26/2022,0,1,6850,Wind,299,Wednesday,October,Fall
6/3/2025,8,9,5477,Wind,154,Tuesday,June,Summer
6/17/2020,3,4,1304,Wind,169,Wednesday,June,Summer
8/29/2025,3,4,8790,Wind,241,Friday,August,Summer
2/16/2020,15,16,13620,Wind,47,Sunday,February,Winter
9/15/2020,4,5,3135,Wind,259,Tuesday,September,Fall
2/7/2022,14,15,6367,Solar,38,Monday,February,Winter
9/18/2021,21,22,2374,Wind,261,Saturday,September,Fall
5/9/2023,4,5,2754,Wind,129,Tuesday,May,Spring
3/18/2024,9,10,3934,Solar,78,Monday,March,Spring
1/10/2024,12,13,2707,Wind,10,Wednesday,January,Winter
12/24/2020,2,3,10311,Wind,359,Thursday,December,Winter
6/10/2024,8,9,7335,Wind,162,Monday,June,Summer
11/9/2022,1,2,9198,Wind,313,Wednesday,November,Fall
11/11/2024,1,2,2550,Wind,316,Monday,November,Fall
12/5/2022,19,20,1646,Wind,339,Monday,December,Winter
1/6/2020,22,23,6114,Wind,6,Monday,January,Winter
8/21/2023,21,22,1791,Wind,233,Monday,August,Summer
1/12/2020,17,18,4993,Wind,12,Sunday,January,Winter
10/12/2024,18,19,6137,Wind,286,Saturday,October,Fall
11/9/2020,13,14,2889,Solar,314,Monday,November,Fall
9/13/2022,0,1,2581,Wind,256,Tuesday,September,Fall
3/29/2020,16,17,13630,Wind,89,Sunday,March,Spring
2/15/2025,22,23,5661,Wind,46,Saturday,February,Winter
8/27/2025,0,1,2252,Wind,239,Wednesday,August,Summer
7/12/2023,22,23,3539,Wind,193,Wednesday,July,Summer
1/2/2025,7,8,6369,Wind,2,Thursday,January,Winter
2/19/2021,9,10,6811,Wind,50,Friday,February,Winter
9/23/2025,2,3,7896,Wind,266,Tuesday,September,Fall
7/10/2022,8,9,4514,Wind,191,Sunday,July,Summer
3/26/2021,5,6,3646,Wind,85,Friday,March,Spring
10/15/2021,6,7,1575,Wind,288,Friday,October,Fall
2/7/2025,15,16,10457,Wind,38,Friday,February,Winter
10/10/2025,18,19,3559,Wind,283,Friday,October,Fall
6/22/2023,15,16,9514,Wind,173,Thursday,June,Summer
2/24/2022,22,23,7938,Wind,55,Thursday,February,Winter
1/15/2025,16,17,3431,Wind,15,Wednesday,January,Winter
7/28/2021,4,5,3354,Wind,209,Wednesday,July,Summer
5/5/2025,15,16,15064,Wind,125,Monday,May,Spring
2/12/2023,21,22,4192,Wind,43,Sunday,February,Winter
10/5/2021,8,9,10165,Wind,278,Tuesday,October,Fall
7/16/2022,19,20,4533,Wind,197,Saturday,July,Summer
5/2/2023,16,17,8967,Solar,122,Tuesday,May,Spring
5/22/2021,9,10,12712,Wind,142,Saturday,May,Spring
4/14/2025,6,7,479,Wind,104,Monday,April,Spring
8/19/2022,11,12,6190,Solar,231,Friday,August,Summer
11/12/2020,8,9,5261,Wind,317,Thursday,November,Fall
6/5/2020,2,3,3265,Wind,157,Friday,June,Summer
8/10/2021,5,6,1248,Wind,222,Tuesday,August,Summer
2/15/2023,0,1,4757,Wind,46,Wednesday,February,Winter
7/26/2021,11,12,5093,Solar,207,Monday,July,Summer
2/6/2022,10,11,17304,Wind,37,Sunday,February,Winter
12/20/2020,19,20,5429,Wind,355,Sunday,December,Winter
5/29/2024,13,14,11498,Wind,150,Wednesday,May,Spring
3/14/2023,19,20,6322,Wind,73,Tuesday,March,Spring
3/17/2023,18,19,6610,Wind,76,Friday,March,Spring
8/8/2020,5,6,1149,Wind,221,Saturday,August,Summer
5/2/2021,2,3,2502,Wind,122,Sunday,May,Spring
1/21/2021,16,17,11579,Wind,21,Thursday,January,Winter
7/4/2020,2,3,3974,Wind,186,Saturday,July,Summer
8/7/2020,14,15,4514,Solar,220,Friday,August,Summer
4/1/2020,21,22,3851,Wind,92,Wednesday,April,Spring
9/15/2022,6,7,1567,Wind,258,Thursday,September,Fall
2/16/2023,10,11,7146,Wind,47,Thursday,February,Winter
5/18/2024,0,1,677,Wind,139,Saturday,May,Spring
12/30/2020,6,7,2807,Wind,365,Wednesday,December,Winter
4/28/2024,12,13,8476,Wind,119,Sunday,April,Spring
3/23/2021,15,16,3997,Solar,82,Tuesday,March,Spring
11/26/2023,1,2,2638,Wind,330,Sunday,November,Fall
4/25/2023,21,22,2248,Wind,115,Tuesday,April,Spring
8/24/2021,11,12,9610,Wind,236,Tuesday,August,Summer
1/27/2025,21,22,17504,Wind,27,Monday,January,Winter
1/3/2025,15,16,4264,Wind,3,Friday,January,Winter
7/3/2022,23,0,3250,Wind,184,Sunday,July,Summer
4/27/2022,18,19,7424,Wind,117,Wednesday,April,Spring
10/17/2022,20,21,1731,Wind,290,Monday,October,Fall
12/24/2024,20,21,2733,Wind,359,Tuesday,December,Winter
7/5/2025,7,8,3504,Wind,186,Saturday,July,Summer
3/24/2024,12,13,17542,Wind,84,Sunday,March,Spring
3/5/2021,9,10,5969,Wind,64,Friday,March,Spring
4/18/2023,0,1,7377,Wind,108,Tuesday,April,Spring
2/20/2020,14,15,13570,Wind,51,Thursday,February,Winter
4/22/2023,21,22,4685,Wind,112,Saturday,April,Spring
6/30/2021,22,23,1138,Wind,181,Wednesday,June,Summer
9/15/2023,5,6,2859,Wind,258,Friday,September,Fall
6/27/2021,19,20,1928,Wind,178,Sunday,June,Summer
12/18/2023,6,7,1983,Wind,352,Monday,December,Winter
1/3/2025,4,5,2458,Wind,3,Friday,January,Winter
10/11/2025,2,3,3113,Wind,284,Saturday,October,Fall
9/17/2022,16,17,10338,Wind,260,Saturday,September,Fall
10/19/2020,14,15,7098,Wind,293,Monday,October,Fall
10/10/2024,7,8,7668,Wind,284,Thursday,October,Fall
4/26/2022,5,6,2225,Wind,116,Tuesday,April,Spring
5/8/2023,14,15,6648,Solar,128,Monday,May,Spring
11/11/2021,17,18,380,Wind,315,Thursday,November,Fall
11/23/2023,20,21,8437,Wind,327,Thursday,November,Fall
4/27/2025,17,18,5174,Solar,117,Sunday,April,Spring
9/27/2025,21,22,2138,Wind,270,Saturday,September,Fall
10/4/2023,18,19,2050,Wind,277,Wednesday,October,Fall
4/3/2022,6,7,4104,Wind,93,Sunday,April,Spring
8/25/2020,1,2,723,Wind,238,Tuesday,August,Summer
7/17/2022,23,0,4351,Wind,198,Sunday,July,Summer
10/3/2025,13,14,11301,Wind,276,Friday,October,Fall
8/6/2021,11,12,11666,Wind,218,Friday,August,Summer
5/14/2021,10,11,6084,Wind,134,Friday,May,Spring
4/22/2024,15,16,11441,Wind,113,Monday,April,Spring
9/12/2021,3,4,833,Wind,255,Sunday,September,Fall
5/21/2025,12,13,9175,Solar,141,Wednesday,May,Spring
9/21/2020,15,16,2049,Solar,265,Monday,September,Fall
2/7/2021,20,21,3072,Wind,38,Sunday,February,Winter
8/27/2022,18,19,4302,Solar,239,Saturday,August,Summer
11/4/2022,8,9,6595,Wind,308,Friday,November,Fall
9/18/2022,21,22,4391,Wind,261,Sunday,September,Fall
6/18/2022,10,11,5292,Solar,169,Saturday,June,Summer
10/22/2021,3,4,2015,Wind,295,Friday,October,Fall
4/29/2020,12,13,9416,Wind,120,Wednesday,April,Spring
2/13/2023,3,4,3717,Wind,44,Monday,February,Winter
5/7/2022,18,19,5564,Wind,127,Saturday,May,Spring
7/4/2021,6,7,932,Wind,185,Sunday,July,Summer
1/15/2023,4,5,11169,Wind,15,Sunday,January,Winter
2/16/2023,18,19,6891,Wind,47,Thursday,February,Winter
8/5/2024,6,7,776,Wind,218,Monday,August,Summer
5/16/2021,1,2,5170,Wind,136,Sunday,May,Spring
3/8/2023,10,11,15041,Wind,67,Wednesday,March,Spring
10/30/2020,13,14,7334,Wind,304,Friday,October,Fall
4/26/2021,10,11,7918,Wind,116,Monday,April,Spring
7/7/2025,6,7,5004,Wind,188,Monday,July,Summer
8/24/2021,9,10,6030,Wind,236,Tuesday,August,Summer
4/1/2022,0,1,10193,Wind,91,Friday,April,Spring
8/21/2024,23,0,1351,Wind,234,Wednesday,August,Summer
1/19/2024,22,23,3386,Wind,19,Friday,January,Winter
5/24/2021,12,13,12352,Wind,144,Monday,May,Spring
5/18/2021,1,2,5826,Wind,138,Tuesday,May,Spring
11/4/2023,14,15,17543,Wind,308,Saturday,November,Fall
7/14/2024,9,10,2112,Solar,196,Sunday,July,Summer
3/10/2022,9,10,5077,Wind,69,Thursday,March,Spring
3/10/2024,1,2,3791,Wind,70,Sunday,March,Spring
2/28/2021,23,0,6317,Wind,59,Sunday,February,Winter
4/23/2025,0,1,4602,Wind,113,Wednesday,April,Spring
6/16/2025,8,9,4345,Solar,167,Monday,June,Summer
3/26/2021,7,8,4671,Wind,85,Friday,March,Spring
8/3/2022,7,8,1048,Wind,215,Wednesday,August,Summer
11/1/2023,7,8,12440,Wind,305,Wednesday,November,Fall
11/21/2022,12,13,10615,Wind,325,Monday,November,Fall
9/23/2020,21,22,7077,Wind,267,Wednesday,September,Fall
7/21/2021,9,10,2455,Solar,202,Wednesday,July,Summer
5/25/2025,23,0,7409,Wind,145,Sunday,May,Spring
1/20/2020,18,19,5481,Wind,20,Monday,January,Winter
7/16/2020,23,0,1793,Wind,198,Thursday,July,Summer
4/11/2025,3,4,4126,Wind,101,Friday,April,Spring
7/30/2023,2,3,5343,Wind,211,Sunday,July,Summer
12/19/2022,23,0,13567,Wind,353,Monday,December,Winter
12/4/2024,2,3,1630,Wind,339,Wednesday,December,Winter
6/10/2022,11,12,7582,Solar,161,Friday,June,Summer
11/17/2021,9,10,2394,Wind,321,Wednesday,November,Fall
4/24/2022,3,4,2963,Wind,114,Sunday,April,Spring
5/28/2023,0,1,5726,Wind,148,Sunday,May,Spring
1/24/2025,10,11,19742,Wind,24,Friday,January,Winter
6/8/2023,11,12,8461,Solar,159,Thursday,June,Summer
11/19/2024,7,8,18100,Wind,324,Tuesday,November,Fall
7/10/2022,5,6,4280,Wind,191,Sunday,July,Summer
5/15/2022,7,8,4614,Wind,135,Sunday,May,Spring
9/28/2022,9,10,4568,Wind,271,Wednesday,September,Fall
2/17/2021,12,13,11639,Wind,48,Wednesday,February,Winter
10/9/2024,12,13,12368,Wind,283,Wednesday,October,Fall
6/4/2025,14,15,8787,Solar,155,Wednesday,June,Summer
11/4/2020,11,12,3051,Solar,309,Wednesday,November,Fall
2/26/2022,8,9,5296,Wind,57,Saturday,February,Winter
3/17/2024,12,13,8354,Solar,77,Sunday,March,Spring
2/15/2023,14,15,5873,Solar,46,Wednesday,February,Winter
7/31/2020,8,9,3969,Wind,213,Friday,July,Summer
4/15/2022,9,10,3210,Solar,105,Friday,April,Spring
12/12/2020,5,6,4914,Wind,347,Saturday,December,Winter
9/2/2022,8,9,2497,Wind,245,Friday,September,Fall
3/16/2020,7,8,3407,Wind,76,Monday,March,Spring
11/21/2024,15,16,9569,Wind,326,Thursday,November,Fall
8/7/2021,3,4,3328,Wind,219,Saturday,August,Summer
2/28/2025,12,13,10622,Solar,59,Friday,February,Winter
4/23/2022,3,4,5891,Wind,113,Saturday,April,Spring
1/7/2025,4,5,14713,Wind,7,Tuesday,January,Winter
10/25/2021,23,0,3138,Wind,298,Monday,October,Fall
11/7/2021,1,2,6691,Wind,311,Sunday,November,Fall
2/4/2021,19,20,3434,Wind,35,Thursday,February,Winter
2/22/2020,4,5,8062,Wind,53,Saturday,February,Winter
10/23/2024,23,0,6864,Wind,297,Wednesday,October,Fall
8/17/2023,0,1,2496,Wind,229,Thursday,August,Summer
3/2/2025,13,14,12215,Solar,61,Sunday,March,Spring
2/5/2023,0,1,3594,Wind,36,Sunday,February,Winter
2/7/2024,7,8,17057,Wind,38,Wednesday,February,Winter
6/20/2023,13,14,7992,Solar,171,Tuesday,June,Summer
1/13/2020,4,5,2614,Wind,13,Monday,January,Winter
9/22/2024,2,3,4342,Wind,266,Sunday,September,Fall
8/27/2025,23,0,2306,Wind,239,Wednesday,August,Summer
11/9/2024,22,23,654,Wind,314,Saturday,November,Fall
1/28/2021,5,6,10801,Wind,28,Thursday,January,Winter
11/8/2024,4,5,2745,Wind,313,Friday,November,Fall
6/27/2024,9,10,4237,Solar,179,Thursday,June,Summer
2/5/2025,15,16,5425,Solar,36,Wednesday,February,Winter
2/24/2025,20,21,6233,Wind,55,Monday,February,Winter
8/9/2022,14,15,10463,Solar,221,Tuesday,August,Summer
8/6/2020,0,1,1316,Wind,219,Thursday,August,Summer
12/20/2022,16,17,8489,Wind,354,Tuesday,December,Winter
5/6/2022,13,14,6950,Solar,126,Friday,May,Spring
5/23/2025,2,3,3630,Wind,143,Friday,May,Spring
1/29/2022,19,20,9050,Wind,29,Saturday,January,Winter
1/8/2023,4,5,11271,Wind,8,Sunday,January,Winter
12/7/2024,7,8,18470,Wind,342,Saturday,December,Winter
1/16/2020,7,8,5457,Wind,16,Thursday,January,Winter
6/8/2022,17,18,10342,Wind,159,Wednesday,June,Summer
5/20/2021,14,15,11590,Wind,140,Thursday,May,Spring
7/25/2021,8,9,3518,Wind,206,Sunday,July,Summer
5/7/2020,15,16,4042,Solar,128,Thursday,May,Spring
3/26/2021,18,19,8689,Wind,85,Friday,March,Spring
6/27/2023,1,2,3541,Wind,178,Tuesday,June,Summer
10/24/2024,1,2,6617,Wind,298,Thursday,October,Fall
8/24/2020,15,16,6376,Solar,237,Monday,August,Summer
10/23/2021,1,2,1627,Wind,296,Saturday,October,Fall
4/4/2020,23,0,6994,Wind,95,Saturday,April,Spring
2/2/2023,22,23,6620,Wind,33,Thursday,February,Winter
11/16/2022,4,5,8639,Wind,320,Wednesday,November,Fall
9/10/2020,6,7,1588,Wind,254,Thursday,September,Fall
3/9/2022,19,20,5409,Wind,68,Wednesday,March,Spring
7/23/2025,4,5,981,Wind,204,Wednesday,July,Summer
3/10/2022,15,16,6480,Wind,69,Thursday,March,Spring
12/4/2021,21,22,11148,Wind,338,Saturday,December,Winter
9/2/2024,4,5,1417,Wind,246,Monday,September,Fall
8/5/2025,7,8,4930,Wind,217,Tuesday,August,Summer
2/19/2024,4,5,3561,Wind,50,Monday,February,Winter
9/23/2025,20,21,7015,Wind,266,Tuesday,September,Fall
3/17/2025,5,6,5480,Wind,76,Monday,March,Spring
12/12/2020,0,1,6148,Wind,347,Saturday,December,Winter
6/2/2022,11,12,6196,Solar,153,Thursday,June,Summer
8/11/2024,20,21,4609,Wind,224,Sunday,August,Summer
7/27/2021,17,18,6091,Wind,208,Tuesday,July,Summer
10/1/2022,18,19,9643,Wind,274,Saturday,October,Fall
12/12/2023,20,21,12126,Wind,346,Tuesday,December,Winter
3/17/2020,6,7,985,Wind,77,Tuesday,March,Spring
6/5/2024,21,22,2061,Wind,157,Wednesday,June,Summer
6/20/2021,5,6,3261,Wind,171,Sunday,June,Summer
10/31/2025,3,4,9983,Wind,304,Friday,October,Fall
1/3/2024,22,23,16866,Wind,3,Wednesday,January,Winter
4/25/2021,2,3,8382,Wind,115,Sunday,April,Spring
1/23/2024,10,11,10479,Wind,23,Tuesday,January,Winter
6/12/2023,5,6,1553,Wind,163,Monday,June,Summer
2/19/2022,1,2,11830,Wind,50,Saturday,February,Winter
1/29/2020,7,8,7825,Wind,29,Wednesday,January,Winter
12/20/2020,18,19,5033,Wind,355,Sunday,December,Winter
6/2/2020,15,16,3567,Solar,154,Tuesday,June,Summer
5/28/2024,8,9,6596,Wind,149,Tuesday,May,Spring
1/30/2023,9,10,7712,Wind,30,Monday,January,Winter
5/4/2020,18,19,4761,Wind,125,Monday,May,Spring
11/1/2021,12,13,12570,Wind,305,Monday,November,Fall
3/26/2020,17,18,6738,Wind,86,Thursday,March,Spring
3/20/2022,11,12,5199,Solar,79,Sunday,March,Spring
11/9/2021,18,19,1386,Wind,313,Tuesday,November,Fall
6/2/2020,6,7,1579,Wind,154,Tuesday,June,Summer
3/14/2021,6,7,10061,Wind,73,Sunday,March,Spring
4/2/2024,17,18,14399,Wind,93,Tuesday,April,Spring
4/4/2025,10,11,8357,Solar,94,Friday,April,Spring
1/17/2023,7,8,2989,Wind,17,Tuesday,January,Winter
1/12/2023,8,9,16345,Wind,12,Thursday,January,Winter
9/22/2022,4,5,2032,Wind,265,Thursday,September,Fall
5/2/2020,7,8,4238,Wind,123,Saturday,May,Spring
9/26/2024,2,3,12285,Wind,270,Thursday,September,Fall
8/15/2024,16,17,9170,Solar,228,Thursday,August,Summer
12/19/2024,23,0,10852,Wind,354,Thursday,December,Winter
8/4/2025,21,22,4350,Wind,216,Monday,August,Summer
8/27/2023,20,21,4122,Wind,239,Sunday,August,Summer
5/25/2023,10,11,12510,Wind,145,Thursday,May,Spring
12/12/2020,2,3,5549,Wind,347,Saturday,December,Winter
9/11/2023,7,8,1487,Wind,254,Monday,September,Fall
2/29/2024,15,16,11785,Wind,60,Thursday,February,Winter
2/18/2025,17,18,7911,Wind,49,Tuesday,February,Winter
8/11/2020,6,7,789,Wind,224,Tuesday,August,Summer
7/12/2021,21,22,3009,Wind,193,Monday,July,Summer
12/10/2022,9,10,2001,Wind,344,Saturday,December,Winter
9/8/2022,1,2,3781,Wind,251,Thursday,September,Fall
4/13/2024,1,2,2145,Wind,104,Saturday,April,Spring
5/19/2022,11,12,8552,Wind,139,Thursday,May,Spring
5/15/2024,1,2,3240,Wind,136,Wednesday,May,Spring
1/4/2024,0,1,15949,Wind,4,Thursday,January,Winter
3/16/2024,4,5,7152,Wind,76,Saturday,March,Spring
4/17/2024,2,3,5485,Wind,108,Wednesday,April,Spring
10/10/2023,23,0,2350,Wind,283,Tuesday,October,Fall
7/20/2021,17,18,5061,Solar,201,Tuesday,July,Summer
6/28/2024,19,20,2931,Solar,180,Friday,June,Summer
10/17/2022,4,5,8371,Wind,290,Monday,October,Fall
5/4/2024,16,17,7097,Wind,125,Saturday,May,Spring
11/23/2022,16,17,11998,Wind,327,Wednesday,November,Fall
7/25/2024,14,15,10189,Solar,207,Thursday,July,Summer
11/22/2023,0,1,7046,Wind,326,Wednesday,November,Fall
5/23/2023,13,14,11450,Wind,143,Tuesday,May,Spring
10/17/2024,14,15,3422,Wind,291,Thursday,October,Fall
6/18/2020,15,16,5327,Solar,170,Thursday,June,Summer
9/16/2020,19,20,4286,Wind,260,Wednesday,September,Fall
9/1/2024,10,11,5454,Solar,245,Sunday,September,Fall
11/29/2022,1,2,2348,Wind,333,Tuesday,November,Fall
7/31/2022,0,1,2172,Wind,212,Sunday,July,Summer
11/11/2022,22,23,4710,Wind,315,Friday,November,Fall
10/24/2024,13,14,8418,Solar,298,Thursday,October,Fall
9/9/2025,1,2,2328,Wind,252,Tuesday,September,Fall
6/3/2022,10,11,3195,Solar,154,Friday,June,Summer
4/11/2020,12,13,4030,Solar,102,Saturday,April,Spring
3/28/2025,6,7,2900,Wind,87,Friday,March,Spring
9/24/2024,1,2,5173,Wind,268,Tuesday,September,Fall
5/29/2021,8,9,2818,Wind,149,Saturday,May,Spring
12/13/2020,17,18,8724,Wind,348,Sunday,December,Winter
12/21/2024,15,16,16264,Wind,356,Saturday,December,Winter
1/30/2021,9,10,7466,Wind,30,Saturday,January,Winter
4/28/2023,19,20,4416,Wind,118,Friday,April,Spring
2/22/2023,8,9,3681,Wind,53,Wednesday,February,Winter
7/4/2024,2,3,4917,Wind,186,Thursday,July,Summer
8/17/2023,22,23,3285,Wind,229,Thursday,August,Summer
3/1/2025,6,7,6964,Wind,60,Saturday,March,Spring
4/5/2021,17,18,11176,Wind,95,Monday,April,Spring
4/24/2025,3,4,2874,Wind,114,Thursday,April,Spring
1/1/2023,11,12,11352,Wind,1,Sunday,January,Winter
9/21/2024,18,19,3706,Wind,265,Saturday,September,Fall
2/6/2022,8,9,15231,Wind,37,Sunday,February,Winter
6/22/2023,12,13,8029,Wind,173,Thursday,June,Summer
6/19/2022,23,0,6609,Wind,170,Sunday,June,Summer
12/29/2022,7,8,14628,Wind,363,Thursday,December,Winter
10/8/2021,16,17,7401,Wind,281,Friday,October,Fall
3/3/2021,15,16,2297,Solar,62,Wednesday,March,Spring
8/25/2022,9,10,4102,Solar,237,Thursday,August,Summer
11/2/2023,12,13,15749,Wind,306,Thursday,November,Fall
4/28/2023,15,16,11332,Wind,118,Friday,April,Spring
3/19/2024,8,9,2995,Solar,79,Tuesday,March,Spring
10/18/2025,2,3,5298,Wind,291,Saturday,October,Fall
9/9/2025,18,19,3952,Wind,252,Tuesday,September,Fall
2/26/2020,6,7,10052,Wind,57,Wednesday,February,Winter
8/2/2023,3,4,11426,Wind,214,Wednesday,August,Summer
1/27/2024,4,5,2168,Wind,27,Saturday,January,Winter
12/29/2022,9,10,14107,Wind,363,Thursday,December,Winter
8/31/2024,5,6,4126,Wind,244,Saturday,August,Summer
1/12/2025,4,5,2882,Wind,12,Sunday,January,Winter
10/10/2021,12,13,5083,Solar,283,Sunday,October,Fall
3/6/2025,12,13,15080,Solar,65,Thursday,March,Spring
9/27/2023,20,21,6093,Wind,270,Wednesday,September,Fall
3/21/2022,6,7,4047,Wind,80,Monday,March,Spring
7/25/2022,14,15,13252,Wind,206,Monday,July,Summer
1/7/2020,20,21,5559,Wind,7,Tuesday,January,Winter
6/19/2025,12,13,5699,Solar,170,Thursday,June,Summer
10/2/2023,22,23,9165,Wind,275,Monday,October,Fall
10/22/2025,6,7,4199,Wind,295,Wednesday,October,Fall
8/20/2020,1,2,4652,Wind,233,Thursday,August,Summer
1/5/2023,8,9,6315,Wind,5,Thursday,January,Winter
4/15/2021,8,9,4765,Wind,105,Thursday,April,Spring
4/3/2023,6,7,5730,Wind,93,Monday,April,Spring
7/28/2022,16,17,4699,Solar,209,Thursday,July,Summer
3/16/2022,22,23,4803,Wind,75,Wednesday,March,Spring
2/11/2024,23,0,5948,Wind,42,Sunday,February,Winter
4/18/2022,10,11,4102,Solar,108,Monday,April,Spring
8/20/2020,0,1,4778,Wind,233,Thursday,August,Summer
5/30/2021,18,19,5283,Wind,150,Sunday,May,Spring
2/3/2024,0,1,5398,Wind,34,Saturday,February,Winter
2/2/2022,12,13,7343,Wind,33,Wednesday,February,Winter
8/11/2022,16,17,7985,Solar,223,Thursday,August,Summer
3/2/2020,0,1,8237,Wind,62,Monday,March,Spring
7/20/2020,12,13,6001,Solar,202,Monday,July,Summer
2/25/2025,6,7,5499,Wind,56,Tuesday,February,Winter
9/27/2023,9,10,4720,Solar,270,Wednesday,September,Fall
1/28/2021,7,8,13384,Wind,28,Thursday,January,Winter
4/11/2021,9,10,6470,Wind,101,Sunday,April,Spring
1/4/2023,13,14,17387,Wind,4,Wednesday,January,Winter
5/22/2023,7,8,2460,Wind,142,Monday,May,Spring
6/1/2020,23,0,2810,Wind,153,Monday,June,Summer
1/12/2025,7,8,3280,Wind,12,Sunday,January,Winter
12/28/2020,14,15,9585,Wind,363,Monday,December,Winter
3/26/2024,11,12,5113,Wind,86,Tuesday,March,Spring
5/5/2021,3,4,6830,Wind,125,Wednesday,May,Spring
2/3/2022,8,9,3193,Wind,34,Thursday,February,Winter
11/15/2022,23,0,8025,Wind,319,Tuesday,November,Fall
1/13/2025,17,18,3745,Wind,13,Monday,January,Winter
10/29/2021,11,12,12826,Wind,302,Friday,October,Fall
2/20/2020,21,22,9235,Wind,51,Thursday,February,Winter
9/11/2020,20,21,978,Wind,255,Friday,September,Fall
4/20/2022,13,14,6149,Wind,110,Wednesday,April,Spring
2/26/2021,9,10,3431,Wind,57,Friday,February,Winter
3/21/2023,2,3,3815,Wind,80,Tuesday,March,Spring
8/24/2022,6,7,918,Wind,236,Wednesday,August,Summer
3/4/2023,3,4,4696,Wind,63,Saturday,March,Spring
7/12/2025,6,7,3675,Wind,193,Saturday,July,Summer
8/8/2021,8,9,5143,Wind,220,Sunday,August,Summer
3/26/2020,11,12,9436,Wind,86,Thursday,March,Spring
4/14/2023,18,19,9132,Wind,104,Friday,April,Spring
2/24/2022,2,3,4044,Wind,55,Thursday,February,Winter
1/19/2020,21,22,7199,Wind,19,Sunday,January,Winter
9/28/2025,18,19,1930,Wind,271,Sunday,September,Fall
7/25/2025,20,21,3699,Wind,206,Friday,July,Summer
9/21/2022,15,16,7231,Solar,264,Wednesday,September,Fall
3/27/2023,21,22,2171,Wind,86,Monday,March,Spring
1/10/2022,17,18,1854,Wind,10,Monday,January,Winter
6/15/2025,11,12,3323,Solar,166,Sunday,June,Summer
9/27/2025,19,20,988,Wind,270,Saturday,September,Fall
6/5/2024,16,17,5467,Solar,157,Wednesday,June,Summer
1/31/2022,12,13,16588,Wind,31,Monday,January,Winter
5/10/2025,15,16,6026,Solar,130,Saturday,May,Spring
11/9/2020,12,13,3129,Solar,314,Monday,November,Fall
12/8/2024,9,10,17595,Wind,343,Sunday,December,Winter
3/4/2021,10,11,2510,Solar,63,Thursday,March,Spring
7/10/2020,6,7,2854,Wind,192,Friday,July,Summer
3/12/2025,15,16,3819,Solar,71,Wednesday,March,Spring
9/1/2023,18,19,3528,Solar,244,Friday,September,Fall
1/12/2024,7,8,6614,Wind,12,Friday,January,Winter
7/14/2023,10,11,9021,Solar,195,Friday,July,Summer
11/29/2020,14,15,3884,Wind,334,Sunday,November,Fall
11/3/2023,20,21,11587,Wind,307,Friday,November,Fall
7/15/2024,2,3,806,Wind,197,Monday,July,Summer
1/13/2021,21,22,10124,Wind,13,Wednesday,January,Winter
5/5/2021,19,20,7103,Wind,125,Wednesday,May,Spring
3/21/2023,21,22,6853,Wind,80,Tuesday,March,Spring
7/3/2024,16,17,12507,Wind,185,Wednesday,July,Summer
7/11/2025,2,3,4561,Wind,192,Friday,July,Summer
7/30/2021,10,11,7443,Wind,211,Friday,July,Summer
4/6/2022,8,9,5703,Wind,96,Wednesday,April,Spring
11/9/2025,10,11,6137,Solar,313,Sunday,November,Fall
2/8/2024,9,10,14578,Wind,39,Thursday,February,Winter
5/6/2021,23,0,2774,Wind,126,Thursday,May,Spring
10/23/2021,9,10,2533,Wind,296,Saturday,October,Fall
10/7/2022,23,0,2893,Wind,280,Friday,October,Fall
2/2/2024,20,21,7591,Wind,33,Friday,February,Winter
12/13/2022,18,19,3271,Wind,347,Tuesday,December,Winter
5/28/2022,23,0,6736,Wind,148,Saturday,May,Spring
4/8/2023,15,16,8121,Solar,98,Saturday,April,Spring
6/5/2024,3,4,2600,Wind,157,Wednesday,June,Summer
3/26/2025,8,9,4117,Wind,85,Wednesday,March,Spring
8/27/2024,7,8,4362,Wind,240,Tuesday,August,Summer
3/22/2020,5,6,8012,Wind,82,Sunday,March,Spring
4/26/2022,22,23,5243,Wind,116,Tuesday,April,Spring
5/19/2023,15,16,10001,Wind,139,Friday,May,Spring
1/24/2022,3,4,2969,Wind,24,Monday,January,Winter
2/1/2022,8,9,7682,Wind,32,Tuesday,February,Winter
12/16/2024,4,5,7471,Wind,351,Monday,December,Winter
12/16/2023,11,12,5289,Solar,350,Saturday,December,Winter
10/29/2023,17,18,13201,Wind,302,Sunday,October,Fall
1/6/2022,20,21,6842,Wind,6,Thursday,January,Winter
4/6/2022,15,16,13079,Wind,96,Wednesday,April,Spring
6/16/2023,22,23,1185,Wind,167,Friday,June,Summer
10/26/2021,1,2,3058,Wind,299,Tuesday,October,Fall
11/26/2025,13,14,6697,Solar,330,Wednesday,November,Fall
12/8/2022,12,13,2588,Wind,342,Thursday,December,Winter
1/25/2021,7,8,5382,Wind,25,Monday,January,Winter
3/30/2020,18,19,11078,Wind,90,Monday,March,Spring
12/8/2023,12,13,5928,Wind,342,Friday,December,Winter
9/3/2022,7,8,1564,Wind,246,Saturday,September,Fall
5/13/2024,2,3,2486,Wind,134,Monday,May,Spring
7/17/2024,6,7,1311,Wind,199,Wednesday,July,Summer
8/1/2021,14,15,6936,Solar,213,Sunday,August,Summer
7/25/2024,7,8,1757,Wind,207,Thursday,July,Summer
4/30/2021,16,17,2380,Solar,120,Friday,April,Spring
8/23/2025,17,18,7139,Solar,235,Saturday,August,Summer
10/12/2021,21,22,3745,Wind,285,Tuesday,October,Fall
12/29/2020,2,3,6417,Wind,364,Tuesday,December,Winter
1/6/2023,1,2,7136,Wind,6,Friday,January,Winter
4/18/2025,14,15,7510,Solar,108,Friday,April,Spring
10/27/2021,15,16,5169,Solar,300,Wednesday,October,Fall
12/9/2023,0,1,8230,Wind,343,Saturday,December,Winter
12/21/2024,0,1,11974,Wind,356,Saturday,December,Winter
1/5/2025,8,9,17589,Wind,5,Sunday,January,Winter
10/6/2021,22,23,2961,Wind,279,Wednesday,October,Fall
1/16/2024,13,14,3645,Solar,16,Tuesday,January,Winter
9/21/2022,0,1,2874,Wind,264,Wednesday,September,Fall
11/8/2024,5,6,2488,Wind,313,Friday,November,Fall
1/29/2021,9,10,14288,Wind,29,Friday,January,Winter
8/7/2021,1,2,2984,Wind,219,Saturday,August,Summer
7/23/2024,20,21,4481,Wind,205,Tuesday,July,Summer
6/27/2025,6,7,2148,Wind,178,Friday,June,Summer
10/9/2020,6,7,2199,Wind,283,Friday,October,Fall
8/15/2020,13,14,3858,Solar,228,Saturday,August,Summer
10/13/2024,19,20,846,Wind,287,Sunday,October,Fall
11/18/2021,0,1,1595,Wind,322,Thursday,November,Fall
4/29/2021,7,8,2584,Wind,119,Thursday,April,Spring
9/24/2024,19,20,4603,Wind,268,Tuesday,September,Fall
10/13/2020,15,16,6503,Wind,287,Tuesday,October,Fall
9/7/2025,2,3,6502,Wind,250,Sunday,September,Fall
3/28/2024,1,2,14376,Wind,88,Thursday,March,Spring
7/7/2020,20,21,2114,Wind,189,Tuesday,July,Summer
5/22/2020,17,18,6372,Wind,143,Friday,May,Spring
1/26/2023,10,11,5197,Wind,26,Thursday,January,Winter
4/25/2020,13,14,4085,Solar,116,Saturday,April,Spring
7/14/2024,10,11,2634,Solar,196,Sunday,July,Summer
12/11/2024,14,15,6865,Wind,346,Wednesday,December,Winter
10/20/2023,18,19,7162,Wind,293,Friday,October,Fall
7/31/2022,7,8,1873,Wind,212,Sunday,July,Summer
11/19/2020,22,23,4071,Wind,324,Thursday,November,Fall
5/13/2023,13,14,9897,Wind,133,Saturday,May,Spring
1/29/2024,17,18,5859,Wind,29,Monday,January,Winter
4/19/2024,14,15,18551,Wind,110,Friday,April,Spring
6/9/2020,16,17,5018,Wind,161,Tuesday,June,Summer
3/30/2025,21,22,6026,Wind,89,Sunday,March,Spring
7/4/2020,0,1,2880,Wind,186,Saturday,July,Summer
4/21/2023,12,13,7908,Solar,111,Friday,April,Spring
3/11/2025,9,10,5850,Wind,70,Tuesday,March,Spring
9/1/2021,21,22,7034,Wind,244,Wednesday,September,Fall
8/18/2025,5,6,5172,Wind,230,Monday,August,Summer
1/16/2022,11,12,5504,Wind,16,Sunday,January,Winter
4/8/2020,22,23,690,Wind,99,Wednesday,April,Spring
3/20/2024,8,9,4474,Wind,80,Wednesday,March,Spring
9/2/2021,8,9,6040,Wind,245,Thursday,September,Fall
6/6/2025,5,6,8130,Wind,157,Friday,June,Summer
4/5/2025,15,16,6317,Solar,95,Saturday,April,Spring
7/18/2021,5,6,4909,Wind,199,Sunday,July,Summer
5/30/2020,8,9,3028,Wind,151,Saturday,May,Spring
1/15/2023,2,3,9467,Wind,15,Sunday,January,Winter
9/8/2022,22,23,5397,Wind,251,Thursday,September,Fall
10/22/2025,20,21,10734,Wind,295,Wednesday,October,Fall
12/28/2021,14,15,15685,Wind,362,Tuesday,December,Winter
9/29/2024,22,23,10984,Wind,273,Sunday,September,Fall
6/14/2020,13,14,5704,Solar,166,Sunday,June,Summer
12/23/2021,10,11,9426,Wind,357,Thursday,December,Winter
3/18/2024,23,0,933,Wind,78,Monday,March,Spring
8/24/2023,15,16,13574,Wind,236,Thursday,August,Summer
10/29/2021,9,10,12500,Wind,302,Friday,October,Fall
6/16/2025,17,18,8507,Solar,167,Monday,June,Summer
10/7/2024,14,15,6327,Wind,281,Monday,October,Fall
8/25/2021,2,3,6018,Wind,237,Wednesday,August,Summer
3/3/2023,6,7,4375,Wind,62,Friday,March,Spring
7/22/2024,22,23,3692,Wind,204,Monday,July,Summer
8/12/2025,19,20,3451,Wind,224,Tuesday,August,Summer
4/18/2023,1,2,7360,Wind,108,Tuesday,April,Spring
3/25/2024,4,5,1955,Wind,85,Monday,March,Spring
1/17/2022,14,15,3473,Solar,17,Monday,January,Winter
5/5/2024,0,1,3218,Wind,126,Sunday,May,Spring
4/8/2023,21,22,3198,Wind,98,Saturday,April,Spring
8/1/2022,16,17,6020,Solar,213,Monday,August,Summer
3/5/2024,10,11,9324,Wind,65,Tuesday,March,Spring
6/2/2025,7,8,2418,Wind,153,Monday,June,Summer
11/4/2024,7,8,2712,Wind,309,Monday,November,Fall
8/11/2025,4,5,5798,Wind,223,Monday,August,Summer
12/25/2023,18,19,12549,Wind,359,Monday,December,Winter
4/13/2022,23,0,1056,Wind,103,Wednesday,April,Spring
10/13/2024,12,13,5958,Solar,287,Sunday,October,Fall
7/30/2023,19,20,8854,Wind,211,Sunday,July,Summer
9/14/2020,5,6,2506,Wind,258,Monday,September,Fall
11/14/2023,23,0,12183,Wind,318,Tuesday,November,Fall
8/25/2024,0,1,8078,Wind,238,Sunday,August,Summer
9/29/2025,7,8,1685,Wind,272,Monday,September,Fall
4/23/2024,22,23,4207,Wind,114,Tuesday,April,Spring
11/14/2022,6,7,3756,Wind,318,Monday,November,Fall
6/21/2025,5,6,3209,Wind,172,Saturday,June,Summer
1/2/2024,22,23,17304,Wind,2,Tuesday,January,Winter
4/29/2020,14,15,11037,Wind,120,Wednesday,April,Spring
1/4/2021,1,2,1985,Wind,4,Monday,January,Winter
10/26/2025,22,23,14963,Wind,299,Sunday,October,Fall
6/23/2024,8,9,3443,Solar,175,Sunday,June,Summer
12/4/2022,3,4,3339,Wind,338,Sunday,December,Winter
1/20/2022,5,6,3390,Wind,20,Thursday,January,Winter
6/21/2020,22,23,3262,Wind,173,Sunday,June,Summer
4/7/2024,3,4,9110,Wind,98,Sunday,April,Spring
5/21/2024,6,7,1742,Wind,142,Tuesday,May,Spring
3/8/2023,22,23,14517,Wind,67,Wednesday,March,Spring
8/26/2021,15,16,8587,Solar,238,Thursday,August,Summer
10/16/2025,1,2,4833,Wind,289,Thursday,October,Fall
11/6/2020,15,16,5205,Wind,311,Friday,November,Fall
10/20/2022,18,19,5532,Wind,293,Thursday,October,Fall
2/22/2025,16,17,8303,Wind,53,Saturday,February,Winter
11/8/2021,19,20,1830,Wind,312,Monday,November,Fall
4/16/2024,15,16,10661,Wind,107,Tuesday,April,Spring
4/7/2022,20,21,13977,Wind,97,Thursday,April,Spring
11/7/2023,18,19,8342,Wind,311,Tuesday,November,Fall
5/16/2020,23,0,4229,Wind,137,Saturday,May,Spring
12/8/2021,17,18,4609,Wind,342,Wednesday,December,Winter
4/27/2022,8,9,5412,Wind,117,Wednesday,April,Spring
1/31/2025,23,0,3781,Wind,31,Friday,January,Winter
12/26/2022,15,16,8297,Wind,360,Monday,December,Winter
5/15/2023,20,21,8937,Wind,135,Monday,May,Spring
2/22/2022,14,15,14800,Wind,53,Tuesday,February,Winter
6/3/2023,8,9,4876,Wind,154,Saturday,June,Summer
3/3/2021,19,20,854,Wind,62,Wednesday,March,Spring
6/18/2020,21,22,1799,Wind,170,Thursday,June,Summer
9/28/2024,16,17,7308,Solar,272,Saturday,September,Fall
6/13/2020,13,14,5636,Wind,165,Saturday,June,Summer
12/26/2024,7,8,2631,Wind,361,Thursday,December,Winter
7/28/2020,23,0,2945,Wind,210,Tuesday,July,Summer
9/12/2020,20,21,1281,Wind,256,Saturday,September,Fall
12/1/2023,4,5,1917,Wind,335,Friday,December,Winter
2/5/2021,5,6,1882,Wind,36,Friday,February,Winter
5/25/2024,21,22,1504,Wind,146,Saturday,May,Spring
2/8/2023,0,1,4023,Wind,39,Wednesday,February,Winter
